temperature,pressure,pressure_duration,spo2,fsr1,fsr2,vibration,risk_level,pressure_change,spo2_trend,temp_trend
34.276842716197464,499.6235316915618,38.19514275062526,97.94344935523273,625.195435885177,653.7625911480737,0,LOW,0.0,0.0,0.0
34.77524135457944,1779.9644030306897,14.488100650685675,97.89889782084406,1667.0010383800907,1897.8823176504825,0,MEDIUM,1280.340871339128,-0.044551534388673986,0.4983986383819783
34.03371047801374,2317.71804799924,165.32255010993964,98.30329222828642,2190.6582833872453,2632.9050566654873,1,MEDIUM,537.7536449685501,0.40439440744236776,-0.7415308765657045
34.70522259928224,0.0,56.68766021165337,99.46172063427963,-107.2099809246286,-13.843641726140348,0,LOW,-2317.71804799924,1.158428405993206,0.6715121212684991
33.871536992981696,1336.5791857739318,70.78824568253167,98.39089843520935,1474.0146317720667,1217.9284523928861,0,MEDIUM,1336.5791857739318,-1.0708221990702782,-0.8336856063005413
33.59201948419254,755.5410722355787,88.97349105082496,97.94865191547245,850.055798485652,778.1117575901719,0,MEDIUM,-581.0381135383532,-0.4422465197368979,-0.27951750878915504
34.055683087164844,1541.6619299246292,221.92234993411589,97.74091789741587,1440.1564604875168,1544.6427514207794,1,HIGH,786.1208576890506,-0.2077340180565841,0.4636636029723036
34.751718520672874,1731.1915809842685,84.32967506736902,98.09580866698553,1674.259891179103,2112.674154688587,0,MEDIUM,189.52965105963926,0.35489076956966414,0.6960354335080297
34.99519295933204,2742.5526825208312,148.88644081151344,96.80436959733996,2793.712794222038,2736.5687966548276,1,HIGH,1011.3611015365627,-1.2914390696455769,0.24347443865916318
34.13551312549249,1892.4099148844193,114.95117366711045,97.4645080211686,2061.6133097939523,1683.9116869196796,0,MEDIUM,-850.1427676364119,0.6601384238286414,-0.8596798338395502
34.48322578942531,1782.5093396485095,65.56987652866898,99.19792766370986,1639.0140028500696,1747.0782363054557,0,MEDIUM,-109.90057523590986,1.7334196425412642,0.34771266393282474
34.30910488903635,1813.264202077572,11.091364043631003,95.45532286085377,1731.8467042058596,1801.405611721592,0,MEDIUM,30.75486242906254,-3.7426048028560928,-0.17412090038896366
33.33482244136515,2696.4446937342086,89.08480918247146,96.40685705993181,2744.8338646737357,2590.7212997420606,0,HIGH,883.1804916566366,0.9515341990780399,-0.9742824476712002
34.05119321541196,1819.505027424986,274.5578644725175,97.31623623524513,1903.9776867681344,1541.6196737719324,1,HIGH,-876.9396663092225,0.9093791753133189,0.7163707740468155
34.2517088540022,2166.0477480349723,174.46509195294104,96.75820368586213,2128.0081531544693,2198.9305691856507,1,MEDIUM,346.5427206099862,-0.5580325493830003,0.20051563859023958
34.305238982854966,0.0,89.96019450770284,98.22303627077252,20.92858494936145,90.58294761020993,0,MEDIUM,-2166.0477480349723,1.464832584910397,0.053530128852763426
34.24227632386704,0.0,281.62571625034326,97.58860242459275,23.38037615094947,-0.27219873916718385,1,HIGH,0.0,-0.6344338461797747,-0.06296265898792797
34.82006348470502,1643.745601595147,288.1662358053968,100.0,1823.5265772215782,1532.888486592259,1,HIGH,1643.745601595147,2.41139757540725,0.5777871608379783
33.54225508592625,1830.8775432125403,283.16991402366233,96.46929711583107,1963.521923193331,1961.5675407078763,1,HIGH,187.1319416173933,-3.5307028841689316,-1.2778083987787667
34.060318540566364,1941.724849457086,280.72932129266724,98.50986777659706,1941.5801937771266,1825.977325620765,1,HIGH,110.84730624454573,2.0405706607659937,0.5180634546401137
33.68155810307504,3314.3326466990948,64.99843392276887,96.40960001967314,3242.4684920465534,3350.2873339626944,0,HIGH,1372.6077972420087,-2.1002677569239268,-0.37876043749132293
34.888835921104956,450.2983049068731,169.59669526706998,97.52817516007694,583.1382565322392,584.2190565311503,1,MEDIUM,-2864.0343417922218,1.1185751404038058,1.2072778180299153
33.7257293151422,682.7156980949635,89.04850869017844,96.9139091815238,614.2100069203533,564.012829386278,0,MEDIUM,232.4173931880904,-0.614265978553135,-1.1631066059627528
34.40551832242461,324.1756958913199,279.8926208615312,100.0,379.3426561983118,399.33540508949284,1,HIGH,-358.5400022036436,3.086090818476194,0.6797890072824089
34.526358431450056,788.0342674113634,261.5099516005986,99.6514356867956,940.7880521770489,965.3385288537332,1,HIGH,463.85857152004354,-0.34856431320440606,0.12084010902544406
34.61206768664058,1179.4259294944097,91.5534276175669,98.8456608442564,1318.8750064103097,1276.2847480513465,0,MEDIUM,391.3916620830463,-0.8057748425391935,0.08570925519052253
33.63772576194221,2833.5070805129453,82.67442591193829,94.81958846404662,3082.1563178247866,2968.148498900235,0,HIGH,1654.0811510185356,-4.026072380209783,-0.974341924698372
34.03537527895957,1432.7766484591878,63.398832560747465,97.47541165449651,1267.1097296042758,1489.9271307456793,0,MEDIUM,-1400.7304320537576,2.655823190449894,0.3976495170173635
33.26948254056192,1506.0451748814305,46.93830676460996,94.87538215800825,1378.34198985016,1597.0574132077138,0,MEDIUM,73.26852642224276,-2.6000294964882613,-0.7658927383976533
33.37466164816881,1489.953709007058,150.36611937057214,98.95409288490056,1476.8608400864139,1484.1490829756995,1,MEDIUM,-16.09146587437249,4.078710726892311,0.10517910760689375
34.301282465636504,0.0,162.29779975557523,98.71041292275534,232.64065484121772,391.5320780169085,1,MEDIUM,-1489.953709007058,-0.24367996214522236,0.9266208174676933
35.52712097020464,0.0,27.261400660022346,98.4673978393654,-70.84535143853913,102.23232720460719,0,LOW,0.0,-0.24301508338993472,1.225838504568138
35.080827270198654,1912.968034257669,26.397381246515195,95.06544522336934,1989.3335970998035,1964.3346109615582,0,MEDIUM,1912.968034257669,-3.4019526159960662,-0.4462937000059881
34.28669239757746,1927.4815179899313,159.35049425484922,97.87016708914558,1973.2598967703193,1800.1225382530188,1,MEDIUM,14.51348373226233,2.8047218657762443,-0.7941348726211928
33.75453351108481,1911.2503458685435,192.87720141823763,98.34593570669364,1859.4099064970897,2026.1582076621778,1,HIGH,-16.23117212138777,0.47576861754805577,-0.5321588864926525
33.80276951032075,615.6773641982761,107.56364380329431,97.77468352985585,391.98989676079077,639.2904515543573,0,MEDIUM,-1295.5729816702674,-0.5712521768377883,0.04823599923594202
34.66063665562449,491.4163363359547,91.89581908885683,100.0,565.5838459656364,402.73740665120323,0,MEDIUM,-124.26102786232138,2.2253164701441506,0.8578671453037359
34.16973173034127,0.0,259.6315714359103,99.59479391387329,84.31372760020398,265.47344127877676,1,HIGH,-491.4163363359547,-0.40520608612671083,-0.4909049252832176
34.708879695991506,725.423387124037,238.3475086985457,99.65167383748596,749.6328883497476,778.7108576448642,1,HIGH,725.423387124037,0.05687992361266936,0.5391479656502369
34.05317150300369,1700.1300450406695,186.16699390967807,96.91288901216332,1553.4513623188147,1781.3127919141293,1,HIGH,974.7066579166325,-2.7387848253226394,-0.6557081929878166
34.94964915952901,2598.451451039286,254.7243070624669,96.16900751662418,2441.4644260408586,2736.1806921839798,1,HIGH,898.3214059986165,-0.7438814955391422,0.8964776565253203
34.923082448066296,1996.0942543659182,222.56273605283582,95.46735257669661,2066.548451317958,2233.945302073696,1,HIGH,-602.3571966733678,-0.7016549399275647,-0.0265667114627135
34.10401273229907,2621.4181842611247,210.95251778498383,96.47983944018715,2525.48076304471,2721.9132515283272,1,HIGH,625.3239298952064,1.0124868634905368,-0.8190697157672275
33.961376540549196,57.69456041639437,240.1193690320541,97.67186023516103,160.84636293578643,226.74697905051286,1,HIGH,-2563.7236238447304,1.1920207949738852,-0.1426361917498724
33.85564156628343,3090.54323498767,299.00322822795425,97.71275608364459,3001.4939314322555,3195.148298676153,1,HIGH,3032.8486745712758,0.040895848483557984,-0.10573497426576495
33.81859733803695,1187.3784651865262,234.63853619658815,100.0,1078.4016213203427,1185.1907616835856,1,HIGH,-1903.1647698011438,2.2872439163554077,-0.03704422824647935
35.01257189890891,2819.1098258820366,188.90458190860173,98.35195130010823,2798.441585556883,2641.8916117101053,1,HIGH,1631.7313606955104,-1.648048699891774,1.1939745608719576
35.38899780127746,681.9863509339534,76.10913369658773,98.9063383255312,660.6939333434772,688.1613976268,0,MEDIUM,-2137.123474948083,0.5543870254229688,0.37642590236855256
34.0974410742977,684.0713724236163,275.1936068214278,100.0,799.2565409035145,666.4389802735226,1,HIGH,2.085021489662836,1.0936616744688052,-1.2915567269797634
34.240421223258124,2924.3122568505955,219.20703973411,95.85373841758327,2921.416145506153,2791.4685646156536,1,HIGH,2240.2408844269794,-4.146261582416727,0.14298014896042588
34.54219945350455,0.0,291.65332922876684,96.98957479537589,-98.22753062835307,-195.46569588867666,1,HIGH,-2924.3122568505955,1.1358363777926144,0.3017782302464269
33.85085562130133,969.7843508872407,103.24031536040512,99.0075383087869,913.0811593074538,824.0323664348415,0,MEDIUM,969.7843508872407,2.0179635134110185,-0.6913438322032235
35.402393122215706,1592.1373582293136,149.1958131775469,98.72326693207111,1491.9955286184122,1746.843537713802,1,MEDIUM,622.3530073420728,-0.28427137671579317,1.5515375009143781
33.58219423489258,462.5082482543451,10.11785841070644,98.14707516622063,536.3782027431304,426.1136467769238,0,LOW,-1129.6291099749685,-0.5761917658504814,-1.820198887323123
34.470268806895525,1780.2045102100383,123.5210331940587,95.0819282587168,1877.8959231291894,1886.242776635989,1,MEDIUM,1317.6962619556932,-3.0651469075038307,0.8880745720029424
34.31670538921301,2144.47944696523,289.59598664493296,100.0,2314.24020911145,2349.446744492871,1,HIGH,364.2749367551919,4.9180717412832,-0.1535634176825127
34.585998756612675,1282.2854338913178,53.223234494730676,96.63529754827161,1359.5674447348438,1269.314468525898,0,MEDIUM,-862.1940130739124,-3.364702451728391,0.26929336739966203
34.09530758502192,0.0,56.01557337957831,97.05977387476882,-77.91734983887532,-202.60311667359477,0,LOW,-1282.2854338913178,0.42447632649721356,-0.49069117159075404
33.846462975270946,494.4770933453565,258.98405377683315,98.92599553886379,385.8971700797282,364.8467698802715,1,HIGH,494.4770933453565,1.8662216640949651,-0.2488446097509751
34.572835003533875,1142.1851093882576,15.267200424029221,99.09113247640838,1345.1239451336837,1046.4160502106988,0,LOW,647.7080160429011,0.16513693754458814,0.7263720282629293
34.12446126862766,757.9958223049517,203.8717034840197,99.82700945721852,881.8730112989074,834.194952051398,1,HIGH,-384.1892870833059,0.7358769808101471,-0.44837373490621246
34.668282454374285,1677.9893947836756,28.726481050304418,98.19266737356244,1705.8066773441292,1593.9369636648414,0,MEDIUM,919.9935724787239,-1.6343420836560796,0.5438211857466229
35.01041124746369,1625.1113274494076,5.779054584470263,98.20366711587012,1467.719821468216,1510.3663747866035,0,MEDIUM,-52.87806733426805,0.010999742307674865,0.34212879308940813
35.25932943518143,437.1616598104954,255.0431848772028,100.0,382.0112813497626,559.611975338724,1,HIGH,-1187.9496676389122,1.7963328841298818,0.24891818771773444
34.89394546950383,162.81063664763664,228.5751531441447,97.65122046070341,213.7784299614272,273.008353637417,1,HIGH,-274.3510231628587,-2.3487795392965864,-0.36538396567760145
33.54387618921004,1677.5187198200376,65.39653322490494,97.74295456526391,1488.3375057663845,1800.9057355783884,0,MEDIUM,1514.708083172401,0.09173410456050135,-1.3500692802937877
33.1330274610273,612.5601075180124,274.18540749317157,97.3235061413241,557.6458538974213,714.8140744582663,1,HIGH,-1064.9586123020254,-0.4194484239398122,-0.4108487281827422
33.88564674961224,1318.6853749627703,154.14109817049484,98.19460577048257,1462.0807199886533,1354.0500218867658,1,MEDIUM,706.1252674447579,0.871099629158465,0.7526192885849454
33.486036300449484,1324.6772404992244,62.342933655697486,97.90876676791939,1208.5089359529359,1251.3948311513197,0,MEDIUM,5.991865536454043,-0.2858390025631792,-0.3996104491627577
33.7487429539067,1643.3461293895257,222.35602388434393,98.5929330555118,1847.502214837533,1784.5269729773593,1,HIGH,318.66888889030133,0.6841662875924186,0.2627066534572151
35.062507689011966,1558.280746339296,158.07702842280128,97.527736901618,1459.8133661960496,1631.0021105661622,1,MEDIUM,-85.06538305022968,-1.0651961538938082,1.3137647351052664
33.680533640427036,2072.2603381032422,129.9744018923268,97.57906112643633,1971.0232405365944,2130.847255514475,1,MEDIUM,513.9795917639462,0.05132422481833032,-1.3819740485849294
33.52076931089962,1633.5791733060548,29.111393588986225,95.57000018901198,1641.7290194237894,1781.010116549304,0,MEDIUM,-438.6811647971874,-2.0090609374243513,-0.1597643295274196
34.22948636640744,1414.207543279744,174.6175145837809,98.82730185092699,1191.9764858684875,1306.127210316397,1,MEDIUM,-219.37163002631087,3.257301661915008,0.7087170555078259
34.34959254729072,709.1134833365626,90.86978871995944,97.27306861268187,591.8117181635213,582.5134424079099,0,MEDIUM,-705.0940599431814,-1.5542332382451178,0.12010618088327618
35.49817726057336,976.5674307333778,137.07209607432623,98.50625821738947,860.0653797538449,1135.9984108522171,1,MEDIUM,267.45394739681524,1.2331896047076043,1.148584713282638
34.05347476269669,1634.330970380335,48.935330530704675,96.49289185607039,1601.2283718558926,1740.57115363552,0,MEDIUM,657.7635396469572,-2.013366361319086,-1.4447024978766692
34.91429397247359,2344.7994707883,285.59378491710254,98.17357497724963,2195.0872900552395,2580.8024458369623,1,HIGH,710.4685004079649,1.6806831211792428,0.8608192097768992
33.63249826169974,521.0022477561239,231.61717794497483,97.04855802428024,537.9819999149539,682.0547234688082,1,HIGH,-1823.7972230321761,-1.1250169529693892,-1.2817957107738494
34.118658068528845,2300.958544752826,226.95940947821856,95.59007384420475,2507.8522355061805,2055.2371115215656,1,HIGH,1779.9562969967023,-1.4584841800754873,0.4861598068291073
33.91160883279658,1375.1110850099253,103.90645631173584,97.54176011951827,1438.011458355224,1383.174224654856,0,MEDIUM,-925.8474597429008,1.95168627531352,-0.20704923573226353
35.01533163616311,826.7888101427568,173.0595744607607,99.22677727135031,682.5907763600079,763.8321928053418,1,MEDIUM,-548.3222748671685,1.6850171518320423,1.10372280336653
34.24454604263559,2401.400907773884,144.781816917465,97.11503723444007,2381.24175008234,2533.41482663912,1,MEDIUM,1574.612097631127,-2.1117400369102484,-0.7707855935275205
34.67099807204437,3003.9660994040523,156.91399387767243,95.69157390295283,2882.179997650481,2867.4284196366293,1,HIGH,602.5651916301686,-1.4234633314872411,0.4264520294087788
33.99431352232522,2320.957202417791,228.20614787001276,95.23936611947609,2424.333625165935,2301.4435548209904,1,HIGH,-683.0088969862613,-0.4522077834767373,-0.6766845497191483
33.96539528246635,2017.9572581082678,108.3267018867984,95.29693618058616,1933.4801583257588,2105.8115863040825,0,MEDIUM,-302.99994430952324,0.057570061110070014,-0.028918239858867878
35.435417954710616,1190.1843585874878,31.659114624765625,98.81043304118214,1118.034499454959,1277.417544649407,0,LOW,-827.7728995207799,3.5134968605959784,1.4700226722442622
34.606738554491756,1647.7816931431216,52.0472790823075,97.8254621681693,1644.5880536356285,1717.0888505989,0,MEDIUM,457.5973345556338,-0.9849708730128413,-0.82867940021886
32.9978003748858,518.6353246366237,228.56217030666238,98.46010476242593,467.8254427876791,414.4627786160691,1,HIGH,-1129.1463685064978,0.6346425942566327,-1.608938179605957
35.467180980128525,2680.159000686916,193.52250658505088,96.39758788673434,2697.28075361121,2774.1113608935225,1,HIGH,2161.523676050292,-2.0625168756915855,2.4693806052427263
34.68319336379644,1229.0950745514178,229.78382558823498,98.16500383710037,1185.4226389171836,1263.0099962967342,1,HIGH,-1451.0639261354981,1.7674159503660292,-0.7839876163320838
33.20080712776474,2140.347673271338,216.30678057015726,100.0,2132.7799280298063,1996.5340313722309,1,HIGH,911.2525987199201,1.8349961628996283,-1.4823862360317008
34.56877594952251,529.7224808757182,130.1115683908398,98.55436891620543,679.9078867413245,434.1875250655853,1,MEDIUM,-1610.6251923956197,-1.4456310837945665,1.3679688217577706
33.68240366730305,1436.5533719051964,44.296577659474224,98.76635387469511,1499.0896000823495,1341.0822535742686,0,MEDIUM,906.8308910294782,0.2119849584896798,-0.8863722822194617
33.502520416443296,1167.2076731277562,204.45881337756333,96.77011987140756,1139.7234682848425,1250.7823000717628,1,HIGH,-269.34569877744025,-1.9962340032875545,-0.17988325085975276
34.311997052838926,775.5643639047657,41.40957303450109,98.43905661043054,885.1695859771523,761.4428033066009,0,LOW,-391.6433092229904,1.668936739022982,0.8094766363956296
34.904868700395454,57.63880957983367,34.307003608650284,99.66809691814409,218.70182939071168,70.85782060210212,0,LOW,-717.925554324932,1.2290403077135466,0.5928716475565281
34.5304741147388,1613.7217379363399,39.06523492996548,98.45883628777591,1587.4149290036735,1719.542470949069,0,MEDIUM,1556.0829283565063,-1.2092606303681777,-0.3743945856566526
33.924103175178246,1890.3366199476366,17.41899204786664,97.91416662088065,1990.222700846294,1913.3303439503964,0,MEDIUM,276.6148820112967,-0.5446696668952598,-0.6063709395605557
33.52315454120598,1215.7476207217944,265.43630340794766,98.01852255229186,1231.3331328924714,1224.6894307855798,1,HIGH,-674.5889992258421,0.10435593141120592,-0.40094863397226277
34.56710859329098,2533.909673708903,144.69758960937384,97.79490616493099,2403.4650396164393,2540.4709923200867,1,HIGH,1318.1620529871086,-0.2236163873608632,1.0439540520849988
34.4939122679709,256.44154619728084,0.0,99.08671622514508,188.93713890276612,245.4429304902918,0,LOW,-2277.4681275116222,1.2918100602140896,-0.07319632532008313
34.31066770453294,786.3509346078444,246.84572736942766,98.39335545386102,700.256026284375,911.5835785292143,1,HIGH,529.9093884105635,-0.6933607712840626,-0.18324456343795958
34.4049063319921,2989.9209822988173,216.02196320722123,96.13009324301821,2888.0907706339103,2868.527957158759,1,HIGH,2203.570047690973,-2.263262210842811,0.09423862745916267
34.30879113647233,3200.3154665563834,202.66509361714546,95.4072970247836,3593.6503463335607,3106.359972423144,1,HIGH,210.3944842575661,-0.7227962182346062,-0.0961151955197721
35.06196146652534,1527.829520657663,155.3438325028119,97.86319656920239,1342.7943186226037,1311.1431913417218,1,MEDIUM,-1672.4859458987205,2.4558995444187843,0.7531703300530097
33.400950582476014,1308.413848426332,130.42451992100493,99.38106328859007,1149.419063686127,1271.3804351974156,1,MEDIUM,-219.41567223133097,1.5178667193876834,-1.6610108840493254
35.130908230517306,1752.3472384569825,152.59550640872516,99.35999065519526,1794.1706022697872,1783.556438859495,1,MEDIUM,443.93339003065057,-0.021072633394808804,1.7299576480412924
34.69305096838628,838.2784012231606,36.567295985557905,98.16302370642234,503.6559240860755,644.2506481609975,0,LOW,-914.0688372338219,-1.1969669487729249,-0.4378572621310255
33.34513463603562,756.3014826546006,183.48870272496745,96.61658535972555,657.427036458411,736.7133594142039,1,HIGH,-81.97691856856,-1.5464383466967888,-1.347916332350664
33.62715811155436,989.827065153512,186.2972210986906,96.8182618141901,965.2908104143623,879.7546272253629,1,HIGH,233.52558249891138,0.20167645446454685,0.2820234755187414
35.489477663306886,897.3573606411853,139.76657225509007,99.25634227401628,872.132923701095,872.7462415054982,1,MEDIUM,-92.46970451232664,2.438080459826182,1.8623195517525275
34.846156531898984,2241.95293064246,116.97304420088867,96.10466168533353,2540.9863005533985,2124.2047635416216,0,MEDIUM,1344.5955700012748,-3.1516805886827512,-0.6433211314079017
33.89064762868701,1988.3721328951892,153.2874372533228,97.48809245314297,2122.2587967214436,2087.200154826016,1,MEDIUM,-253.58079774727094,1.3834307678094433,-0.955508903211971
35.16934346756445,1218.9072780440542,140.00645425374728,98.48140646825527,971.6748659057757,1411.6872131484326,1,MEDIUM,-769.464854851135,0.9933140151123041,1.2786958388774394
34.36439739964667,329.3721740308129,55.687615629025025,99.17484235702436,435.3725971388962,337.0541038768137,0,LOW,-889.5351040132414,0.6934358887690877,-0.8049460679177827
34.915659788029096,2066.0801113004454,146.12504688028707,97.45636569609454,2094.9928852546823,2045.5369375897048,1,MEDIUM,1736.7079372696326,-1.7184766609298237,0.5512623883824261
33.50793113151592,2574.970227686681,154.60780895269778,100.0,2689.4571291372395,2677.173668321353,1,HIGH,508.8901163862356,2.5436343039054634,-1.4077286565131786
35.45966659063716,2574.3624290418707,192.7685642114798,97.43908658914135,2305.996963074431,2471.060780215644,1,HIGH,-0.6077986448103729,-2.560913410858646,1.9517354591212452
34.87066244237506,928.0082434517471,93.83524988732354,98.7614084238043,801.4252970077318,881.4076426493256,0,MEDIUM,-1646.3541855901235,1.3223218346629437,-0.5890041482621058
33.415789803712954,1511.3716324351608,132.51796046434808,97.91085512661584,1616.8224143326245,1466.100671601429,1,MEDIUM,583.3633889834136,-0.8505532971884548,-1.4548726386621027
34.59938825801239,1690.679868321291,13.240327308932418,99.21676787981373,1564.3682353978813,1647.861890814549,0,MEDIUM,179.3082358861302,1.3059127531978874,1.1835984542994353
33.636760288154136,2104.3454754627764,139.5948541405304,98.9579778050805,2051.295053567537,2109.516076192507,1,MEDIUM,413.66560714148545,-0.258790074733227,-0.9626279698582536
33.733238583050884,1465.3043155500118,242.2829180189587,96.4952355724949,1439.76007385538,1326.8688395067327,1,HIGH,-639.0411599127647,-2.4627422325855974,0.0964782948967482
33.98742791778619,1848.730578243399,7.80645643350115,98.04314726763252,1743.8089222230994,1722.9601075139783,0,MEDIUM,383.4262626933871,1.5479116951376142,0.25418933473530814
34.55911971628099,2570.935935212362,151.97675015857996,95.48710918757905,2469.8657748911796,2571.0348363042,1,HIGH,722.2053569689631,-2.5560380800534688,0.5716917984947969
33.79118061837305,2363.9432288787034,76.08591756033577,97.84550000186366,2225.6459516406812,2549.7076984974283,0,MEDIUM,-206.9927063336586,2.358390814284604,-0.7679390979079415
33.17323295359674,793.5327915308038,32.21039844667505,96.90553193694521,954.9475839354685,765.1630833050026,0,LOW,-1570.4104373478995,-0.9399680649184461,-0.6179476647763096
33.26452624125939,1307.519049350033,75.96644502676469,99.16163694712705,1142.625506893747,1449.4621252037336,0,MEDIUM,513.9862578192291,2.256105010181841,0.09129328766265132
33.61591930516624,971.6679490662086,45.13046197259599,97.84291388828706,885.5487748350924,855.7499309597856,0,LOW,-335.8511002838243,-1.3187230588399927,0.35139306390684766
33.779858542474095,2562.9626053076795,188.73102121113382,96.68116311017265,2511.158973930987,2422.7278201942677,1,HIGH,1591.2946562414709,-1.1617507781144099,0.16393923730785787
35.021869762224966,3259.040023080758,79.2763234834524,95.15509110372668,3168.9550872969844,3083.781655015632,0,HIGH,696.0774177730787,-1.5260720064459719,1.2420112197508715
34.500623408827465,575.2687321266027,45.41700415411577,97.23199743366384,697.9612724885362,423.8839190363688,0,LOW,-2683.7712909541556,2.0769063299371595,-0.5212463533975011
34.00881116924272,716.444685256609,251.16578042573943,97.81730511124752,666.4106219235671,613.2073970040798,1,HIGH,141.1759531300063,0.5853076775836854,-0.4918122395847462
34.13306240117037,551.1628301855876,50.11862853563836,99.40788016911584,421.6317903681445,559.4155411845302,0,LOW,-165.28185507102137,1.590575057868321,0.12425123192765142
33.76127462264864,250.5043261408963,154.25103274119047,99.88114921900296,105.52852722739698,28.95342438441955,1,MEDIUM,-300.6585040446913,0.47326904988712215,-0.3717877785217283
34.37528364260025,2180.932537085346,291.2072103745313,97.88546494712567,2266.347560298356,2133.043402622486,1,HIGH,1930.4282109444498,-1.9956842718772947,0.6140090199516095
33.238557067210486,1635.8358748417288,230.6956317250523,97.2667296964787,1595.2763997798863,1743.1544759166582,1,HIGH,-545.0966622436174,-0.6187352506469637,-1.1367265753897655
34.96897324334456,632.9389646241181,102.68421619859507,97.54205081327848,645.3527288816188,533.2372989046594,0,MEDIUM,-1002.8969102176108,0.27532111679977334,1.7304161761340708
35.16500849263253,1322.078244728879,4.213942408980351,97.66076724514039,1317.6923921562657,1351.0364188711478,0,MEDIUM,689.139280104761,0.1187164318619125,0.19603524928797356
35.62750525032045,841.4697603999612,5.6199772905027805,99.06428777789034,744.8692577762373,832.4799950686426,0,LOW,-480.60848432891794,1.4035205327499511,0.46249675768792287
34.414235312131616,2521.898329600858,184.25411472660994,98.28525732510363,2582.42912044608,2519.0221045270487,1,HIGH,1680.4285692008966,-0.7790304527867136,-1.2132699381888372
34.22176141483403,870.734126888937,45.960696926132485,97.7178468213001,1007.8000705543303,802.5202925573976,0,LOW,-1651.1642027119208,-0.5674105038035293,-0.1924738972975888
34.673880612156346,2673.5556083290116,112.93153325881542,96.54624327082091,2523.8929834788437,2672.1291580785496,0,HIGH,1802.8214814400746,-1.1716035504791904,0.4521191973223182
33.887501951664554,1632.9790154997495,38.375570854626005,97.05852689207195,1681.0308961989097,1587.9088930229145,0,MEDIUM,-1040.5765928292622,0.5122836212510435,-0.786378660491792
35.54746515079539,2041.123227422278,228.00923889522548,98.21200949810672,1904.2348874017355,2200.422313836701,1,HIGH,408.1442119225285,1.1534826060347712,1.6599631991308357
35.56431138447966,1590.5064548783068,78.50243724189941,98.65985749512097,1615.508521308238,1571.0549548313495,0,MEDIUM,-450.61677254397114,0.44784799701425015,0.016846233684269407
33.83016700466562,0.0,29.30540082203801,97.42938262939818,59.05497129904543,-124.44175266410376,0,LOW,-1590.5064548783068,-1.2304748657227975,-1.7341443798140403
34.53098012948252,797.2794269267538,151.8493182331487,100.0,787.4444327164197,685.9989619592731,1,MEDIUM,797.2794269267538,2.5706173706018234,0.7008131248169036
33.46659155465276,1297.4107372509022,116.81294477812031,98.4254695553227,1396.6504319016858,1269.3501923145,0,MEDIUM,500.13131032414844,-1.5745304446772934,-1.0643885748297635
34.88807569849375,0.0,73.78542044837546,97.93393225887463,-27.592016961164926,-50.79407425978778,0,MEDIUM,-1297.4107372509022,-0.4915372964480724,1.421484143840992
34.5823190871002,1348.0740128876764,30.471869342505645,98.60569260350088,1397.9365075871249,1648.0956631405697,0,MEDIUM,1348.0740128876764,0.6717603446262501,-0.30575661139354793
34.289504589104496,277.9128334776582,205.65229969458164,99.84141006343354,361.01737662050266,168.0562109077974,1,HIGH,-1070.1611794100181,1.2357174599326584,-0.2928144979957068
35.031263388397974,2742.078314106272,19.747741044886457,95.55829726394342,2805.22949107539,2710.9264806421756,0,HIGH,2464.1654806286138,-4.283112799490127,0.7417587992934784
33.80215969600858,1326.8914296621545,83.00613999194437,98.1919487469509,1370.3824708924578,1272.611152951351,0,MEDIUM,-1415.1868844441176,2.6336514830074833,-1.229103692389394
33.29436901300027,878.324268565995,13.60456407145443,97.91381183268935,795.743501214645,1051.7651754894018,0,LOW,-448.56716109615945,-0.27813691426155174,-0.5077906830083094
33.85135403690601,0.0,137.80434059047857,96.85917289629515,38.846478414521634,131.57467484233422,1,MEDIUM,-878.324268565995,-1.0546389363941984,0.5569850239057388
34.186742203190796,3368.1409464112994,194.39321188910404,96.85974887797262,3397.5759981730143,3505.6409372010407,1,HIGH,3368.1409464112994,0.0005759816774713045,0.33538816628478685
34.63323663756885,765.846409204916,110.38795543943888,99.148830802449,789.0831273175968,602.1989006898722,0,MEDIUM,-2602.294537206383,2.2890819244763776,0.44649443437805303
33.42316123416846,2388.5998931508766,195.74373224135297,96.66985378043788,2568.695385826165,2231.7778375452754,1,HIGH,1622.7534839459606,-2.4789770220111222,-1.2100754034003884
34.19548872125559,2996.1012184606316,18.975527371926386,95.87275664067789,3053.4193165319293,2668.427852146266,0,HIGH,607.501325309755,-0.797097139759984,0.7723274870871322
34.207550476353966,2257.97335251722,242.55442795170782,96.15886336990243,2228.2271114316245,2301.7204880948734,1,HIGH,-738.1278659434115,0.2861067292245423,0.012061755098372373
33.247998750748025,2818.8857170787755,80.20728745269831,94.88548625205387,2691.504017886892,2714.933682264945,0,HIGH,560.9123645615555,-1.2733771178485682,-0.9595517256059409
33.10889035011542,2434.1179973635253,237.17544610200326,94.77091457146027,2377.4154958065837,2592.4676976172864,1,HIGH,-384.7677197152502,-0.11457168059359901,-0.1391084006326011
34.451015309545774,1097.3374892060835,32.933622306075385,98.40265219591303,1012.9380465105952,1103.8506093101012,0,LOW,-1336.7805081574418,3.631737624452768,1.3421249594303504
34.54413414065679,577.7288134115803,45.39866624257278,96.72475926923836,580.964566249765,573.0407473816997,0,LOW,-519.6086757945033,-1.677892926674673,0.09311883111101338
34.48226610797368,1429.5184784490225,161.52944512299382,97.60282866126063,1634.8336188164917,1392.9616614235908,1,MEDIUM,851.7896650374422,0.8780693920222689,-0.061868032683108254
34.89722694120842,2446.206383779748,254.02340322639643,96.26436099189706,2335.2773760542855,2324.448751763264,1,HIGH,1016.6879053307257,-1.3384676693635669,0.4149608332347441
33.82508928376609,1541.42301234112,99.48702882265286,97.63607562056706,1270.0925214855386,1573.770973898312,0,MEDIUM,-904.7833714386281,1.3717146286699915,-1.0721376574423331
33.27425777129002,1481.0246363783858,182.61960763766592,98.69170509508957,1503.492316046022,1489.9732667476628,1,HIGH,-60.398375962734235,1.0556294745225188,-0.5508315124760728
34.77435357763334,1489.0049761551745,202.89190954755665,96.98435612401497,1540.1046561546068,1482.207890612352,1,HIGH,7.980339776788696,-1.7073489710746088,1.5000958063433245
34.02113468560568,493.17750511208527,55.06597321071927,96.78170678643482,686.032943296624,345.41557173481857,0,LOW,-995.8274710430892,-0.2026493375801408,-0.753218892027661
34.7781332013264,741.5384173894264,23.605702787480823,98.20731932296417,815.8335761215467,646.1137029359865,0,LOW,248.36091227734113,1.4256125365293428,0.7569985157207171
33.75692920251965,2171.7761524173707,185.79850479926012,98.4116835284028,2232.696493767428,2302.882479154161,1,HIGH,1430.2377350279444,0.20436420543863676,-1.0212039988067474
33.416586039619524,269.0019142054522,268.0030433279939,98.50271839247598,422.8880985138266,100.74356841563022,1,HIGH,-1902.7742382119186,0.09103486407317973,-0.3403431629001261
34.49334088950193,1275.9539787448432,201.56624145054687,99.54468923165558,1404.344522653223,1248.4692014922796,1,HIGH,1006.952064539391,1.0419708391795979,1.0767548498824056
34.23995468368212,1885.2340022902583,168.05184360272287,97.15929203119086,1793.3420842053295,2073.1441619943653,1,MEDIUM,609.2800235454151,-2.3853972004647233,-0.2533862058198082
34.71932845713811,86.39873135686905,59.91378295240186,98.89392839524439,241.61904056996457,311.95321140623383,0,LOW,-1798.8352709333892,1.7346363640535287,0.47937377345598975
34.1495457847242,3074.4403436318303,106.40452973624616,96.25021068421592,2984.696354646575,2981.8918830740517,0,HIGH,2988.041612274961,-2.643717711028472,-0.5697826724139148
34.76704581146661,1558.6605391530131,113.09113636106612,98.37330115782616,1670.5412351585771,1716.6659152818524,0,MEDIUM,-1515.7798044788171,2.1230904736102474,0.6175000267424124
34.58925631409911,3483.865407870667,129.36694809089792,96.03915899275556,3463.565147523959,3457.9296438210936,1,HIGH,1925.2048687176537,-2.3341421650706025,-0.17778949736749894
34.34197329770052,2005.6213962661352,124.71686570385609,98.76613226720558,1802.1419804364189,1804.1638355617279,1,MEDIUM,-1478.2440116045316,2.7269732744500175,-0.2472830163985904
35.16826088371717,873.9848995144794,76.76689851713606,96.5295673284756,957.7423985201591,861.0458771974188,0,MEDIUM,-1131.6364967516558,-2.236564938729984,0.8262875860166474
34.748175520453714,1549.3126078736937,68.19692334962294,98.09907891215678,1290.0213070417522,1497.8906757830832,0,MEDIUM,675.3277083592143,1.5695115836811908,-0.42008536326345336
33.20285340255506,566.3982148528,94.64198223406468,100.0,702.1526604070201,461.4012329427726,0,MEDIUM,-982.9143930208936,1.9009210878432157,-1.5453221178986567
34.10946071188598,1474.9203124124344,284.0247704134708,97.61996851259269,1459.2279838376814,1459.066289136487,1,HIGH,908.5220975596344,-2.380031487407308,0.9066073093309228
34.27028318292757,1004.2720002421673,21.248459857804804,98.65399335502448,1082.7941442071317,970.6506387560833,0,LOW,-470.6483121702671,1.0340248424317906,0.1608224710415911
34.6940876878074,2610.7404639481683,277.6305628142214,96.16737739747212,2486.5302721264343,2690.763280065174,1,HIGH,1606.4684637060009,-2.4866159575523596,0.42380450487982557
33.94388410712368,2134.8716660379023,230.46917443310997,97.98109669902249,2088.8227778530327,2194.647561324459,1,HIGH,-475.86879791026604,1.813719301550364,-0.7502035806837171
34.11630546356451,1918.0073866373148,40.77751136493905,98.22584178018658,2054.192980871968,1893.8823021699848,0,MEDIUM,-216.86427940058752,0.24474508116409766,0.1724213564408288
33.86729032074673,1841.9778059472446,232.88364631703206,97.75077376146048,1823.4773411788601,1990.3260065325057,1,HIGH,-76.02958069007013,-0.4750680187261054,-0.24901514281777537
34.26737448811597,2605.9311877608748,47.06774020112907,97.79451120971002,2361.4130298550795,2695.970138490143,0,HIGH,763.9533818136301,0.043737448249544286,0.40008416736923635
34.620446359935734,156.3690323398723,154.2913057032501,99.1788485014331,345.0520530200805,85.2680445328319,1,MEDIUM,-2449.5621554210024,1.384337291723071,0.35307187181976474
34.15574939381793,2115.3532797203957,3.6951808978311558,96.68465319515781,2005.3905163297436,1920.6304491997134,0,MEDIUM,1958.9842473805234,-2.4941953062752873,-0.4646969661178062
33.79387468433023,2258.6020996460843,155.9643983040943,97.84217612906465,2313.033567267836,2265.4906170535924,1,MEDIUM,143.24881992568862,1.1575229339068471,-0.36187470948770084
34.85189651092569,1444.4928420817873,240.04226076013194,95.97734631409308,1277.073784313902,1446.3512250522124,1,HIGH,-814.109257564297,-1.8648298149715714,1.0580218265954642
34.224906518392835,1921.3674149425306,65.15963353903386,96.7927895654888,1817.031427413132,2151.1045912932477,0,MEDIUM,476.8745728607432,0.8154432513957204,-0.6269899925328559
34.688918201230514,1829.0102809835503,113.44795699730342,96.5719796928778,1677.5371705010198,1798.9076855622527,0,MEDIUM,-92.35713395898028,-0.2208098726109995,0.464011682837679
35.34501608517328,846.8985558561591,220.3609848763302,98.75290877760249,513.7787854333809,907.1869625020599,1,HIGH,-982.1117251273912,2.1809290847246814,0.6560978839427634
34.22557410865501,2415.1747957717434,109.01695790706584,95.31918596295341,2469.567942080786,2654.5882557853997,0,MEDIUM,1568.2762399155845,-3.433722814649073,-1.1194419765182673
34.141275054313176,1292.3981282273849,50.84001103978302,97.11311401269124,1340.4851223645144,1202.584859764527,0,MEDIUM,-1122.7766675443586,1.7939280497378292,-0.08429905434183382
34.213043923694606,532.9508163937827,215.93222833729095,98.15182665120741,646.3019855879173,771.8754107727199,1,HIGH,-759.4473118336022,1.0387126385161736,0.07176886938142957
33.392920860850715,368.26567576748903,166.28659170137934,99.80304611408872,334.34701473569004,189.57104746382325,1,MEDIUM,-164.68514062629367,1.6512194628813006,-0.8201230628438907
34.10870143902771,2513.723182762742,217.1092146921054,97.8735341772755,2406.5498068310153,2396.2732332209534,1,HIGH,2145.457506995253,-1.9295119368132134,0.7157805781769966
33.87620272623998,1520.8030564596218,283.98196646580817,98.78798738606,1525.9077615684687,1574.0358189409276,1,HIGH,-992.9201263031202,0.9144532087844937,-0.2324987127877307
34.49686171687172,1322.6660808077563,165.23245777778018,98.2921572536754,1433.3283071438925,1373.8077985304149,1,MEDIUM,-198.13697565186544,-0.4958301323845973,0.620658990631739
35.229503408378136,2462.30992388745,236.26219439502847,95.58582798168237,2684.6968497567455,2466.5524178966957,1,HIGH,1139.6438430796939,-2.7063292719930274,0.7326416915064158
34.76312713150215,819.8342153748457,35.03654657268842,96.20046548286808,618.3673238957256,811.8553885383816,0,LOW,-1642.4757085126043,0.6146375011857117,-0.4663762768759838
35.439524349860605,654.835026600359,66.9803267077732,99.7441483745403,483.5148425312941,687.3602954671206,0,MEDIUM,-164.9991887744867,3.543682891672219,0.6763972183584528
35.31683716711476,946.5837491365735,34.15750460480521,97.88423822194585,929.5648316927893,906.5658431133821,0,LOW,291.7487225362145,-1.859910152594452,-0.12268718274584245
34.64273242719129,1926.8902613993732,121.46934653557804,96.98172664603206,1963.680988836985,1945.0309285120966,1,MEDIUM,980.3065122627997,-0.9025115759137918,-0.6741047399234716
33.02194417164101,2799.011723856567,150.70209164844582,98.4302013911271,2870.653400109738,2771.603693989205,1,HIGH,872.121462457194,1.4484747450950408,-1.6207882555502806
35.43107293833424,1140.7704085445964,96.46937127111055,97.59207288193151,1215.2133845745477,1127.0610089218678,0,MEDIUM,-1658.2413153119708,-0.8381285091955846,2.409128766693229
33.84923029491956,2042.4193313508183,239.08835740608833,97.13488267473555,1875.3145405456835,1977.0604118969504,1,HIGH,901.6489228062219,-0.45719020719596415,-1.5818426434146815
32.83867216207428,938.3616545119504,203.7981743597243,99.08217962055132,921.3839513574003,931.2493757818029,1,HIGH,-1104.0576768388678,1.947296945815765,-1.0105581328452757
35.03463924428843,913.652752829422,143.42458778394078,95.8684826980211,842.7649932760347,949.2348206909882,1,MEDIUM,-24.70890168252845,-3.213696922530218,2.195967082214146
34.99823102768337,1451.2271371496304,128.66699112796226,97.11162906084245,1419.7751829655504,1502.0192179369863,1,MEDIUM,537.5743843202084,1.2431463628213493,-0.03640821660506077
34.110140911873415,770.7779813147762,202.9932074236657,99.10873978312142,891.381046009477,600.6328726181808,1,HIGH,-680.4491558348542,1.9971107222789755,-0.8880901158099519
33.01300018683337,1890.8519198903532,177.50880662945664,97.91209914076471,1954.7337373533271,1901.5258412371627,1,MEDIUM,1120.073938575577,-1.1966406423567122,-1.097140725040049
33.15246291180144,1523.365127993131,145.64953103564113,96.3370684565859,1565.4652453672782,1365.7152603696222,1,MEDIUM,-367.48679189722225,-1.575030684178813,0.13946272496807666
33.79218957016067,423.3187831713867,300.0,99.18150941891417,410.6846213869867,296.3509060397091,1,HIGH,-1100.0463448217442,2.844440962328278,0.6397266583592298
35.06596673953866,1345.1599683191262,236.2485664577279,97.7816514627554,1519.0318404432505,1484.428616213946,1,HIGH,921.8411851477395,-1.399857956158769,1.2737771693779862
35.41941912485454,786.4377082770468,158.52291449640833,97.88090887018932,806.5000643645643,681.0017427278651,1,MEDIUM,-558.7222600420794,0.09925740743391032,0.3534523853158831
35.04981033641732,1848.138059169409,32.83965792558717,97.80634000362971,1923.0608295379327,1762.6906034543686,0,MEDIUM,1061.7003508923622,-0.07456886655960204,-0.369608788437219
34.11343351799158,1125.4840214138949,201.05691091735423,95.95629167973513,1288.3752688943873,1228.3478127748513,1,HIGH,-722.6540377555141,-1.8500483238945833,-0.9363768184257424
34.65142891571165,1076.145727871536,94.3273710350808,97.08915091167705,995.3398109482462,1233.5577839791913,0,MEDIUM,-49.33829354235877,1.1328592319419215,0.5379953977200671
32.96404784177036,2046.180056903884,181.77361098929728,94.91330474533225,2193.8170141413057,1942.0081451098804,1,HIGH,970.0343290323478,-2.1758461663447974,-1.687381073941289
34.04293661885666,1641.0155365515902,23.16866387249524,96.76171468551125,1650.9331759936358,1720.1824582495944,0,MEDIUM,-405.1645203522937,1.8484099401789962,1.0788887770862985
34.52481462315035,1584.4394434657527,207.4729781277838,98.70388799284821,1539.3540834486594,1672.9440052703508,1,HIGH,-56.576093085837556,1.942173307336958,0.48187800429369076
34.08904326057224,1159.363296026888,84.61646527047017,98.2801369214369,1416.1985032663117,1394.6387198069417,0,MEDIUM,-425.0761474388646,-0.42375107141130286,-0.4357713625781088
35.488132080747455,1759.5196691162666,249.53081760640427,97.89007948958023,1699.0031845516212,1754.140470830452,1,HIGH,600.1563730893786,-0.3900574318566754,1.3990888201752156
33.19322004374021,1375.335960169335,79.48871513765144,96.20607335371135,1484.1481691809436,1401.9110065826442,0,MEDIUM,-384.1837089469316,-1.6840061358688843,-2.2949120370072436
34.19867871282433,1375.8131136017632,49.08921798602532,99.42136493087065,1505.609637699428,1345.7608816943127,0,MEDIUM,0.47715343242816743,3.215291577159306,1.0054586690841205
34.814007503212046,680.1458255341482,160.48996642811568,98.38681750469632,638.7086789102034,812.6462926893533,1,MEDIUM,-695.667288067615,-1.0345474261743277,0.6153287903877143
33.92495118518225,1773.9151562985896,81.80071908913865,97.6179503878756,1708.897250123397,1915.8378368046506,0,MEDIUM,1093.7693307644413,-0.7688671168207293,-0.8890563180297946
34.49127157344564,944.7170110945144,40.45806961691293,98.69216932851872,832.6233173969825,813.4693589963138,0,LOW,-829.1981452040752,1.0742189406431208,0.5663203882633852
35.087580051092914,2978.43851743946,151.90531003089444,97.15599982462821,2929.4015126985137,2950.175641810197,1,HIGH,2033.7215063449457,-1.5361695038905054,0.5963084776472769
34.75771542065218,1833.8604655319614,282.44563188051524,96.74826292464537,1899.6609341868177,1741.8271227566534,1,HIGH,-1144.5780519074988,-0.4077368999828366,-0.32986463044073133
33.694327729109084,2118.989684556684,74.9495655756415,96.04578319639906,2028.8975096382467,1958.5630255827589,0,MEDIUM,285.1292190247227,-0.7024797282463169,-1.0633876915430989
34.267135666003355,0.0,103.18717216532058,98.0544393094996,198.67446102214842,8.509795695769583,0,MEDIUM,-2118.989684556684,2.0086561131005425,0.5728079368942716
34.65984986083679,89.08963986210532,54.813899484943505,100.0,139.08235889130074,114.11724834129717,0,LOW,89.08963986210532,1.9455606905004004,0.39271419483343806
34.37081132636701,1343.069136454362,77.72091388225599,96.41459672069763,1346.5303615025348,1456.0213478892663,0,MEDIUM,1253.9794965922567,-3.585403279302369,-0.2890385344697819
35.061134603998184,859.8489188270541,229.47288569905555,96.80615378863403,956.1830212407723,719.5205734182671,1,HIGH,-483.2202176273079,0.39155706793640377,0.6903232776311725
33.18619510747039,2163.841940546314,127.61143495941056,97.4874449757031,2273.988215636871,2169.3028043311847,1,MEDIUM,1303.99302171926,0.6812911870690641,-1.8749394965277943
33.58804164426701,0.0,140.67213234209692,97.38070291201454,-57.15612219958941,17.1940511543364,1,MEDIUM,-2163.841940546314,-0.10674206368855721,0.40184653679661864
34.86872892208497,982.1512703702641,243.81702115892872,97.33878455432793,890.0888957697747,868.6537893655197,1,HIGH,982.1512703702641,-0.041918357686611785,1.280687277817961
34.624794784100835,3235.9749234199508,277.79441347393794,97.67359571571752,3329.3682773041596,3487.198373742005,1,HIGH,2253.8236530496865,0.3348111613895952,-0.24393413798413377
33.853072526747006,1859.400807617447,151.21682606538175,97.99156774134082,2037.2401657914897,1834.509071137745,1,MEDIUM,-1376.5741158025037,0.3179720256232912,-0.7717222573538294
34.08634682415436,1440.3236155620818,255.4941718271885,97.30398890143496,1396.6736718891905,1287.1494853591564,1,HIGH,-419.07719205536523,-0.6875788399058536,0.2332742974073554
34.983718363043984,2345.908529109078,222.2334053156266,95.05649121142253,2389.9980340970005,2517.0804804394247,1,HIGH,905.584913546996,-2.2474976900124375,0.8973715388896224
33.227665467757205,1167.2739089983322,195.7551853755777,100.0,1109.6519615673787,1485.4831441554436,1,HIGH,-1178.6346201107456,4.943508788577475,-1.7560528952867784
34.18681207383105,1183.6676500320332,93.41643374179117,97.92445668286375,1346.1569504641673,1073.2325592993545,0,MEDIUM,16.393741033700962,-2.075543317136251,0.959146606073844
34.48675561769851,2281.421117595013,95.28748347854817,97.30147902336304,2244.3343258844975,2429.350104044625,0,MEDIUM,1097.75346756298,-0.6229776595007053,0.2999435438674638
32.94920189774526,1948.1055679421509,257.5576613197224,96.95703297329825,2142.972566566557,1921.788499009176,1,HIGH,-333.3155496528623,-0.34444605006478923,-1.5375537199532516
35.00704873795778,2081.670042759335,225.5637712440581,97.46849505759054,2102.558297503533,1968.004802455731,1,HIGH,133.5644748171842,0.5114620842922903,2.0578468402125196
35.21606237135635,659.6332322504293,96.28877650070305,95.29965491473385,512.1672170070256,552.6367403463939,0,MEDIUM,-1422.0368105089058,-2.168840142856695,0.2090136333985697
34.67983384134701,2105.309665928219,210.83983851192932,96.70811418160689,2127.697399560608,2071.5575544651083,1,HIGH,1445.6764336777899,1.408459266873038,-0.536228530009339
34.66043752686291,1005.8104712638029,37.57078568286967,98.870673760953,1194.4685545936986,982.9099736215861,0,LOW,-1099.4991946644163,2.1625595793461088,-0.01939631448410495
33.497329307725884,0.0,266.4916220473146,100.0,74.85260894544426,81.96360148506247,1,HIGH,-1005.8104712638029,1.1293262390470034,-1.1631082191370226
34.109253665334265,1717.6275448530844,90.89994082447352,98.50773769350779,1763.5765688541912,1627.6671939223831,0,MEDIUM,1717.6275448530844,-1.4922623064922078,0.6119243576083804
35.523525551744044,2630.3734627873678,204.0277528574746,95.90038604497846,2767.116455970265,2589.162396509732,1,HIGH,912.7459179342834,-2.607351648529331,1.4142718864097787
34.66931207684242,265.3767516020143,233.51074118422733,96.7358718360115,259.36047207632464,376.8580850427644,1,HIGH,-2364.9967111853534,0.8354857910330367,-0.854213474901627
34.00625616754654,2776.940339662084,41.575147314333286,96.31171939638924,2562.1677483640365,2896.7005889547886,0,HIGH,2511.56358806007,-0.42415243962226157,-0.6630559092958777
33.315112539491544,477.47431593330754,263.96895988597214,98.10179062220296,430.1652468904416,524.7827240227374,1,HIGH,-2299.4660237287767,1.790071225813719,-0.691143628054995
34.563799491729306,1217.9983282720223,111.7917992403119,97.71057216687834,1168.3407527090762,1436.312387219451,0,MEDIUM,740.5240123387148,-0.3912184553246192,1.2486869522377617
32.63295664548336,1705.520151084778,49.667286972610874,97.81753061805401,1785.7631893181783,1516.4699998592534,0,MEDIUM,487.5218228127558,0.1069584511756716,-1.9308428462459446
35.095560792352245,930.2865366343601,116.43352088130607,96.0721066388598,1013.2440073707623,1163.1429705377905,0,MEDIUM,-775.2336144504179,-1.7454239791942143,2.462604146868884
33.182096386586565,0.0,57.9812256948377,97.96237452695796,133.85502719237508,177.28966476465885,0,LOW,-930.2865366343601,1.8902678880981654,-1.91346440576568
33.234643126952825,2040.6713494345568,151.63180704637253,96.88043178654864,2373.4056264791943,1908.6288687083156,1,MEDIUM,2040.6713494345568,-1.0819427404093176,0.05254674036626028
32.58586359818935,2535.3545684071396,236.38374919582847,97.64565349612681,2615.024255481951,2650.995235655401,1,HIGH,494.68321897258284,0.7652217095781708,-0.6487795287634768
35.12876630026713,1818.9347659086018,169.50723035157753,97.30328364479718,1528.01784201745,1778.028188337605,1,MEDIUM,-716.4198024985378,-0.3423698513296358,2.5429027020777824
33.428262464770924,277.79943950966526,180.83996898837458,99.77604609844549,238.53220023894818,87.23170782072957,1,HIGH,-1541.1353263989365,2.472762453648315,-1.7005038354962068
34.86529909973977,1102.6975354218996,139.697031504594,99.49024867961312,1235.5851489961879,1101.1288647324309,1,MEDIUM,824.8980959122343,-0.28579741883237375,1.4370366349688481
35.0509028607925,1343.7235699230012,200.0924416186339,98.13261321832901,1320.644580904241,1391.616970241012,1,HIGH,241.02603450110155,-1.3576354612841044,0.18560376105272525
35.053468278523965,165.88560054058286,279.42173465882746,97.32381822422735,32.26298617646212,209.82380453537772,1,HIGH,-1177.8379693824184,-0.8087949941016603,0.0025654177314677895
33.88736670846223,2268.5702515885428,196.36501148790578,96.86958186776046,2243.369606665311,2223.542908413873,1,HIGH,2102.68465104796,-0.4542363564668932,-1.166101570061734
34.513944970018635,948.2806488042968,8.066012571857147,97.96661606435424,1050.3774730269565,835.773738652443,0,LOW,-1320.289602784246,1.097034196593782,0.6265782615564035
34.30443391012045,2122.2025771218136,275.52726026352997,98.77219910895495,2104.6409640140396,2234.0878147020085,1,HIGH,1173.9219283175169,0.8055830446007093,-0.2095110598981833
35.04734055675895,2126.1342119424235,178.70626005983038,97.1195107634227,2186.3084548574425,2022.2471249424684,1,MEDIUM,3.9316348206098155,-1.6526883455322547,0.7429066466384953
33.95005937576719,787.731449369245,43.514437949368364,97.58514723416043,626.4732397903603,874.7355899644222,0,LOW,-1338.4027625731785,0.46563647073773495,-1.0972811809917573
35.37499433940996,419.09654567655167,150.6329000810294,100.0,497.404468965198,135.45697227171942,1,MEDIUM,-368.6349036926933,2.4148527658395693,1.4249349636427695
34.39714669219929,493.61362632716464,144.61872537166056,100.0,634.7231120694524,434.14737028915056,1,MEDIUM,74.51708065061297,0.0,-0.9778476472106661
33.01412783344237,1679.127316526216,42.95497963372517,96.42314586849551,1813.2714760913982,1648.7142745901238,0,MEDIUM,1185.5136901990513,-3.57685413150449,-1.3830188587569197
33.69589226781734,1187.9741057770136,195.7149774973558,99.5711139975232,1500.1937856136717,1234.199062020517,1,HIGH,-491.15321074920234,3.1479681290276886,0.6817644343749691
33.983893822243914,1536.8400174293158,169.83372788713623,94.56105292511327,1883.271582203463,1540.932555585905,1,MEDIUM,348.8659116523022,-5.0100610724099255,0.2880015544265717
34.55194789943671,1645.6415947028884,259.3155703562252,95.47899890265381,1760.9918923668636,1767.7351637406782,1,HIGH,108.80157727357255,0.9179459775405405,0.568054077192798
33.25589179097654,1736.0546092417333,192.96989490851294,98.18138853617035,1793.5616629581891,1520.8381162320738,1,HIGH,90.41301453884489,2.702389633516532,-1.2960561084601707
35.10742458749326,3196.1669962994574,205.3875322114235,95.9277069127082,3267.4167082445597,3397.1337345846778,1,HIGH,1460.1123870577242,-2.2536816234621426,1.8515327965167216
34.77616635036985,452.0818410229043,217.88443924577513,99.0988892689339,279.5942371176811,569.723656257613,1,HIGH,-2744.085155276553,3.1711823562256996,-0.3312582371234143
34.532820079158235,858.7922078894292,201.16766013630786,97.71483387733558,619.8532892203557,1013.7200146737273,1,HIGH,406.71036686652485,-1.3840553915983236,-0.2433462712116139
35.19428008121587,263.76021407722976,120.38296140764321,96.35383872345263,656.342876969638,448.9366102612558,1,MEDIUM,-595.0319938121994,-1.3609951538829534,0.6614600020576376
34.36939794722317,1110.2715526581574,71.00385273730728,98.31086271988454,1094.0244801756478,1297.9147886984638,0,MEDIUM,846.5113385809276,1.9570239964319143,-0.8248821339927019
33.13053393013762,2966.2218691215185,116.00347622529301,96.800416593081,2801.388342620185,2973.4997658819916,0,HIGH,1855.950316463361,-1.5104461268035436,-1.2388640170855538
34.73972729681236,1345.5085787953346,91.23596688035967,98.51220332927738,1400.4127471558254,1504.198327504576,0,MEDIUM,-1620.7132903261838,1.7117867361963874,1.609193366674745
34.08426436284315,1708.124424512296,185.4003226830606,100.0,1939.4697035338456,1776.0750951434134,1,HIGH,362.6158457169613,1.4877966707226165,-0.6554629339692113
35.06935474681382,2207.4667578206304,125.76040272560626,96.51580349993387,2307.499208981564,2011.6023788680325,1,MEDIUM,499.34233330833445,-3.4841965000661332,0.9850903839706717
34.510741779261274,1265.507823704509,129.16802327626607,96.92192795968262,1321.286599565449,1262.953676426939,1,MEDIUM,-941.9589341161213,0.406124459748753,-0.5586129675525484
34.894480719260535,1670.2993232274769,55.71898775958708,95.23198753770393,1701.4880897353182,1725.4534482679485,0,MEDIUM,404.7914995229678,-1.6899404219786902,0.3837389399992617
34.533521809797705,1939.3995810122879,132.7659392397509,97.24163153319193,2190.5585489045666,2093.6663430985645,1,MEDIUM,269.100257784811,2.0096439954880054,-0.3609589094628305
34.38809263452623,1802.713361063465,9.234904554636572,98.38728247211412,1810.7576492940966,2065.905861923157,0,MEDIUM,-136.68621994882278,1.1456509389221878,-0.1454291752714738
33.46126943600193,2237.168495820438,91.85678464416286,96.92258550373572,2108.185797993437,2199.4867611694394,0,MEDIUM,434.4551347569727,-1.464696968378405,-0.9268231985243034
34.15854010128591,460.1040659198415,68.60848116374773,97.51353287970583,518.9708608602232,490.1703981077382,0,MEDIUM,-1777.0644299005962,0.5909473759701172,0.6972706652839804
35.15351917507722,695.6114571921146,221.96277065571064,97.37454698309844,631.8860018238033,774.1042946420067,1,HIGH,235.50739127227308,-0.13898589660739447,0.9949790737913133
34.642129175467886,547.3734603901136,170.42763681771888,98.56050219031496,645.9926099092515,479.07801674961826,1,MEDIUM,-148.23799680200102,1.185955207216523,-0.5113899996093352
34.93891372301856,1578.9150415729712,68.67268378156959,95.91609511466028,1467.5963672323485,1428.2922045423913,0,MEDIUM,1031.5415811828575,-2.6444070756546836,0.2967845475506721
33.98529126170106,1597.4017641182609,136.13937551333504,95.8595768204541,1378.939363594553,1501.3164870687742,1,MEDIUM,18.486722545289695,-0.05651829420618526,-0.9536224613175008
34.6673404208813,2375.9700724337695,83.11664320776018,97.29218665251925,2432.058931710606,2394.4773122117354,0,MEDIUM,778.5683083155086,1.432609832065154,0.6820491591802451
35.18751413901952,3239.384440446522,39.356173589096734,99.47268304929356,3259.3062446990207,3305.1120830659947,0,HIGH,863.4143680127527,2.1804963967743163,0.5201737181382171
35.683667214295774,12.674796577489204,106.92473439997381,99.34921490074441,-25.21364575624883,78.78440596382538,0,MEDIUM,-3226.709643869033,-0.12346814854915067,0.4961530752762542
35.315618782131224,2780.5843283184713,173.2108335983039,95.80658770600311,2831.951549137002,2734.276816120138,1,HIGH,2767.909531740982,-3.5426271947413,-0.3680484321645494
35.096717768626206,1902.9524857139577,148.98502486444295,97.73418132509637,1866.968671557336,1882.2077642728652,1,MEDIUM,-877.6318426045136,1.9275936190932583,-0.21890101350501823
33.54538647634853,2192.5119333633606,202.9542053585001,96.42304424901359,2417.1987916711137,2380.463259403859,1,HIGH,289.55944764940295,-1.3111370760827867,-1.5513312922776734
34.659631653592555,959.3513769315679,137.96145226337313,98.66472726445349,974.5708640433988,893.4713009991906,1,MEDIUM,-1233.1605564317929,2.2416830154399037,1.1142451772440225
34.63312408424413,866.2459891322166,174.50903482030853,96.75426443459573,777.9071781239869,865.6399048973753,1,MEDIUM,-93.10538779935132,-1.9104628298577637,-0.02650756934842491
34.98196440676622,2019.8343067062413,282.3836652765448,97.79603140817024,2103.312748909868,1911.3384824484983,1,HIGH,1153.5883175740246,1.0417669735745108,0.3488403225220864
34.07885453891021,2172.1297836860485,217.19068139358964,97.29340396723893,2407.232040272585,2149.531517045039,1,HIGH,152.2954769798073,-0.5026274409313061,-0.9031098678560099
34.324888435268015,2277.998773393378,177.1605254298474,98.02878635797884,2349.81411030399,2380.8753432632448,1,MEDIUM,105.86898970732955,0.7353823907399146,0.24603389635780815
35.83377516967345,546.206000374174,25.079959293512626,95.38972210438897,641.9241764878209,451.39482764574416,0,MEDIUM,-1731.792773019204,-2.639064253589879,1.5088867344054364
34.05676928212083,0.0,161.7491461419944,97.87802377461595,75.64639792417633,307.4178768523534,1,MEDIUM,-546.206000374174,2.4883016702269884,-1.777005887552619
34.78652038312032,1323.531763095954,26.157607448198604,95.24877189858728,1230.7412589705252,1409.7480930081406,0,MEDIUM,1323.531763095954,-2.6292518760286754,0.7297511009994864
33.96259663439217,2167.064060163534,278.89284021375136,98.99501605123619,2075.5225561317498,1901.1513521756576,1,HIGH,843.5322970675802,3.746244152648913,-0.8239237487281486
34.42247411219018,555.1670747167364,45.62526764661704,100.0,496.515013229666,751.4988050498157,0,LOW,-1611.8969854467978,1.0049839487638081,0.4598774777980097
34.21202805565081,2636.6146947228244,205.4398480167688,95.3000743895957,2606.907244417058,2723.815659490323,1,HIGH,2081.447620006088,-4.699925610404307,-0.210446056539368
33.77151876933926,2048.637612804503,9.441076636150328,96.17840148156598,1927.7598088256482,1943.7371387772396,0,MEDIUM,-587.9770819183213,0.8783270919702915,-0.44050928631155273
35.331186066721244,3409.833704439288,243.01080343265758,96.31883468058186,3522.508565896398,3432.9161622800907,1,HIGH,1361.1960916347848,0.1404331990158738,1.559667297381985
35.607254084217914,1028.1305320348845,154.80455263201344,97.78913434105078,1102.115102280029,994.5463897279699,1,MEDIUM,-2381.7031724044036,1.4702996604689247,0.2760680174966694
34.23458253257157,0.0,130.6580437406923,99.53592195224181,-176.4065231230557,-64.20778542383242,1,MEDIUM,-1028.1305320348845,1.7467876111910243,-1.3726715516463415
33.56360976149108,2066.904542691867,122.83526763269656,97.97160654879343,1993.6017142641006,2144.901300126406,1,MEDIUM,2066.904542691867,-1.5643154034483757,-0.6709727710804927
33.68079059391982,1854.7796662973194,281.6075800039104,96.759462853578,1721.12710871732,1718.5501274777448,1,HIGH,-212.12487639454753,-1.2121436952154312,0.117180832428744
34.34717270270279,2613.636694705878,98.36500117322504,96.12329005335813,2288.177780325026,2558.4821639881807,0,HIGH,758.8570284085588,-0.6361728002198674,0.6663821087829689
33.573247960991104,1470.5966657074057,238.76749895299852,96.36283314050753,1178.1571224413583,1690.8551583701085,1,HIGH,-1143.0400289984725,0.23954308714939998,-0.7739247417116886
33.44834049753377,3665.8719429522885,248.59894847811356,97.41823225243145,3722.7497449116936,3744.8760064101325,1,HIGH,2195.275277244883,1.0553991119239186,-0.12490746345733328
34.65917306009426,0.0,249.4261028852742,99.3439865719882,-85.54299811868718,-150.3950826337755,1,HIGH,-3665.8719429522885,1.925754319556745,1.2108325625604905
33.56009281031679,449.66121371651633,205.26289879590732,100.0,410.6226605907932,392.9326003776397,1,HIGH,449.66121371651633,0.6560134280118035,-1.0990802497774723
34.808933896169215,851.2041031607542,73.39265865013907,98.37656336143843,941.7900643500204,726.6661726353994,0,MEDIUM,401.5428894442379,-1.6234366385615715,1.2488410858524261
33.66741596946684,1324.1096121841485,58.035438660429605,97.92602825374738,1428.7581760392673,1140.4256965273496,0,MEDIUM,472.9055090233943,-0.45053510769105287,-1.1415179267023774
34.00331116111672,1532.0675899973487,195.50638791124948,100.0,1439.2613901215416,1757.2301816007157,1,HIGH,207.95797781320016,2.0739717462526244,0.33589519164988246
34.39141541877432,1474.9947870576586,55.497397578214546,98.74020483793772,1438.71916805888,1621.7033696050687,0,MEDIUM,-57.072802939690064,-1.2597951620622752,0.38810425765760215
33.34216302411388,510.74857359996224,36.87720380471385,99.44350680756712,509.1875584923988,574.971173274642,0,LOW,-964.2462134576964,0.7033019696293934,-1.0492523946604422
32.72019318951354,2299.1967749515693,197.3435589581381,97.01654005162383,2269.5966812635984,2397.958782020396,1,HIGH,1788.4482013516072,-2.4269667559432833,-0.6219698346003426
34.1253050165558,1099.931308264548,58.39735458804871,98.53215158069347,1145.0620168439855,1271.0650569932598,0,LOW,-1199.2654666870212,1.5156115290696306,1.405111827042262
35.252063645808875,1769.221169720438,133.1464907254461,97.5486100155178,1581.0579318050893,1437.360508404341,1,MEDIUM,669.2898614558899,-0.9835415651756705,1.1267586292530751
34.10278715310721,2046.0124516904687,300.0,96.76295605008383,2142.085502158056,2013.8170782120278,1,HIGH,276.7912819700307,-0.7856539654339656,-1.1492764927016665
33.035808138399204,953.0103772809978,284.2606232663902,97.2697005817467,819.4733221206452,999.404572235535,1,HIGH,-1093.0020744094709,0.5067445316628749,-1.0669790147080036
34.86476183794278,93.67577707431617,105.36686723625371,100.0,-84.48024874337817,47.54930325633707,0,MEDIUM,-859.3346002066816,2.7302994182532956,1.8289536995435753
34.25866586765377,501.0673942747045,270.02271230277233,98.15375582013947,283.8570776763338,381.97709737194725,1,HIGH,407.39161720038834,-1.846244179860534,-0.6060959702890116
34.52640476341549,1209.1751470029017,139.2899853176171,98.39478242869724,1281.112759931237,1320.0289655715135,1,MEDIUM,708.1077527281972,0.24102660855777458,0.26773889576172394
34.157642902945824,345.7701850342618,282.66724383938504,100.0,299.035390483486,192.0214891325222,1,HIGH,-863.4049619686399,1.6052175713027594,-0.3687618604696681
34.30109062317881,776.2536427748148,273.3680821252174,98.14746794501531,728.6306105858104,1019.9334126449269,1,HIGH,430.48345774055304,-1.8525320549846924,0.14344772023298447
35.400047266133164,1969.6413416494602,229.11593709300448,97.6433467382081,1823.2275465276473,2162.2790638583365,1,HIGH,1193.3876988746454,-0.5041212068072127,1.0989566429543558
33.61438362058822,1162.9815725647436,3.7514193933246442,98.83474077001435,1383.486654619251,1145.6447172660833,0,LOW,-806.6597690847166,1.1913940318062544,-1.7856636455449433
34.17398052694821,2933.0868283843897,247.0060953600916,95.40847142312457,2924.6429128070286,2847.8367609182847,1,HIGH,1770.1052558196461,-3.4262693468897822,0.5595969063599924
35.55059703535615,3548.111335242757,274.76546424527777,97.11355525014925,3674.5910881499813,3556.7684780012623,1,HIGH,615.0245068583672,1.70508382702468,1.3766165084079347
34.298484178896885,0.0,156.46462737142596,99.18678800105027,178.24100595585094,-106.5713594647101,1,MEDIUM,-3548.111335242757,2.0732327509010275,-1.252112856459263
33.27191235029877,1383.8678001963717,132.78031822852014,98.91438911714104,1409.39024001675,1408.0981455716583,1,MEDIUM,1383.8678001963717,-0.27239888390923284,-1.0265718285981151
34.63302732810489,0.0,59.78344690523678,100.0,80.00018859091742,149.15884447614698,0,LOW,-1383.8678001963717,1.0856108828589583,1.3611149778061176
33.71391306604442,1404.0529440661066,271.56060761542886,97.32168803559988,1324.2925828893162,1274.0243622181197,1,HIGH,1404.0529440661066,-2.678311964400123,-0.919114262060468
34.861452252288835,1464.785312661959,232.9158419448362,97.44408947768973,1536.6457890133026,1436.8274428695431,1,HIGH,60.73236859585245,0.12240144208985271,1.1475391862444155
34.30786055130183,1447.2698314563015,78.91167734984231,95.60340595243092,1492.5676279852707,1402.3836274719952,0,MEDIUM,-17.51548120565758,-1.840683525258811,-0.5535917009870062
36.078863370548945,586.5055721251871,52.033729732977264,97.78705832569365,573.8025731302004,554.1655839004208,0,LOW,-860.7642593311144,2.1836523732627313,1.7710028192471157
34.29637757334045,2405.866079938454,139.07700683719784,97.87673851878353,2559.7326811405883,2369.497511851637,1,MEDIUM,1819.3605078132668,0.08968019308987607,-1.7824857972084942
34.14285762086502,1917.1865674211049,97.77262032118813,98.42573473710524,2025.7836287005102,1960.277776550179,0,MEDIUM,-488.67951251734894,0.5489962183217187,-0.1535199524754276
34.053374922461856,1221.9062142440607,177.05284411671138,97.73137629096736,1173.1633475181125,1271.294006513204,1,MEDIUM,-695.2803531770442,-0.6943584461378833,-0.0894826984031667
35.1707211376693,1652.0880914668608,223.61383458544955,97.36704410987375,1565.3033648433152,1702.3213212378773,1,HIGH,430.18187722280004,-0.36433218109361576,1.1173462152074407
34.575874160136536,184.93020335505554,98.02119702841236,97.45739795390412,-12.40131254691249,165.7016181837169,0,MEDIUM,-1467.1578881118053,0.09035384403037483,-0.594846977532761
33.572811139785344,744.4419030539545,246.91288701321182,100.0,787.7382128512097,528.9182500435821,1,HIGH,559.5116996988991,2.5426020460958796,-1.0030630203511919
34.64185007007342,2343.680930680441,46.3450819243372,95.03002870086627,2215.694957603257,2169.7905391942463,0,MEDIUM,1599.2390276264866,-4.969971299133732,1.0690389302880732
34.99372093817131,289.64748561064846,167.04585269953662,100.0,257.48597422231325,351.00292780283536,1,MEDIUM,-2054.033445069793,4.969971299133732,0.35187086809789037
34.610053669893524,1654.2744440344948,263.65343602053434,95.5347614199886,1624.6762790175687,1638.957243943742,1,HIGH,1364.6269584238462,-4.465238580011402,-0.3836672682777831
35.13427330969692,2039.4021242780807,144.40377631846093,96.9910755634584,2096.724085787184,2078.919936859933,1,MEDIUM,385.1276802435859,1.4563141434697968,0.5242196398033983
33.82023060709467,501.66310192544586,191.27563523090762,99.37368141537094,640.330577203217,476.94279997310196,1,HIGH,-1537.739022352635,2.382605851912544,-1.3140427026022508
33.6619038667745,1212.0437908605934,36.47133154597691,99.12646879098395,1121.4847245361561,1396.0179621309776,0,MEDIUM,710.3806889351475,-0.24721262438698943,-0.15832674032017025
34.23990601679032,0.0,135.02077607636002,100.0,4.642296382990786,-85.04883680965783,1,MEDIUM,-1212.0437908605934,0.8735312090160505,0.5780021500158199
33.4882881104247,1909.1265420147815,175.20962973338322,95.89979991883327,1894.797996851656,1858.0938208681805,1,MEDIUM,1909.1265420147815,-4.100200081166733,-0.7516179063656239
35.199834951206554,3073.6783975549242,159.47652383573953,97.42419247133337,3041.096201968736,2841.4096141567443,1,HIGH,1164.5518555401427,1.5243925525001032,1.7115468407818568
34.92249514302358,1353.2276906073337,163.31315646931515,97.28582343603986,1421.957622217766,1321.1542100975564,1,MEDIUM,-1720.4507069475906,-0.13836903529350764,-0.27733980818297255
35.706228218771585,1691.9389369067064,239.91887434158755,96.73567475886799,1667.8321299877578,1791.346990375059,1,HIGH,338.71124629937276,-0.550148677171876,0.7837330757480032
33.85448129178757,3772.115077874459,250.64847617440344,95.78326578067701,3568.6816594296133,3709.393528713893,1,HIGH,2080.176140967753,-0.9524089781909737,-1.8517469269840134
34.91381094029521,2036.8878399450607,91.14298268218324,99.04458226206947,2229.049115026785,2226.7743888831246,0,MEDIUM,-1735.2272379293984,3.2613164813924556,1.0593296485076351
34.06561747812493,57.41186502386289,84.33156746198895,98.81956695031498,198.20617858767,-62.02245490588135,0,MEDIUM,-1979.4759749211978,-0.22501531175448974,-0.8481934621702791
35.46460423414471,808.128374201472,255.3291118412431,99.87240087885392,861.7698501414574,699.1241450231063,1,HIGH,750.716509177609,1.052833928538945,1.3989867560197808
33.53321567547109,1890.698216416701,269.7839227530149,98.08765758205885,2034.56997716124,1925.089907913196,1,HIGH,1082.569842215229,-1.784743296795071,-1.9313885586736177
33.65516571998812,906.2835030150534,90.72649840254768,97.84171313503053,1017.7701319375233,778.7168679688824,0,MEDIUM,-984.4147134016475,-0.24594444702832163,0.12195004451702829
34.44181135337545,2463.3310141685197,279.7481251629774,95.4927509845731,2526.711359840695,2551.3933999068026,1,HIGH,1557.0475111534663,-2.3489621504574245,0.7866456333873302
33.8529559019405,1939.1972088549219,255.26773611280927,98.02798099253792,2011.6949047333453,2034.146945639958,1,HIGH,-524.1338053135978,2.535230007964813,-0.5888554514349522
34.72152993945115,439.728474669926,283.79782727319423,97.2542467392512,206.43915855418052,675.7659221590192,1,HIGH,-1499.4687341849958,-0.7737342532867189,0.8685740375106548
33.991282134476315,0.0,193.70414250472734,96.35822079684716,19.307208297213755,79.90577696459347,1,HIGH,-439.728474669926,-0.8960259424040373,-0.7302478049748373
32.460917618207226,633.1779124844123,231.05407123186114,97.97401930371491,642.5406817846862,776.4547586646455,1,HIGH,633.1779124844123,1.6157985068677476,-1.5303645162690884
34.456593429424196,1039.499051436245,276.1266076412587,97.98221911215688,1055.8375929479664,959.1070332730379,1,HIGH,406.3211389518327,0.008199808441972323,1.9956758112169695
34.83732140733092,324.68350315295436,191.45590680481487,98.1316546162974,140.00260660073235,373.50288860169474,1,HIGH,-714.8155482832907,0.14943550414051288,0.38072797790672297
34.53988076163866,2107.253848031289,197.56110950175952,96.59771669222569,2076.8529636448,2185.8331820889166,1,HIGH,1782.5703448783347,-1.533937924071708,-0.29744064569225515
34.96078651256496,1778.2134836409195,178.2196937675341,95.97788062987983,1689.545703188779,1663.2885018540262,1,MEDIUM,-329.04036439036963,-0.6198360623458541,0.4209057509262948
33.8897249735511,365.719814874803,0.0,97.84325657713023,308.0905074988079,507.0595171274253,0,LOW,-1412.4936687661166,1.8653759472503992,-1.0710615390138614
35.54135143528414,3146.9240007132125,300.0,96.4848751952042,3186.729384006077,3245.38784280861,1,HIGH,2781.2041858384096,-1.358381381926037,1.651626461733045
33.64901180631157,308.67169836103506,249.29014449633743,98.44792996696971,487.6439775240236,374.8087351347187,1,HIGH,-2838.2523023521776,1.9630547717655134,-1.8923396289725716
34.91533698879585,2437.7656870521646,264.1581015991567,95.55556978850866,2659.2038926657706,2373.824276688278,1,HIGH,2129.0939886911297,-2.892360178461047,1.2663251824842803
35.172770539827226,2465.104135477526,180.5638262396645,95.07138549143318,2454.414156911098,2342.973331765548,1,HIGH,27.33844842536155,-0.4841842970754868,0.2574335510313759
34.48648477614,1349.2517369941108,155.2036717121646,97.18038218529489,1203.5333622622964,1400.671060078389,1,MEDIUM,-1115.8523984834153,2.1089966938617124,-0.6862857636872235
33.59982152959463,1320.9228954785635,204.77990228486175,99.30730141265883,1428.617563840468,1319.4883145877213,1,HIGH,-28.32884151554731,2.126919227363942,-0.8866632465453748
35.524646428433286,939.8167029512455,175.68043110437685,96.41645078977064,789.4577081473228,956.9531269266099,1,MEDIUM,-381.10619252731806,-2.8908506228881947,1.9248248988386578
34.531773516157614,4000.0,44.16945606976296,95.93082071700641,4190.805201186036,4108.815346522952,0,HIGH,3060.1832970487544,-0.48563007276422354,-0.9928729122756721
34.99364995294341,25.612210489067763,144.9364194431062,98.36573293537808,144.71466131304845,-8.237683504501014,1,MEDIUM,-3974.387789510932,2.4349122183716645,0.4618764367857935
34.53847884806429,2392.4035919156004,134.8117130367238,96.38849418428336,2438.564039847638,2406.2137343634704,1,MEDIUM,2366.7913814265326,-1.977238751094717,-0.4551711048791205
34.74541749082709,2995.998177638777,82.02764134926215,96.88020047049122,2973.3790528026466,2838.293468717227,0,HIGH,603.5945857231768,0.49170628620785806,0.20693864276280038
34.556608795662925,1366.5650021988636,210.46383288419545,99.49025567239164,1453.9046107984645,1398.547181409771,1,HIGH,-1629.4331754399136,2.6100552019004226,-0.18880869516416254
34.75768390277266,1741.4263757178528,30.699388197201884,99.06262246082063,1574.417376675516,1844.0279126326343,0,MEDIUM,374.86137351898924,-0.4276332115710062,0.20107510710973742
34.39997423298396,1647.2869600682197,17.40173849654947,97.53309191483824,1718.0649970980478,1715.1710190759854,0,MEDIUM,-94.13941564963307,-1.5295305459823965,-0.35770966978870433
34.61829813872368,631.1326089226714,40.64342899475513,98.95899250920995,397.39937506118326,734.2061163481637,0,LOW,-1016.1543511455484,1.4259005943717113,0.21832390573972305
35.567023410191275,380.2004220597538,244.85758971744167,98.6091344353387,423.8666393986762,300.3579784831233,1,HIGH,-250.93218686291755,-0.34985807387124623,0.9487252714675947
33.98206667806944,3037.7322833498215,38.20331706825658,96.34027487238927,3183.7503541241535,3074.4367798189933,0,HIGH,2657.531861290068,-2.26885956294943,-1.5849567321218387
35.093698642766846,1196.8331156974905,124.44212245188662,98.738635308864,1082.5662587837778,1276.3136730269975,1,MEDIUM,-1840.899167652331,2.398360436474732,1.111631964697409
34.64589362932166,1494.4441050166577,151.76512580614644,97.17057724293015,1457.397059249226,1395.718786374282,1,MEDIUM,297.6109893191672,-1.5680580659338546,-0.4478050134451834
32.83720037155948,1676.0423999099303,146.7857978721228,96.95775792815095,1700.1518643702116,1776.4184855091933,1,MEDIUM,181.59829489327262,-0.21281931477919613,-1.8086932577621795
35.16517942210409,2425.84510845739,70.0165249861406,95.84980318695685,2259.1742778782987,2485.3764531735674,0,MEDIUM,749.8027085474596,-1.1079547411941064,2.327979050544606
34.57132426794864,1801.2806466396821,45.265554050188385,98.32041027148028,1837.4500368130005,1833.7901063383804,0,MEDIUM,-624.5644618177078,2.4706070845234365,-0.5938551541554489
33.77796458284736,762.0486170022933,82.69272118797035,98.91507776547064,984.0823285563783,616.855726537934,0,MEDIUM,-1039.2320296373887,0.5946674939903573,-0.7933596851012794
35.02183642051524,1141.5855826663965,299.1096893086611,97.82381418550763,1092.3415975279393,966.4468086460747,1,HIGH,379.53696566410315,-1.0912635799630124,1.2438718376678821
34.14649391287652,1381.7499196977665,178.18720002799336,96.75858050012167,1480.1883795212473,1144.1325780894592,1,MEDIUM,240.16433703137,-1.0652336853859623,-0.8753425076387202
34.61020853473264,1496.1209517629393,179.80593317980555,95.87598083871505,1674.091051550101,1413.2759165628577,1,MEDIUM,114.37103206517281,-0.8825996614066156,0.4637146218561199
34.174593930774684,820.5042117127468,279.7502888185496,99.88454879699749,680.3871780688462,868.8328772314535,1,HIGH,-675.6167400501924,4.008567958282441,-0.4356146039579585
34.043400922154945,571.5159173264883,175.1094708813323,97.97562505900021,550.0242554565922,575.3443538351928,1,MEDIUM,-248.98829438625853,-1.9089237379972843,-0.13119300861973926
33.981572822778446,1392.7347040003601,90.7283509514501,99.46324022173744,1311.479789288636,1501.8144266554384,0,MEDIUM,821.2187866738718,1.487615162737228,-0.06182809937649836
35.18736570768027,1939.8016437177205,263.22314358979065,99.91632939797431,1827.4869213068378,2031.1516886209502,1,HIGH,547.0669397173604,0.4530891762368725,1.2057928849018253
34.961827043228624,3556.2820902356148,142.0219354892115,98.12651789546486,3575.718261500012,3582.6233453038662,1,HIGH,1616.4804465178943,-1.7898115025094512,-0.22553866445164772
33.20829949789672,1424.9738524665038,159.4017666945846,95.63242543537994,1402.212164865888,1464.280641953148,1,MEDIUM,-2131.3082377691107,-2.4940924600849144,-1.753527545331906
34.112620985187924,1565.0151430354558,139.96364701473746,99.15619561442705,1663.3645090195532,1572.4641033934101,1,MEDIUM,140.04129056895204,3.523770179047105,0.904321487291206
33.86540384474798,1945.0902511200331,129.13386497834517,97.60444496098064,1942.7114222170908,1745.348817936764,1,MEDIUM,380.0751080845773,-1.5517506534464047,-0.24721714043994325
32.91665288137446,60.25004452414091,235.49923239439713,97.91127078987797,-77.02437834239286,56.260744818141724,1,HIGH,-1884.8402065958921,0.3068258288973311,-0.94875096337352
34.612018797899246,2197.5845328322453,99.21174472512459,96.76339209572237,2211.2769286166026,2218.257653918526,0,MEDIUM,2137.3344883081045,-1.147878694155608,1.6953659165247856
33.918855600743115,2116.848883517852,65.41778249626212,96.60100452051027,1820.782094856778,1877.1468042936913,0,MEDIUM,-80.73564931439341,-0.1623875752120938,-0.6931631971561316
34.251357860406344,2500.303295755781,114.86729110659772,95.48418921494445,2344.142115332944,2572.3935569741175,0,HIGH,383.4544122379293,-1.1168153055658223,0.33250225966322944
34.74031587120494,2942.6754564598073,50.227719260439656,99.35750852715732,2827.191359113269,3059.396587804622,0,HIGH,442.3721607040261,3.873319312212871,0.4889580107985978
34.692836513781444,2513.0882746279804,202.3845076121492,97.0275983368436,2530.151234436608,2268.1170613415215,1,HIGH,-429.5871818318269,-2.3299101903137256,-0.04747935742349796
34.75159802411327,1160.8745398237884,279.2934465127236,98.26388015770627,1270.864163322059,1146.0988237484848,1,HIGH,-1352.213734804192,1.236281820862672,0.05876151033182708
35.15408864220602,2288.927136030041,250.47501787026366,96.74673944937646,2366.067150056113,2316.6970157565856,1,HIGH,1128.0525962062525,-1.517140708329805,0.4024906180927488
33.90959750626135,2525.782402247696,74.93461898263735,98.2936016274247,2595.5909267143543,2566.5789951198685,0,HIGH,236.8552662176553,1.5468621780482437,-1.2444911359446706
34.019286177531,2523.093857495766,46.61508162249487,95.79794138225745,2479.9599683230094,2587.498341783755,0,HIGH,-2.6885447519302943,-2.495660245167258,0.10968867126965165
34.31477192087407,0.0,133.91258536512697,98.72830897825061,-20.272383463258606,-28.80531291670306,1,MEDIUM,-2523.093857495766,2.930367595993161,0.29548574334307176
34.89965262616681,807.2904971586601,187.23219253231903,98.32102833562209,675.4388200298434,849.6904012477646,1,HIGH,807.2904971586601,-0.40728064262852115,0.5848807052927398
34.23044870189531,1857.8833299968987,199.8532655920565,96.53916320805784,1840.2763591334376,2049.1797643861028,1,HIGH,1050.5928328382388,-1.7818651275642452,-0.6692039242714998
34.64633942506368,2155.5715213470476,213.81242184085698,96.31506424836232,2184.606016868967,2113.838134102912,1,HIGH,297.6881913501488,-0.2240989596955245,0.41589072316836706
33.60687603627527,161.4070234757124,185.9656424859335,97.98622373132368,263.2540987682469,256.49820410990867,1,HIGH,-1994.1644978713352,1.6711594829613574,-1.0394633887884126
33.74334960366451,2571.7707669336605,189.92979358228357,95.24078024150076,2623.523219349457,2549.566470731683,1,HIGH,2410.363743457948,-2.745443489822918,0.13647356738924543
33.84151686211074,955.6190586751321,279.45084104694547,97.5870763150197,870.5739426723967,617.3800193181722,1,HIGH,-1616.1517082585283,2.3462960735189426,0.09816725844622454
34.317053581870205,1181.0864756265087,230.05480521151753,97.42881052963524,1096.9054521974958,1239.1021926509106,1,HIGH,225.46741695137655,-0.158265785384458,0.475536719759468
34.52985982730966,2483.7995616446287,271.51423208173094,99.49419485134538,2639.581055340354,2504.3240145673926,1,HIGH,1302.71308601812,2.065384321710141,0.21280624543945237
34.588825018666725,0.0,232.748798342986,98.27909546451224,-73.62747317102155,-318.158594400495,1,HIGH,-2483.7995616446287,-1.2150993868331454,0.05896519135706768
35.48643787431284,2223.8349879604484,177.2264611554343,99.13026328043033,2574.4935802183986,2237.190136840669,1,MEDIUM,2223.8349879604484,0.8511678159180889,0.8976128556461163
35.913949018821484,3054.943792865938,206.9662006222119,95.58631083862394,2988.4823833688024,2973.433427941238,1,HIGH,831.1088049054897,-3.5439524418063826,0.42751114450864236
33.48719881558223,1245.4786207341508,216.60260802974003,99.38171214281931,1068.8375305676739,1188.0973504026254,1,HIGH,-1809.4651721317873,3.795401304195366,-2.4267502032392514
33.13082544714128,2618.1735065078406,79.010049033189,98.80644322205994,2365.775058293727,2438.570953840788,0,HIGH,1372.6948857736897,-0.5752689207593704,-0.3563733684409556
33.1546372281162,1282.0888908960164,111.46664528430401,100.0,1254.2182432068075,1192.9687531080342,0,MEDIUM,-1336.0846156118241,1.19355677794006,0.02381178097492409
33.613527486432595,1376.7008387134335,248.8000750796585,96.98035193242829,1249.7519841449887,1416.5450247490364,1,HIGH,94.6119478174171,-3.0196480675717083,0.4588902583163943
33.68240523810198,1284.970204090134,88.5184101568118,97.0078017823384,1123.9971197399816,1182.7175604424478,0,MEDIUM,-91.73063462329947,0.02744984991011279,0.06887775166938326
33.486359749865755,1308.4779086179137,9.105747782395401,97.26925108078356,1259.1155134072008,1524.7808541589409,0,MEDIUM,23.50770452777965,0.2614492984451573,-0.1960454882362228
35.289775198138685,1814.0569387239145,215.65396486459022,98.00376600871452,1913.0142518022687,1877.0905465738508,1,HIGH,505.5790301060008,0.7345149279309595,1.8034154482729292
34.59249566102995,1246.1819279309402,56.706717979836675,97.37231014267861,1201.1206565816944,1274.477112147298,0,MEDIUM,-567.8750107929743,-0.6314558660359069,-0.6972795371087344
33.35323581609791,1438.1796094686401,49.55314018591297,97.61866826519854,1430.7182254380268,1467.1276591762621,0,MEDIUM,191.99768153769992,0.24635812251992206,-1.239259844932043
34.988309069482526,262.8275006813975,282.7599608585933,99.93020764920435,212.51397513625372,386.49611345318453,1,HIGH,-1175.3521087872427,2.311539384005812,1.6350732533846184
34.05623691702909,552.4008238176115,162.53623365130017,99.9668672345166,492.1346058861476,550.7005782821044,1,MEDIUM,289.57332313621396,0.03665958531225044,-0.9320721524534363
33.93890013757261,2047.0686953351203,177.47493588535318,97.50843339116427,1987.0801170718,2153.08596763343,1,MEDIUM,1494.667871517509,-2.4584338433523243,-0.11733677945647969
35.397536967931664,1740.99360088996,74.65116103855618,98.46491507570059,1755.097615196405,1713.498403478202,0,MEDIUM,-306.0750944451604,0.956481684536314,1.4586368303590547
34.830338015486994,1243.2691792882013,237.2645679868446,97.48073033428919,1188.1156242741301,1108.589119502218,1,HIGH,-497.72442160175865,-0.9841847414113971,-0.5671989524446701
35.01531544215646,1196.9131996383633,225.50172310782992,98.07992492776367,1252.0044659509206,1370.537442952985,1,HIGH,-46.35597964983799,0.5991945934744791,0.18497742666946237
34.46432545187595,1817.7792673880501,194.59865606205125,96.04460003119894,1865.4527077898879,1825.4253330384788,1,HIGH,620.8660677496869,-2.035324896564731,-0.550989990280506
35.01476423208172,1910.9789429876855,273.496289047735,100.0,1907.4382008539874,1867.6038569713146,1,HIGH,93.19967559963538,3.9553999688010606,0.5504387802057664
34.34072066506439,2354.6943174961766,218.6669692551271,95.77021644823697,2103.641757303151,2608.5605057269763,1,HIGH,443.7153745084911,-4.229783551763035,-0.6740435670173284
34.52083695459754,1737.7448325971106,62.43843469817933,98.01463330022133,1731.42232833371,1713.0938918380434,0,MEDIUM,-616.949484899066,2.2444168519843686,0.18011628953315295
33.42079188522469,2272.5818496494476,58.39817688927615,96.59857363439741,2264.3700697675795,2399.848437763872,0,MEDIUM,534.8370170523369,-1.4160596658239228,-1.1000450693728538
34.5783374975562,2901.337638806637,51.95933875853369,97.80478789629304,3154.179978995988,3220.253260674869,0,HIGH,628.7557891571896,1.2062142618956244,1.1575456123315107
34.85503957812308,832.6074176395994,227.47348306440853,100.0,845.0585630275642,919.6003971789489,1,HIGH,-2068.7302211670376,2.1952121037069645,0.27670208056688494
34.492426683048166,0.0,77.69450343416342,99.50331711344886,174.1320138076946,163.5145634474617,0,MEDIUM,-832.6074176395994,-0.4966828865511417,-0.3626128950749177
34.563174869971974,1952.06813411381,216.08730548171368,97.03828816895782,1927.650750499927,1830.998126545716,1,HIGH,1952.06813411381,-2.4650289444910385,0.07074818692380802
34.434903557150605,1080.805877028243,215.68385434103854,97.79595313227392,1074.4637597450878,1199.925338920093,1,HIGH,-871.262257085567,0.7576649633161026,-0.1282713128213686
34.38105761881305,1821.3183320933967,60.92390530591026,96.65087373033543,1874.3809144920044,1780.0322222961083,0,MEDIUM,740.5124550651537,-1.1450794019384887,-0.05384593833755247
34.83177224760847,2523.2127510606265,185.1315456449701,96.60253343002074,2457.4159743831333,2610.771530499125,1,HIGH,701.8944189672297,-0.04834030031469183,0.4507146287954171
35.54531402713436,1717.3413915322694,34.8674534403575,96.86896336512531,1480.794470698878,1702.221625204544,0,MEDIUM,-805.8713595283571,0.26642993510456847,0.7135417795258903
35.12204035080512,1234.1351465233909,13.169100063421892,97.55415370444399,1296.8013635360317,1245.5803261417802,0,MEDIUM,-483.20624500887857,0.6851903393186802,-0.42327367632923796
35.097143582277084,1264.5850828991122,215.97460432376238,98.563812640772,1110.0766601934556,1094.3011551577915,1,HIGH,30.449936375721336,1.0096589363280088,-0.024896768528037683
34.06720247363064,1119.8541702854254,43.19130146405849,100.0,1199.7072036313152,1012.1796254712912,0,LOW,-144.73091261368677,1.4361873592280006,-1.0299411086464474
35.28581530504649,1992.3755892836784,251.79897960436264,100.0,2074.157948015423,2275.5677407526155,1,HIGH,872.521418998253,0.0,1.2186128314158537
34.10347372142289,1849.1296585517127,144.0698048712669,99.2120078181095,1924.9177983828195,1945.4950844368493,1,MEDIUM,-143.2459307319657,-0.7879921818905018,-1.1823415836236038
34.326307418524806,513.3786610409106,29.303494460843048,99.334092376703,325.4166580205613,649.7606890846987,0,LOW,-1335.750997510802,0.12208455859349954,0.22283369710191891
35.63443419509198,2080.4927048814825,281.8768186830018,97.25645050591271,2057.097101430966,2143.5614524322636,1,HIGH,1567.1140438405719,-2.0776418707902877,1.3081267765671711
34.415883085013114,676.4594075690496,1.4454545642239023,97.54060099698539,644.642415768412,672.5792626304211,0,LOW,-1404.0332973124328,0.28415049107267976,-1.218551110078863
33.92253698530999,1261.1174736889577,145.07467807710276,98.89656406556627,1246.5523195343571,1337.5698476075745,1,MEDIUM,584.6580661199081,1.355963068580877,-0.4933460997031247
34.30831536451774,2569.341394918376,164.99337546067233,97.16458388827783,2564.9780345164277,2448.941420704062,1,HIGH,1308.2239212294182,-1.7319801772884347,0.3857783792077498
34.437770784318666,0.0,37.03658086094334,98.5071786175942,276.2560349541535,-73.1923386380019,0,LOW,-2569.341394918376,1.3425947293163745,0.12945541980092656
34.953011882543144,1890.2692470483912,131.12738574295574,97.39079548858606,2046.961827098221,1777.8384935161098,1,MEDIUM,1890.2692470483912,-1.1163831290081419,0.5152410982244788
35.18210439531335,2204.014304546234,283.0100980990346,96.34715524066665,2095.805618008293,2362.4281052327456,1,HIGH,313.74505749784294,-1.043640247919413,0.22909251277020815
34.566083142686395,2878.6381966138,272.22428801027115,96.57987686444363,2740.856436614246,2784.7296916674686,1,HIGH,674.623892067566,0.2327216237769818,-0.6160212526269575
34.329351692092224,939.9014254683422,245.41528216434378,98.89742101510188,988.150978513539,1099.4404239314367,1,HIGH,-1938.736771145458,2.31754415065825,-0.23673145059417067
35.39237011368974,2768.8131897106996,33.38538575222174,96.41326246523829,2753.0441761171105,2462.5929109375306,0,HIGH,1828.9117642423575,-2.4841585498635936,1.0630184215975191
33.2064902462083,1190.8594245618824,111.14014927133684,99.15434727392267,1211.291722755432,1128.0717648715056,0,MEDIUM,-1577.9537651488172,2.741084808684377,-2.1858798674814466
34.15451242847281,1034.1720010301567,29.018390717780765,97.54010198603736,897.3589917139144,1124.0153240595178,0,LOW,-156.6874235317257,-1.6142452878853106,0.9480221822645163
35.566326406302736,1680.3507424148568,58.24611069695073,100.0,1574.1941725253237,1677.2355291217914,0,MEDIUM,646.1787413847001,2.4598980139626434,1.4118139778299224
34.283737976324275,726.8753671265277,102.20081631737546,98.83367432993383,663.5256589135988,596.4915623978854,0,MEDIUM,-953.475375288329,-1.166325670066172,-1.2825884299784605
34.79308411383284,4000.0,117.53398895383663,95.63664528094077,3902.9765065581732,3906.8542343538797,0,HIGH,3273.1246328734724,-3.197029048993059,0.5093461375085653
33.75011149318627,3438.273204686614,84.29279635200498,96.01360265341764,3327.809528576777,3310.340497575191,0,HIGH,-561.726795313386,0.3769573724768662,-1.042972620646573
34.81596190288537,2200.4626306483365,12.41775174417309,98.1075395689331,2207.0969428752223,2295.746898344938,0,MEDIUM,-1237.8105740382775,2.093936915515471,1.0658504096991024
33.78834705804632,3413.9897108612895,138.89789846623782,94.95961949854484,3331.8086281634287,3353.3949302737674,1,HIGH,1213.527080212953,-3.147920070388267,-1.02761484483905
34.55648128848843,1848.611928646374,34.52879901627861,98.9411091222626,1823.4395825148445,1781.2658807161692,0,MEDIUM,-1565.3777822149154,3.9814896237177635,0.7681342304421079
33.96971800971827,681.7136231767059,24.12945794181222,97.02261513615812,715.354985000598,895.555946889291,0,LOW,-1166.8983054696682,-1.9184939861044796,-0.5867632787701567
33.8937189546256,872.4381919774827,50.49099115589886,99.75209526063296,969.011852512663,1066.8147424690305,0,LOW,190.72456880077675,2.729480124474833,-0.07599905509267302
35.22917086587525,1148.3371674968453,132.50078332716865,97.78674035962361,1167.045741613455,1104.2920428171888,1,MEDIUM,275.8989755193626,-1.9653549010093485,1.335451911249649
34.008661415992194,2784.9346973117713,135.44742910619908,95.9190379516465,2834.88762856324,2841.7402809370496,1,HIGH,1636.597529814926,-1.8677024079771058,-1.2205094498830533
34.45174625637471,1628.2460919494133,124.39068917844467,96.32504892849681,1549.442859476872,1733.363967728624,1,MEDIUM,-1156.688605362358,0.40601097685031107,0.44308484038251805
34.83352774772648,1319.990834649291,55.11572711182973,99.36892006569589,1404.107534692992,1275.487481509358,0,MEDIUM,-308.25525730012237,3.0438711371990763,0.38178149135176653
35.02151678641899,3287.760162434334,6.327865446091885,97.36575881069166,3377.428490031219,3286.2695287413108,0,HIGH,1967.7693277850428,-2.0031612550042297,0.18798903869251404
34.832696774485136,0.0,85.92196858964073,98.80567994891763,-153.21732659145223,-47.40288577564084,0,MEDIUM,-3287.760162434334,1.4399211382259693,-0.18882001193385634
33.395661674144336,2557.4421975749146,100.60719712266653,96.49352350996165,2476.6364719040357,2570.993884327385,0,HIGH,2557.4421975749146,-2.3121564389559808,-1.4370351003408004
34.36172407116338,1952.6011529598102,137.1448522228142,97.78176168985476,1931.011014445374,2001.6617718501893,1,MEDIUM,-604.8410446151045,1.2882381798931135,0.9660623970190443
33.626663084028536,688.0030654484565,38.016145615945035,98.65245043175308,710.7295357084059,392.3607731944663,0,LOW,-1264.5980875113537,0.87068874189832,-0.7350609871348439
35.00099757069393,1203.8334548432854,206.45566612339482,96.7883623078938,1151.5167476044446,1106.5426343567533,1,HIGH,515.8303893948289,-1.8640881238592755,1.374334486665397
34.115611973888505,2507.235592677712,204.34193755297238,96.66177471868555,2613.246296984626,2379.788113869164,1,HIGH,1303.4021378344264,-0.1265875892082562,-0.8853855968054276
33.66900378233985,1815.4383315946575,95.54152895639179,97.55488899639747,1908.1866032811229,1749.5359508299043,0,MEDIUM,-691.7972610830543,0.8931142777119163,-0.4466081915486555
32.85061580404418,887.1534032397329,196.8443978852716,99.1284239341344,921.502155299906,692.0440140077166,1,HIGH,-928.2849283549245,1.5735349377369374,-0.818387978295668
34.54686728084891,3431.90284385394,150.6583550510352,95.91926102213431,3611.098031556985,3461.4282871677106,1,HIGH,2544.749440614207,-3.209162912000096,1.6962514768047257
34.68183773838637,2016.6272492565408,136.08128178936397,97.39847326752528,2135.5884049515616,1989.069759558553,1,MEDIUM,-1415.275594597399,1.4792122453909684,0.13497045753746306
35.06649026968307,1709.7937578062458,287.92207156828175,98.93736327898166,1770.070229004996,1856.740989068219,1,HIGH,-306.833491450295,1.5388900114563882,0.38465253129670174
34.23821929450688,0.0,205.27229340894402,99.30260935985591,55.131542404563405,74.18939006541378,1,HIGH,-1709.7937578062458,0.36524608087424326,-0.8282709751761956
34.682504501957645,1312.4313674924729,26.09721928209893,96.87442344095003,1533.5187906876909,1416.6245333988254,0,MEDIUM,1312.4313674924729,-2.428185918905882,0.4442852074507684
34.52136056748947,1598.3887263565796,72.11060154351958,99.91962454948371,1644.9903557398914,1582.3627852622037,0,MEDIUM,285.9573588641067,3.045201108533689,-0.16114393446817843
33.83218053875646,2509.2237494931633,206.5650171904132,98.29832117281605,2677.8494405906276,2754.0291866920197,1,HIGH,910.8350231365837,-1.6213033766676688,-0.6891800287330057
34.091765370699626,1552.6165240547436,142.10452136435242,96.48821641369175,1578.9070040104993,1646.8472720004625,1,MEDIUM,-956.6072254384196,-1.8101047591243002,0.2595848319431653
34.00020923827918,1481.048312554499,176.96887513436062,96.9074603037627,1449.453428798468,1652.1839774793314,1,MEDIUM,-71.56821150024462,0.41924389007095897,-0.09155613242044325
33.07436603160019,1724.9222152053662,75.66862731768137,98.81354309795162,1709.4147690687134,1704.5234169679254,0,MEDIUM,243.8739026508672,1.9060827941889187,-0.9258432066789908
34.313028528139746,2036.3774837091562,56.15019132385597,97.80062653414998,2054.3005255808484,1818.4387355956526,0,MEDIUM,311.45526850378997,-1.0129165638016389,1.238662496539554
33.80400165178664,113.70715835753235,56.28257037318697,98.5055158747026,254.13564848692477,-23.71647127231101,0,LOW,-1922.670325351624,0.7048893405526115,-0.5090268763531043
35.26463340573433,1641.0732789784972,159.1084031681189,94.81174590679461,1749.1706586177897,1673.613787639625,1,MEDIUM,1527.366120620965,-3.6937699679079827,1.4606317539476876
34.15669852233914,1230.3543555875574,288.7356871966968,98.30736293258249,1406.2882595005703,1275.4411131257468,1,HIGH,-410.71892339093984,3.4956170257878796,-1.1079348833951883
35.01193042625363,2051.5177828492983,257.9883401779372,97.9252711859917,2101.5511090675295,2108.639927981925,1,HIGH,821.1634272617409,-0.38209174659078826,0.8552319039144862
34.227200979934715,2071.3393666321276,111.78107506395799,96.86626454500444,2037.4969065070075,1981.0466724028124,0,MEDIUM,19.821583782829293,-1.0590066409872634,-0.784729446318913
35.09495979146895,905.3300497364328,205.35336329330386,96.70580126349967,890.6489193567581,898.8150254104835,1,HIGH,-1166.0093168956948,-0.16046328150477507,0.8677588115342374
34.387587495793866,1750.3714376505409,105.99151783503983,99.21240503497073,1537.7978809417073,1737.5740779792363,0,MEDIUM,845.0413879141081,2.506603771471063,-0.7073722956750856
32.91602098754189,1540.013199905352,122.81909896814297,98.32330229444462,1446.088721195637,1628.0945454902999,1,MEDIUM,-210.35823774518894,-0.8891027405261127,-1.4715665082519749
32.1664913595354,992.5947912815739,62.56991905012708,97.93208345342877,1193.4865973803294,1192.8067548555966,0,MEDIUM,-547.4184086237781,-0.39121884101584214,-0.749529628006492
34.93306581331012,3033.6865611058306,133.3717603625606,96.32492063461054,3228.5810037161596,3296.785840516897,1,HIGH,2041.0917698242567,-1.6071628188182387,2.766574453774723
35.14839839986419,1939.8536816029266,255.93876729242928,97.32023249421718,2086.131982410406,2284.381829754639,1,HIGH,-1093.832879502904,0.9953118596066446,0.2153325865540694
34.90580362140205,0.0,195.16732119703576,97.78704750679518,94.79362796987647,-32.41900301282351,1,HIGH,-1939.8536816029266,0.46681501257799596,-0.2425947784621414
33.87331971924356,955.8874920154589,222.8945630119612,98.48608221654537,1290.1813124831724,1124.6042903102107,1,HIGH,955.8874920154589,0.6990347097501939,-1.0324839021584893
34.38034845099209,506.07343406908893,230.2937256373558,97.01543152809701,482.3218476209919,454.44596086421365,1,HIGH,-449.8140579463699,-1.4706506884483588,0.5070287317485267
33.30660788602094,1032.810856014212,50.89660429329335,96.25223662387707,1308.1729779956922,956.0894398588681,0,LOW,526.7374219451231,-0.7631949042199437,-1.0737405649711462
34.94509642163515,1767.594576582585,28.532858513383232,96.74806833116051,1590.2785351801376,1833.5800988692301,0,MEDIUM,734.7837205683729,0.4958317072834433,1.6384885356142078
32.67338396042994,2303.869272011691,250.8222336290717,96.67902064476344,2375.7211859624135,2089.8184927619573,1,HIGH,536.274695429106,-0.06904768639707015,-2.2717124612052118
33.40368942908402,0.0,291.8225604098102,97.82948784844602,65.46706681516474,80.13340475656872,1,HIGH,-2303.869272011691,1.150467203682581,0.7303054686540804
33.37516516390854,1428.4105358495185,209.01473129722146,98.06808318765232,1353.6899084850309,1316.1845529270743,1,HIGH,1428.4105358495185,0.23859533920629872,-0.028524265175477126
34.035369984688515,1272.0435780073794,149.05106873954182,97.44068010689105,1039.8687095498894,1193.8586320449922,1,MEDIUM,-156.36695784213907,-0.6274030807612689,0.660204820779974
35.020541330147516,58.38623322410791,284.28337547758537,98.08948825157786,38.32568454162111,63.18383661623718,1,HIGH,-1213.6573447832716,0.6488081446868108,0.9851713454590012
34.72201069912841,1591.5340817772776,210.08352329860008,97.72765742920787,1403.843470053034,1681.8581776837457,1,HIGH,1533.1478485531698,-0.36183082236999553,-0.29853063101910493
35.022601037901794,749.2153659673879,103.00632601306401,96.14697046745948,745.06828853172,699.6055111754763,0,MEDIUM,-842.3187158098897,-1.580686961748384,0.30059033877338237
35.15874158860748,1967.6395370225187,7.693182509319417,96.2254015270402,1895.8980459991346,2033.36571622502,0,MEDIUM,1218.4241710551307,0.07843105958072272,0.13614055070568298
34.14452975827059,338.69674674363597,186.87846392116458,99.0033517146063,296.6886052955039,378.9958805736463,1,HIGH,-1628.9427902788827,2.7779501875660912,-1.0142118303368832
33.15950506541901,3123.844557837272,125.00644240316797,95.1553638607789,3240.914846300706,3255.721284348789,1,HIGH,2785.147811093636,-3.847987853827391,-0.9850246928515816
33.566330191545575,2569.1902129224113,60.472686253593885,96.34796773575512,2544.0569235467487,2361.612957398935,0,HIGH,-554.6543449148608,1.1926038749762142,0.40682512612656296
33.701671907583254,1644.2351641100652,88.36804206181856,96.95162864354505,1746.6660407722825,1677.9555375635675,0,MEDIUM,-924.9550488123461,0.60366090778993,0.1353417160376793
34.23850099468192,175.9583033590102,176.85088786365347,97.18677508882205,151.8722946353813,244.55336779706317,1,MEDIUM,-1468.276860751055,0.23514644527699602,0.536829087098667
33.442455355176925,552.8395118134279,173.99092441097372,98.17055589680353,383.6506828531137,528.9146382212258,1,MEDIUM,376.8812084544177,0.9837808079814891,-0.796045639504996
34.96429105062834,1757.4658782150136,58.31459655630971,98.64276384058553,1842.1384204935766,1647.8516531426571,0,MEDIUM,1204.6263664015858,0.4722079437819957,1.521835695451415
33.42557090394047,1709.0206009469064,234.57533628792137,97.87713602690935,1816.5798264742814,1706.3575805928194,1,HIGH,-48.44527726810725,-0.7656278136761756,-1.5387201466878722
35.57603571501861,1256.4924733422067,38.31904619912549,100.0,1292.00575915613,1356.3082089079255,0,MEDIUM,-452.52812760469965,2.122863973090645,2.1504648110781446
34.71603721961632,1691.305390852639,134.42526548797244,97.86743926677879,1733.2516322481454,1783.5734106036352,1,MEDIUM,434.81291751043227,-2.1325607332212115,-0.8599984954022943
32.552645134561814,687.2220805320567,251.03712760097383,100.0,848.1349100162596,953.5306748602171,1,HIGH,-1004.0833103205823,2.1325607332212115,-2.163392085054504
34.24539352555163,2279.6650017173497,180.77982083472693,96.69631874038157,2363.3802890874713,2295.476386439056,1,HIGH,1592.442921185293,-3.303681259618429,1.692748390989813
34.59874103586015,1482.7218784207964,94.93783505399693,98.40541846246343,1605.011081982046,1510.8677236612684,0,MEDIUM,-796.9431232965533,1.7090997220818593,0.35334751030852374
35.411176678103764,2147.368467209428,197.80334385291695,98.5330306568482,2030.8745948498502,2118.3937559379738,1,HIGH,664.6465887886318,0.127612194384767,0.8124356422436136
35.070004645814706,0.0,129.33700571179122,97.94957545954075,-7.4824857143788615,-147.4988900290691,1,MEDIUM,-2147.368467209428,-0.583455197307444,-0.3411720322890588
33.16196390620514,1567.4050989727486,80.73507493414641,98.4863081015025,1706.1513734846899,1689.5366993671419,0,MEDIUM,1567.4050989727486,0.5367326419617484,-1.908040739609568
34.32292305141817,312.4269454327584,160.35180037802448,98.96022967105132,325.40922818951424,161.48125685019264,1,MEDIUM,-1254.9781535399902,0.47392156954882125,1.1609591452130346
35.27294159070658,535.6110633139442,137.14334158394433,98.86754991922307,580.1457265052668,575.430753482259,1,MEDIUM,223.18411788118584,-0.09267975182825694,0.9500185392884077
34.441091212030955,2173.739921198178,172.61476948813987,95.92784316581194,2271.4355720297417,2195.1103725900343,1,MEDIUM,1638.1288578842336,-2.93970675341113,-0.8318503786756253
34.79227785102391,289.56111886498616,133.74038038667305,96.57332726720061,390.1009002301324,442.07541927006895,1,MEDIUM,-1884.1788023331917,0.645484101388675,0.35118663899295655
34.215658201893696,2744.670523972292,295.09086152998697,96.51341817556478,2955.137845384473,2766.781909497849,1,HIGH,2455.109405107306,-0.05990909163583069,-0.5766196491302154
34.805407730010664,3114.9518760042324,64.47708551527461,96.6899339157601,3060.7088555277373,3115.7565075473262,0,HIGH,370.2813520319405,0.17651574019531324,0.5897495281169682
35.47661324722403,122.58476831288442,176.57360509450058,97.09515972829864,5.628274837935596,305.08166772021536,1,MEDIUM,-2992.367107691348,0.4052258125385464,0.671205517213366
33.79015991246764,2259.3640867324402,29.679593101360247,97.96898962492997,2177.0921103671726,2123.1166883375417,0,MEDIUM,2136.7793184195557,0.8738298966313351,-1.6864533347563935
34.39958821298451,2210.148347890415,104.9799130152196,96.28645783032407,2183.3577841160823,2017.1642419906161,0,MEDIUM,-49.215738842025075,-1.6825317946059073,0.6094283005168748
35.423904108401,0.0,153.1133908954178,98.69942342708333,281.9962988850566,119.46177082821914,1,MEDIUM,-2210.148347890415,2.412965596759264,1.0243158954164855
33.67227051102093,1635.3407617394637,126.03990943797442,97.81111763800295,1691.4694540828125,1664.7098084139734,1,MEDIUM,1635.3407617394637,-0.8883057890803769,-1.7516335973800636
35.51206148911453,1330.4883859857005,140.5809715158396,99.35167325076428,1273.1637095780588,1486.6994396161517,1,MEDIUM,-304.8523757537632,1.5405556127613238,1.8397909780935962
34.41797231603547,1096.96940268748,300.0,96.56387667977364,1042.36090547113,1319.8676700159288,1,HIGH,-233.51898329822052,-2.7877965709906363,-1.0940891730790625
34.8448251785517,2203.574333279097,89.21986316068535,97.31101225512813,2042.0385811938756,2285.564731134105,0,MEDIUM,1106.6049305916172,0.7471355753544913,0.42685286251623467
34.052070614797096,1498.8885128774282,65.16885276110003,97.6984986698428,1507.4341676296958,1655.2627152400055,0,MEDIUM,-704.6858204016689,0.3874864147146724,-0.7927545637546061
33.79760515339046,685.0576531981291,99.49605586902673,98.28254531739823,619.6132843804127,625.6527509597277,0,MEDIUM,-813.8308596792991,0.5840466475554251,-0.25446546140663884
34.464661614195236,2424.250193590867,284.06412845588335,94.81671187842163,2539.573676652639,2351.223441441445,1,HIGH,1739.192540392738,-3.4658334389766026,0.6670564608047798
35.007321084671595,1819.049238000731,202.55769791008768,96.92163961144625,1607.2062121636357,1895.1849289585248,1,HIGH,-605.2009555901361,2.104927733024624,0.5426594704763588
35.17043764111116,233.7523875202591,180.41997111864237,98.57118569761715,94.46376392379278,254.88391242575568,1,HIGH,-1585.296850480472,1.6495460861709006,0.16311655643956158
34.730987852393824,735.5200295816742,203.84801880782456,98.99192165776184,755.1985504078526,716.0575918362996,1,HIGH,501.7676420614151,0.4207359601446825,-0.439449788717333
33.46944969454827,1049.0409858954215,288.3838760260174,97.46210447688217,1275.2246524572956,1049.5775746939391,1,HIGH,313.5209563137473,-1.529817180879661,-1.261538157845557
34.42318928464499,1457.0820046100448,288.1148146355832,97.45327575577839,1440.309191655001,1483.2104305505336,1,HIGH,408.0410187146233,-0.0088287211037823,0.953739590096724
34.92003777440967,1527.9899606670672,65.06686323510927,97.32404648628624,1317.0468471687757,1337.8105654790634,0,MEDIUM,70.90795605702237,-0.12922926949215707,0.4968484897646803
33.98593280176321,1083.0471297087022,292.55991577456825,99.0913377173731,1011.924258973497,1187.9605794082297,1,HIGH,-444.942830958365,1.7672912310868583,-0.934104972646459
33.443002279359575,326.82284712892937,146.86726728507298,99.64059563500453,456.9961871219464,383.34927830277576,1,MEDIUM,-756.2242825797728,0.5492579176314365,-0.5429305224036369
33.24771120370471,1668.9155349841076,14.846092585472526,100.0,1807.741918907529,1644.676880192705,0,MEDIUM,1342.0926878551782,0.3594043649954699,-0.1952910756548647
34.15332897052937,2403.941682200752,94.77384766436111,95.69521054372673,2389.2913202156765,2424.4038696748703,0,MEDIUM,735.0261472166444,-4.304789456273269,0.9056177668246619
33.71732613100565,550.8851376349198,297.6898086420883,98.48645818254862,472.1543991530515,692.0983630332514,1,HIGH,-1853.0565445658322,2.7912476388218863,-0.43600283952372365
34.34425805355613,739.3249739190727,7.634051795119151,97.68046625650507,553.6184049369624,750.4493719511612,0,LOW,188.43983628415288,-0.8059919260435464,0.626931922550483
35.02602209871406,1909.5351245888726,119.72632426220575,96.88796528201661,1853.4609078435624,1883.984950985992,0,MEDIUM,1170.2101506698,-0.7925009744884619,0.6817640451579265
33.52545485195815,2353.723891818123,74.98724269323706,97.11010730037749,2247.8454582820955,2492.0006894979656,0,MEDIUM,444.1887672292503,0.2221420183608842,-1.5005672467559066
34.60514827378435,1294.2075774456218,208.5275451911313,98.0993121865726,1280.0124374830523,1384.891744076265,1,HIGH,-1059.516314372501,0.989204886195111,1.0796934218261995
34.0585333650596,1332.9124452715992,144.49772353236338,97.2577173227118,1326.8907044321363,1522.8711200042317,1,MEDIUM,38.70486782597732,-0.8415948638608057,-0.5466149087247487
33.61059888381786,1348.225617704441,171.186893034686,97.2552110306442,1061.0511406302287,1243.722302531411,1,MEDIUM,15.313172432841839,-0.002506292067593563,-0.4479344812417452
34.449825210568214,1494.033323049303,170.45281986181715,98.37507698719023,1484.4083541656864,1388.959163381459,1,MEDIUM,145.80770534486192,1.1198659565460218,0.8392263267503566
35.39867314564192,149.1737653326996,267.848126586957,97.29693832467798,158.90706306661497,73.40212646841223,1,HIGH,-1344.8595577166034,-1.078138662512245,0.948847935073708
33.33979927078806,1529.7605234509,31.381508430691788,97.03130771154989,1504.0566106262102,1596.4119816767568,0,MEDIUM,1380.5867581182006,-0.26563061312809566,-2.058873874853859
34.2110212783334,1563.0542871979453,201.75130822414417,97.97724595560149,1423.7573019029437,1587.2648523546864,1,HIGH,33.293763747045205,0.9459382440516038,0.8712220075453345
34.302062426966394,1475.7698082242018,200.41565150821197,98.19804062450686,1454.670985351028,1506.570074625998,1,HIGH,-87.28447897374349,0.22079466890536992,0.09104114863299628
34.422389298651076,2181.16606577021,200.04224719923883,96.72601006093674,2069.8233404627304,2126.951236884304,1,HIGH,705.3962575460082,-1.4720305635701152,0.12032687168468215
34.65481280814366,2580.659407670958,221.56706141794422,96.02767432168707,2771.309105257262,2541.6053325404596,1,HIGH,399.49334190074796,-0.6983357392496714,0.23242350949258395
34.73418275698645,1601.3952124839739,63.71712285183252,96.01607305546034,1479.6360936964647,1481.9680129753988,0,MEDIUM,-979.2641951869841,-0.011601266226733742,0.07936994884278903
34.47573347745964,3088.741415779947,11.234213339848836,96.08484016590279,3441.9049294288184,3224.415480177913,0,HIGH,1487.3462032959733,0.06876711044245098,-0.25844927952680763
34.817798839287136,1463.519919140043,240.42123729601133,98.67373137091252,1325.7714118109554,1596.6684476494652,1,HIGH,-1625.2214966399042,2.5888912050097304,0.34206536182749403
33.853687428428174,2428.0941750243896,300.0,96.56173900290463,2567.83932423501,2480.458259323536,1,HIGH,964.5742558843467,-2.11199236800789,-0.9641114108589619
34.05489886131222,1801.7806240141058,66.72588183886205,98.27995995247362,1978.2395267732675,1839.3728231873495,0,MEDIUM,-626.3135510102838,1.7182209495689875,0.20121143288404397
33.95949082441886,1741.4108074328865,69.31317133042862,97.32718898925076,1785.7590660344151,1874.732604883741,0,MEDIUM,-60.36981658121931,-0.9527709632228607,-0.0954080368933603
33.75713211018172,2151.7385233605783,47.661050572705534,98.79001680908189,2203.170352452423,2228.273800154435,0,MEDIUM,410.32771592769177,1.4628278198311335,-0.20235871423713547
34.15337922913738,2204.2122949365767,240.55717367590785,97.47056177283281,2372.6878324154013,2210.8984104421925,1,HIGH,52.4737715759984,-1.3194550362490816,0.3962471189556567
34.72225856320079,214.78811424198707,116.23143812063512,100.0,186.2197676537928,171.69729028079504,0,MEDIUM,-1989.4241806945895,2.5294382271671907,0.5688793340634106
34.47150823826052,1159.7406149608923,13.283700707648244,97.86022041084847,1019.7923475241215,1245.8624819259956,0,LOW,944.9525007189053,-2.13977958915153,-0.2507503249402703
35.101388093742464,2209.083821181479,162.28128078293457,94.49245546921364,2202.718929285225,2334.8768105357344,1,MEDIUM,1049.3432062205866,-3.3677649416348316,0.6298798554819456
33.502323521039514,738.3097830457168,240.10580518087295,98.70699689561316,696.6250034675176,708.0418333292687,1,HIGH,-1470.774038135762,4.214541426399521,-1.5990645727029502
33.324783673187916,699.4581617657263,137.33333990424117,99.24992684711322,848.969216154859,833.4619789671925,1,MEDIUM,-38.85162127999047,0.5429299515000565,-0.17753984785159815
33.461905752837175,1473.1790821669124,121.45682327240908,97.31756784527377,1383.3845830290172,1519.5344816052852,1,MEDIUM,773.720920401186,-1.932359001839444,0.13712207964925938
34.74838052050324,2125.26364754438,72.19448668246687,96.58423750496706,1922.888015945397,1946.7712981885857,0,MEDIUM,652.0845653774677,-0.7333303403067077,1.2864747676660642
33.39560115087966,1150.182950571742,192.32440318957669,97.31031729304605,1075.4819612832714,1232.6014607884053,1,HIGH,-975.0806969726382,0.7260797880789909,-1.3527793696235761
35.22022401422397,0.0,251.548541933696,99.82372173320154,123.78077898161229,-32.66772985611705,1,HIGH,-1150.182950571742,2.513404440155483,1.8246228633443096
33.004382553014935,1957.2444133918145,288.62625971118155,94.63311011066654,1925.0408783186194,2027.4789014975174,1,HIGH,1957.2444133918145,-5.190611622535002,-2.2158414612090382
34.64322107936456,2250.916900837427,251.1133822466875,97.22445238266894,2127.23375298441,2384.8714592067636,1,HIGH,293.67248744561243,2.5913422720024073,1.6388385263496232
35.311069371436126,422.6077122453258,160.90881263810783,99.53788302823017,387.3844902887179,428.1062426498184,1,MEDIUM,-1828.3091885921012,2.313430645561226,0.667848292071568
33.26220653338947,1784.6249836719207,183.85644275002255,99.0320463791464,1806.1760381327722,1751.9629268896,1,HIGH,1362.017271426595,-0.5058366490837756,-2.0488628380466594
34.29185812679724,2170.066314317689,22.522996096743235,97.05540841627094,2180.1819249944483,2091.7897800209107,0,MEDIUM,385.4413306457682,-1.9766379628754578,1.0296515934077703
34.401333609028185,2480.0835038142795,132.85541314894527,93.65479299828003,2601.2096590971446,2538.006364157608,1,MEDIUM,310.0171894965906,-3.400615417990906,0.10947548223094827
33.23548886518766,1984.4184198519915,236.2469231501205,96.66874385531823,2045.45213912381,2151.2481615856223,1,HIGH,-495.665083962288,3.0139508570381963,-1.1658447438405233
33.369933194903204,1501.7607316886576,245.4429104018861,97.35344080470026,1436.2702297738886,1693.871498682646,1,HIGH,-482.6576881633339,0.6846969493820296,0.1344443297155422
35.33162830507087,3176.6845264799144,249.96253390685118,96.31734670608422,3082.878398956703,3250.870439158186,1,HIGH,1674.9237947912568,-1.036094098616033,1.9616951101676676
33.916507506226665,1684.1440656224459,16.542992793971532,98.69159925607624,1807.9543451026839,1656.766304463324,0,MEDIUM,-1492.5404608574686,2.374252549992022,-1.4151207988442067
35.249767992673256,2374.6739116714607,149.40937333138504,96.364805234925,2329.1353682395415,2357.1548238575906,1,MEDIUM,690.5298460490148,-2.326794021151244,1.3332604864465907
34.24275733373826,1381.0305596178878,41.26761869971876,96.40977827570498,1436.6313216694853,1559.5561878443355,0,MEDIUM,-993.6433520535729,0.0449730407799791,-1.0070106589349948
34.4570997837933,0.0,273.9932205787344,99.10706793019845,127.9275222262117,-95.26854869121904,1,HIGH,-1381.0305596178878,2.697289654493474,0.21434245005504238
34.10165373720558,1724.2746644322285,274.24581598559786,98.17113879006197,1747.2058823488906,1924.215651617937,1,HIGH,1724.2746644322285,-0.93592914013648,-0.3554460465877227
34.843495800823085,2625.8436512753606,178.30463934341535,95.75302905529999,2680.6717147299055,2813.7957932721265,1,HIGH,901.568986843132,-2.418109734761984,0.7418420636175043
34.23564573413401,699.9963263452908,59.79904287138274,96.00376547163341,1008.5871730502747,933.056526148366,0,LOW,-1925.8473249300698,0.25073641633342447,-0.6078500666890747
33.64173139018104,646.8407470337795,149.69383286366565,99.42339849544267,806.0576199936186,592.7873047764803,1,MEDIUM,-53.15557931151125,3.4196330238092543,-0.5939143439529673
34.81608794677512,1175.6137817029562,30.33877287504401,100.0,1032.9552785709573,1159.4046939330897,0,LOW,528.7730346691767,0.5766015045573312,1.174356556594077
35.317717316600785,247.73370898362157,228.63376327371245,99.22295034568512,239.45001383830893,180.74910699711862,1,HIGH,-927.8800727193346,-0.7770496543148795,0.5016293698256646
35.07924787368949,338.37982091869236,50.41924153851067,97.9354206594528,401.7718217826162,528.2579823274638,0,LOW,90.64611193507079,-1.2875296862323182,-0.23846944291129546
34.21638700161894,3779.4576300185954,119.37188787772861,95.99027999297424,3962.6909412546065,3654.504270895064,0,HIGH,3441.077809099903,-1.945140666478565,-0.8628608720705486
34.468473832403426,2581.0604040331887,14.204317194387961,96.50403941621053,2833.1587664658214,2510.9566085360257,0,HIGH,-1198.3972259854067,0.5137594232362943,0.252086830784485
35.016223317395436,2252.1619901233967,233.93522066842857,97.59536203553587,2176.143123941776,2269.4651238400306,1,HIGH,-328.898413909792,1.0913226193253394,0.5477494849920106
35.10349758956231,1629.3692673878786,42.82861781566486,97.30893496578385,1678.6077102005695,1578.747413402563,0,MEDIUM,-622.792722735518,-0.2864270697520226,0.08727427216687289
33.10902069212726,949.0821087837757,136.39541186869468,98.42330783539853,769.5054659173526,1048.39129154189,1,MEDIUM,-680.287158604103,1.1143728696146837,-1.9944768974350495
33.62123600573874,1275.7185342952862,73.86385527460318,98.53372182708856,1188.2462617281303,1437.9311430202886,0,MEDIUM,326.63642551151054,0.11041399169002375,0.5122153136114775
32.93515840320905,1656.9039177370958,258.03189896278553,98.3454865819311,1507.886103635818,1504.4295981542214,1,HIGH,381.18538344180956,-0.1882352451574576,-0.6860776025296857
34.34623758944661,1744.1614792087632,254.73885002408,96.39505119732355,1758.3634268990418,1684.454425524761,1,HIGH,87.25756147166749,-1.9504353846075446,1.4110791862375578
34.369550585734615,2438.56513165591,204.81252177935946,97.34436576313628,2621.9173533694848,2306.5433287126752,1,HIGH,694.4036524471469,0.9493145658127276,0.02331299628800565
34.642427301960595,1399.776067451591,50.15526663045968,95.45932705127589,1365.0224625606068,1472.9382725223988,0,MEDIUM,-1038.7890642043192,-1.885038711860389,0.27287671622598
33.72949456691054,1142.6928866032758,153.3357513756259,99.10482119405705,1191.8966702329756,1003.4054258909035,1,MEDIUM,-257.0831808483151,3.6454941427811605,-0.912932735050056
35.499397270177724,941.8300331369052,108.57822432681367,98.95096479295378,934.0349214690046,992.8007649385312,0,MEDIUM,-200.86285346637067,-0.15385640110326904,1.769902703267185
34.31327771493919,0.0,239.7721862032388,98.22992961408534,78.71055333149155,1.1545286047048577,1,HIGH,-941.8300331369052,-0.7210351788684477,-1.186119555238534
36.10907848477149,852.5631704009861,56.049156636461014,99.5344989329877,1095.3653228066973,874.9309921396197,0,LOW,852.5631704009861,1.3045693189023666,1.7958007698322973
34.57207619103515,746.8641504135815,295.9036007016572,97.70071627860277,671.0347366178573,618.2080562807737,1,HIGH,-105.69901998740465,-1.8337826543849332,-1.537002293736336
34.18914919351385,255.73596184347898,187.23047578115063,99.40423574665911,223.64749996908736,110.95604707324325,1,HIGH,-491.12818857010245,1.7035194680563421,-0.3829269975213023
34.50104299899713,1388.3484822702696,97.44912268750973,98.01014007535251,1360.1848492923527,1445.6571640854852,0,MEDIUM,1132.6125204267908,-1.3940956713066015,0.3118938054832796
35.30081696824651,1910.507201901267,239.54543396928494,96.35369222668314,2030.3925065454175,2024.4849932763857,1,HIGH,522.1587196309974,-1.656447848669373,0.7997739692493795
35.08904294582748,227.3943303250142,50.997902306422645,98.52574497729667,51.35855679621597,179.9770857000456,0,LOW,-1683.112871576253,2.172052750613531,-0.21177402241902854
35.27400908976136,1711.2540937317892,193.51797815185378,98.40443393489983,1850.0730557032373,1679.7483952354964,1,HIGH,1483.859763406775,-0.12131104239684021,0.18496614393387745
35.17946229786291,3350.7744001737556,26.820373612260415,94.85613802373888,3288.6265786778463,3295.046188685417,0,HIGH,1639.5203064419663,-3.548295911160949,-0.09454679189844484
34.379948579209255,2332.6097177545016,207.40089265462117,96.20164629385079,2142.146813370464,2388.984243179205,1,HIGH,-1018.164682419254,1.3455082701119068,-0.7995137186536567
33.71092997747899,1233.3349902705297,68.2670525298145,98.0756155824469,1253.6585695005406,1385.9322818048279,0,MEDIUM,-1099.274727483972,1.8739692885961148,-0.6690186017302651
35.12717775565477,0.0,99.32569887195288,97.9719177650126,-125.72463230546937,-12.498742733909971,0,MEDIUM,-1233.3349902705297,-0.10369781743429485,1.41624777817578
35.938529368738045,1804.758629870605,7.319655198194731,97.43821229777876,1890.6601730750149,1901.203385833444,0,MEDIUM,1804.758629870605,-0.5337054672338439,0.811351613083275
34.73897700533822,654.4315452933117,80.37410626832913,100.0,495.7093103580921,750.280995685537,0,MEDIUM,-1150.3270845772934,2.5617877022212383,-1.1995523633998246
34.450396183377265,1340.5604317718855,217.34007061615716,97.61525375072051,1485.0867205534578,1357.4208292445032,1,HIGH,686.1288864785738,-2.3847462492794875,-0.2885808219609558
33.90269227916301,1323.5335049465068,77.59438553723407,98.54953526915183,1388.4624971669302,1435.4653664620075,0,MEDIUM,-17.026926825378723,0.9342815184313196,-0.5477039042142522
34.7938433143056,468.9305989917818,278.21276753898786,99.80724978664271,458.07138812897347,454.4064649508906,1,HIGH,-854.602905954725,1.2577145174908821,0.8911510351425846
34.05598579405364,695.6695546263452,136.59653822520076,98.00440868126329,721.1416012225034,581.3107800366398,1,MEDIUM,226.7389556345634,-1.8028411053794287,-0.737857520251957
33.50228700063394,437.1776620413678,296.1020789118713,100.0,431.18566574065136,411.2828076843474,1,HIGH,-258.4918925849774,1.9955913187367145,-0.5536987934196986
34.317144192437326,1342.7654718154056,250.0935786812169,98.77684787407769,1390.570435415294,1350.7880707825825,1,HIGH,905.5878097740379,-1.2231521259223115,0.8148571918033838
34.51250825726122,2101.4474809759236,58.27750223712485,97.83515705775518,2071.7307125243574,2052.6286503293213,0,MEDIUM,758.682009160518,-0.941690816322506,0.19536406482389168
33.69979883271942,657.7383691859576,264.47773739923537,98.70676470837087,532.1455398218512,603.7434994471386,1,HIGH,-1443.7091117899658,0.8716076506156867,-0.8127094245418007
35.291632222606424,832.8421192843432,107.78025101195587,99.88791397590697,668.7089394630426,802.3282957894493,0,MEDIUM,175.1037500983856,1.1811492675360995,1.5918333898870074
34.01810437071455,2655.2061846641304,207.92062010792344,96.0078963559296,2463.811072372141,2470.5978848888317,1,HIGH,1822.3640653797872,-3.880017619977366,-1.2735278518918705
35.45146921463392,2677.727279385471,269.02194754075384,96.27989155891704,2551.2181238813896,2718.108550035623,1,HIGH,22.521094721340432,0.2719952029874406,1.4333648439193638
32.582598044882225,1413.140937411366,280.9361084486969,98.27871434863599,1671.3110634082132,1501.4440138931184,1,HIGH,-1264.586341974105,1.9988227897189432,-2.868871169751692
35.103342422342166,2045.039769074826,299.29949524669985,96.06016520975459,2387.2610870586673,2185.8009634174405,1,HIGH,631.89883166346,-2.2185491388814,2.520744377459941
34.55168878829711,1959.8833290912078,59.71176339948,97.428049425944,1884.099415146473,1888.9889847561155,0,MEDIUM,-85.15643998361816,1.3678842161894096,-0.5516536340450529
35.141017598786924,193.14445928312387,92.94603379361295,98.95816343845325,132.81471171903115,-148.21247734291725,0,MEDIUM,-1766.738869808084,1.5301140125092587,0.5893288104898105
35.07957712048301,1650.806363105277,289.2690266609673,97.77105883633331,1887.6781548229924,1972.3778300259241,1,HIGH,1457.661903822153,-1.1871046021199447,-0.06144047830391486
33.930240073207734,1545.1654320787713,267.195564524847,97.87480658177444,1656.1558619009309,1565.6586634831747,1,HIGH,-105.64093102650554,0.10374774544112597,-1.1493370472752744
34.00189584931443,498.4820681961336,0.0,97.16978548301056,553.1669804429806,538.5136022730696,0,LOW,-1046.6833638826379,-0.7050210987638792,0.07165577610669516
34.618189401774416,544.0818738838282,239.01779807593365,96.53992743690146,437.6688212709841,629.1078547417206,1,HIGH,45.599805687694584,-0.6298580461090921,0.616293552459986
33.35855699286346,0.0,196.18822864416444,99.40164778105715,93.17195389635647,4.467546373505748,1,HIGH,-544.0818738838282,2.8617203441556853,-1.259632408910953
34.766857252467794,1076.300724434667,266.90731436451387,94.50133136458226,991.27483665653,1210.0400030962285,1,HIGH,1076.300724434667,-4.900316416474894,1.4083002596043315
33.74194421262883,2321.19447943118,250.453228484506,96.73614806919294,2218.887569020889,2485.9798001864615,1,HIGH,1244.8937549965128,2.2348167046106795,-1.0249130398389639
35.266636779761164,859.3413883416442,220.8552683734017,98.55321757954123,902.928658951617,774.5038717601353,1,HIGH,-1461.8530910895356,1.81706951034829,1.524692567132334
34.688519004281865,171.6575562210735,286.85117539522645,99.22106107648057,134.44448695131027,213.25520491369707,1,HIGH,-687.6838321205707,0.6678434969393408,-0.5781177754792992
35.16132412962506,1028.4878630864923,37.67330497475219,100.0,1146.9645204106826,965.0120521685982,0,LOW,856.8303068654188,0.7789389235194335,0.47280512534319286
35.40288832909163,2223.5717006409513,61.639814120033144,98.68405650292507,2143.876144989046,2053.3477441381897,0,MEDIUM,1195.083837554459,-1.315943497074926,0.24156419946657337
34.219339671077854,1446.6613504549264,12.190808492764685,98.74726803445958,1372.2140774334048,1582.5585827567356,0,MEDIUM,-776.910350186025,0.0632115315345061,-1.1835486580137768
34.41699868364001,1705.7059168449116,134.3027159185941,99.25255536084761,1527.6512779302852,1624.3035496641353,1,MEDIUM,259.0445663899852,0.5052873263880286,0.19765901256215557
32.72156363697097,1459.3099031292927,300.0,97.73655882693528,1347.512787474246,1494.5116631907224,1,HIGH,-246.3960137156189,-1.515996533912329,-1.69543504666904
34.20359836813349,1336.7617713009215,76.15965616889268,98.58358357394445,1364.0551539285323,1190.7801988567874,0,MEDIUM,-122.5481318283712,0.8470247470091721,1.4820347311625213
34.44552764988677,2823.304081649538,194.42634230802486,98.00543036138666,2899.0345104023395,2770.1623085151014,1,HIGH,1486.5423103486166,-0.578153212557794,0.2419292817532792
35.30411113890902,2245.6767339748817,113.25187842739791,97.17095891760113,2293.071679339539,2155.2896868356456,0,MEDIUM,-577.6273476746564,-0.8344714437855316,0.8585834890222515
33.3624762885691,1747.9773856910942,234.8011646752378,96.76046144843725,1710.3747579998762,1815.0489002914821,1,HIGH,-497.69934828378746,-0.41049746916387164,-1.9416348503399234
35.534710759172285,1129.5355492120677,218.85105793609617,99.13187560225607,1204.9157376894566,1333.0807889627597,1,HIGH,-618.4418364790265,2.3714141538188187,2.172234470603186
33.752303990252244,1029.5357599229962,49.32581453291515,97.50300490858424,1054.5469044847684,973.6161550166368,0,LOW,-99.99978928907149,-1.6288706936718285,-1.7824067689200405
34.45023022871344,1272.4318466112707,197.6029735465731,97.82723151951923,1380.363040915471,1396.6545828852636,1,HIGH,242.8960866882744,0.3242266109349856,0.6979262384611928
35.539153013135646,1988.5084359929642,116.58076020961298,96.14874486358838,1806.5836739796723,2037.5892311577588,0,MEDIUM,716.0765893816936,-1.678486655930854,1.0889227844222091
34.15644467473615,113.45029305224591,105.66955620630068,98.84347923583184,27.014938082092666,246.2573080381187,0,MEDIUM,-1875.0581429407184,2.6947343722434596,-1.382708338399496
33.720440226152206,1064.3140293000645,67.26402196905251,98.53089165862171,949.5061079272293,1191.8739554329877,0,MEDIUM,950.8637362478186,-0.31258757721012387,-0.4360044485839438
34.38833612251292,2362.9820737046243,242.69410581763998,96.72776964021115,2421.468200092176,2338.1056097138967,1,HIGH,1298.6680444045599,-1.803122018410562,0.6678958963607116
33.719976147600015,720.9179704493062,81.62014196781652,96.22070322958808,645.4393305005614,856.039771545101,0,MEDIUM,-1642.064103255318,-0.507066410623068,-0.668359974912903
34.78271313666376,273.6756301703177,145.54648945539915,100.0,147.61765217076828,230.2923055366066,1,MEDIUM,-447.2423402789885,3.779296770411918,1.062736989063744
34.692558122050556,1747.9534509699154,77.53936512677653,98.52174993195773,1737.324263794931,1623.0133218042124,0,MEDIUM,1474.2778207995977,-1.4782500680422714,-0.09015501461320241
35.24341439736494,2978.9091129152553,43.809608242978484,95.01946972736049,3154.875209086901,3000.5641933858547,0,HIGH,1230.95566194534,-3.502280204597241,0.5508562753143806
34.84282457876218,1381.9146053764991,183.80841907355122,98.44387136599026,1575.0182910621722,1345.9160560231155,1,HIGH,-1596.9945075387561,3.4244016386297744,-0.40058981860275367
35.10191601564085,55.02022884098537,169.39742632241558,98.68913828522727,105.4116390299195,114.09994958656974,1,MEDIUM,-1326.8943765355139,0.24526691923701094,0.25909143687866987
35.353822772535,1104.5026316500596,205.19067615032057,98.69036652038804,1168.9069963310064,1269.9539898450623,1,HIGH,1049.4824028090743,0.0012282351607666442,0.25190675689414377
33.40360207504777,1593.8358512936393,166.37615221210714,96.64171576258526,1506.6346346958221,1495.5466513542247,1,MEDIUM,489.3332196435797,-2.0486507578027755,-1.9502206974872252
35.26520708146802,1319.0367555982864,37.21642167666688,98.13721697683981,1116.808919326102,1146.533552401162,0,MEDIUM,-274.7990956953529,1.4955012142545456,1.8616050064202483
35.1426411599555,1117.9018217537164,245.64648189451793,98.76324655174525,1350.930918816987,1038.9975565240325,1,HIGH,-201.13493384457,0.626029574905445,-0.12256592151251766
35.15413876364262,545.6892359830587,263.55017920810013,98.33336024249026,765.7371499717289,569.1856299201603,1,HIGH,-572.2125857706577,-0.4298863092549965,0.011497603687118385
33.04100645634544,871.9213524527767,126.14523509148665,96.90569296722063,753.3200643419301,564.5869812795497,1,MEDIUM,326.232116469718,-1.4276672752696271,-2.113132307297178
34.241224875472035,2028.8525001112137,148.28902172580922,99.50433570698728,2095.442601576592,2102.5242599197095,1,MEDIUM,1156.931147658437,2.598642739766646,1.2002184191265926
33.56926657822332,2032.7216170971956,234.87375911805935,97.59380282020285,2022.2494498760886,1788.4256596376408,1,HIGH,3.8691169859819183,-1.9105328867844236,-0.6719582972487146
35.01164815647124,1233.7833988127602,168.96089444623433,98.94208194258637,1075.5500910172611,1257.1411338583252,1,MEDIUM,-798.9382182844354,1.3482791223835164,1.4423815782479181
34.955952278361224,607.0986286437927,175.85717929271863,97.48709109903606,672.8517847847794,515.7095202395186,1,MEDIUM,-626.6847701689675,-1.4549908435503056,-0.055695878110014974
34.79079265160667,1604.0940230000067,184.76899516562287,97.25339718732448,1728.3910588174836,1537.72147503082,1,HIGH,996.995394356214,-0.23369391171158327,-0.16515962675455143
34.44119130802266,1083.6792724316524,51.47950979458485,98.02748661116954,864.782392614888,1074.7078168593255,0,LOW,-520.4147505683543,0.7740894238450551,-0.3496013435840126
34.598170567422805,344.49892562943114,217.76987984949068,98.92585229200736,374.352485913592,233.80955074796734,1,HIGH,-739.1803468022213,0.8983656808378271,0.15697925940014557
34.10371145253023,419.43604864883724,223.44846074607935,100.0,444.6913931958013,635.6046164583772,1,HIGH,74.9371230194061,1.074147707992637,-0.4944591148925781
34.10687817210186,3723.3889596447343,38.407548546928005,95.42144006330894,3795.7606941580766,3800.7693401885886,0,HIGH,3303.952910995897,-4.5785599366910645,0.0031667195716309493
34.08854120755995,547.8236195966367,117.7409188548676,100.0,665.498778254185,635.0534674305516,0,MEDIUM,-3175.565340048098,4.5785599366910645,-0.01833696454190914
34.24230868056599,771.869290854155,253.12355368201818,98.28769894650799,957.827706145654,974.2484411462777,1,HIGH,224.04567125751828,-1.7123010534920127,0.15376747300604166
33.80720298801207,950.2098113264872,114.683001699466,99.058449787595,729.2444931181267,978.7539665971663,0,MEDIUM,178.34052047233217,0.7707508410870076,-0.4351056925539183
35.0055321667466,1910.401717636468,74.46942293845741,96.60259539903086,2006.187601109274,2090.6981935137615,0,MEDIUM,960.1919063099808,-2.455854388564134,1.1983291787345252
33.38563543253615,1072.1228867918337,49.119768996373985,96.97287337111041,1053.8202493514352,1168.1171783736277,0,LOW,-838.2788308446343,0.37027797207954904,-1.6198967342104496
34.03571155223849,1421.9755402541534,7.074303868767192,98.72064832040348,1441.7520999137962,1668.3712812604608,0,MEDIUM,349.8526534623197,1.747774949293074,0.6500761197023408
34.81488265556128,715.6047792359076,163.696039028295,97.85953575849284,740.0059506687479,851.9143587194426,1,MEDIUM,-706.3707610182458,-0.8611125619106446,0.7791711033227884
34.944971020427225,1716.5676912749295,205.97161915310525,95.08106739492996,1809.0292754698323,1806.0254323268907,1,HIGH,1000.962912039022,-2.7784683635628795,0.13008836486594788
35.17620916189867,3109.249034082386,172.10823140382325,98.04349005708558,3052.221458362994,3149.651903225644,1,HIGH,1392.6813428074565,2.9624226621556176,0.23123814147144373
35.26190838521073,2550.9686044761243,39.47419197297514,96.913319125396,2561.6019984837676,2422.7981346328615,0,HIGH,-558.2804296062618,-1.1301709316895767,0.08569922331206214
34.19165105194664,1851.5136192935393,74.37764000724218,98.31854914093898,2167.430547927451,1931.3336461884212,0,MEDIUM,-699.454985182585,1.4052300155429833,-1.0702573332640881
33.87835720641853,965.9505671061414,21.091779009457447,97.0343537512225,718.691778524652,1028.5943406423467,0,LOW,-885.5630521873978,-1.284195389716487,-0.3132938455281149
35.242096043379895,1864.5044653943205,114.586444406258,97.00813567931955,2081.8745262378156,1994.6808289537294,0,MEDIUM,898.5538982881791,-0.026218071902945894,1.3637388369613674
34.63546348561114,1081.1423306390845,101.89687149532746,99.14036651271165,1375.9756791286848,1096.3863019990745,0,MEDIUM,-783.362134755236,2.1322308333921,-0.606632557768755
35.22042743063893,2417.7163674508265,20.167069032899207,98.14255409168373,2365.218910353565,2502.251780448889,0,MEDIUM,1336.574036811742,-0.9978124210279162,0.5849639450277877
34.4049854975908,558.3439388211968,145.25281652901856,100.0,469.3677398567734,609.264347766915,1,MEDIUM,-1859.3724286296297,1.857445908316265,-0.8154419330481275
34.89683707468966,2832.719062239546,111.10929534760939,96.64642746645133,2885.9276472450365,2786.5685588065953,0,HIGH,2274.375123418349,-3.3535725335486717,0.4918515770988563
33.74401630407859,1224.2419215097511,56.284068540024066,98.66144356180104,1303.247087178826,1268.560517487717,0,MEDIUM,-1608.4771407297949,2.015016095349708,-1.152820770611065
34.31073827552456,1213.1963578835362,163.17914291818894,97.72602655472994,1323.075691100532,1217.3628726339223,1,MEDIUM,-11.045563626214971,-0.935417007071095,0.5667219714459648
35.195877867693035,1416.7678152894223,120.56623196614805,97.48905606506543,1450.2779294201873,1310.4542633991937,1,MEDIUM,203.57145740588612,-0.23697048966451462,0.8851395921684784
35.2372763726507,1749.4963102057377,177.02125823584663,96.95458883145218,1647.5995152301114,2004.1831004409373,1,MEDIUM,332.7284949163154,-0.5344672336132419,0.041398504957662396
34.71011270366836,2465.6990381655373,276.0671043387185,97.52198167216982,2568.7740561070814,2412.955046446907,1,HIGH,716.2027279597996,0.5673928407176305,-0.5271636689823396
34.85703483591678,1128.8280015107282,18.183203591657318,98.4682054632658,1130.131641243996,1215.8512675381608,0,LOW,-1336.8710366548091,0.9462237910959885,0.1469221322484202
35.26155193851663,1871.359304021172,272.7049479373843,98.31306211160273,1915.3210251850298,1826.9626585794924,1,HIGH,742.5313025104438,-0.15514335166307092,0.4045171025998542
33.91556042758819,1869.4235151904581,80.94410272338133,97.97199177220823,1783.206843232903,1816.633749005767,0,MEDIUM,-1.9357888307138182,-0.3410703393945056,-1.3459915109284424
33.388809628795144,2250.979777917632,117.2254610965411,97.08258034131998,2105.196403312542,2447.2739852518685,0,MEDIUM,381.5562627271738,-0.889411430888245,-0.5267507987930458
35.968771356855804,588.652469470896,123.0578738960069,98.72341479741786,357.3079662627551,739.2337738059484,1,MEDIUM,-1662.327308446736,1.6408344560978776,2.5799617280606597
34.3157987726061,451.9589959498437,136.7988432449736,99.2823704325098,532.5254732630858,694.9294581401026,1,MEDIUM,-136.69347352105228,0.5589556350919338,-1.652972584249703
34.035046328801606,1665.8060707678783,252.07730629036672,97.17966297260334,1751.7781762095362,1554.2268750556113,1,HIGH,1213.8470748180346,-2.102707459906455,-0.28075244380449504
35.05095428299472,1608.5998144619105,278.2660594971458,96.43140429594652,1388.534717866795,1645.5478712885035,1,HIGH,-57.20625630596783,-0.7482586766568176,1.0159079541931106
34.852862883788866,2410.1584861374135,161.03310900026443,95.73376717546128,2371.75377239992,2179.085451518379,1,MEDIUM,801.5586716755031,-0.6976371204852398,-0.1980913992058504
34.73193905238195,2914.695188537202,241.2562876646979,95.84250531026821,2892.8800096462664,2947.766236675957,1,HIGH,504.5367023997883,0.10873813480692718,-0.12092383140691965
33.472908626350645,2917.422831852112,142.13202714678854,98.04879714787079,2864.796792483282,2881.8207758353833,1,HIGH,2.727643314909983,2.2062918376025777,-1.2590304260313019
33.633588093039236,1993.7998550088562,41.87913017190115,98.33568645590671,1935.0099396611397,2174.3529173089933,0,MEDIUM,-923.6229768432556,0.2868893080359243,0.1606794666885918
34.248125945197444,293.21377383512896,39.05623555672117,100.0,451.5679366741382,325.6935217055703,0,LOW,-1700.5860811737273,1.6643135440932895,0.6145378521582074
33.73628196481322,1072.7286291999194,157.10546693258223,98.94286465727771,1023.0063024548787,974.6336107025796,1,MEDIUM,779.5148553647905,-1.0571353427222903,-0.5118439803842207
34.08859677985003,2714.4228897084877,198.65706271406864,96.00924006872692,2677.1123936861513,2700.738969597651,1,HIGH,1641.6942605085683,-2.933624588550785,0.35231481503680584
33.97004733775062,2644.91539284795,202.0692731121943,98.26818992973664,2698.5064816306526,2689.078930497909,1,HIGH,-69.50749686053769,2.258949861009711,-0.11854944209940754
33.58536713232934,0.0,88.11062424979126,100.0,17.817726243012235,109.81067443914918,0,MEDIUM,-2644.91539284795,1.7318100702633643,-0.384680205421283
34.29379837575975,1239.0353245534263,139.82584448655533,97.79402348907789,1279.0417384178643,1337.3139515431371,1,MEDIUM,1239.0353245534263,-2.205976510922113,0.708431243430411
35.714250566639144,432.44464017313584,184.65321280220854,98.84597946922474,316.51534099005556,471.7354194318884,1,HIGH,-806.5906843802904,1.0519559801468574,1.420452190879395
35.04353387002714,3025.5257027642865,199.55278294863808,96.11389517687955,3209.6280861209007,2993.93438771706,1,HIGH,2593.081062591151,-2.732084292345192,-0.6707166966120042
33.0762555359392,975.9157158163047,226.1386573961561,97.79553496480341,1007.9042332646833,1026.0748087260035,1,HIGH,-2049.6099869479817,1.6816397879238565,-1.9672783340879434
34.618488023415715,3852.000950227902,281.4118487084116,95.2933222161967,3629.0506703303763,3841.4507506246136,1,HIGH,2876.0852344115974,-2.502212748606709,1.542232487476518
35.044840631060886,1266.8892044150916,259.8931900823673,98.13323933776205,1343.6888496315316,1045.3682490832623,1,HIGH,-2585.1117458128106,2.8399171215653496,0.42635260764517113
33.52855551186406,963.3937592351118,18.90939977409269,98.41856727033773,992.8857269089136,878.0629884427121,0,LOW,-303.4954451799798,0.285327932575683,-1.516285119196823
34.07601389652865,2299.037637038132,130.44712067002104,97.06393532096409,2353.7703358552667,2122.6368823663383,1,MEDIUM,1335.6438778030201,-1.3546319493736405,0.5474583846645871
35.150636049222136,2839.140554859877,181.4342616670132,94.75937570055342,2729.7416531411272,2629.439137506123,1,HIGH,540.102917821745,-2.3045596204106715,1.074622152693486
33.78846971429013,1829.3113898354045,98.02848792657778,97.73638358158772,1749.12262098772,1933.9901443639299,0,MEDIUM,-1009.8291650244723,2.9770078810342966,-1.362166334932006
34.1949340808675,2343.0500702144714,130.08055470323507,95.90454444739264,2464.149856678146,2155.0965994813437,1,MEDIUM,513.7386803790669,-1.8318391341950786,0.4064643665773673
33.592044619602646,429.8551870758614,148.75813620812627,97.78910648288542,265.13609677950734,341.1992836256439,1,MEDIUM,-1913.1948831386098,1.8845620354927775,-0.6028894612648514
34.2337210933482,1366.236138065143,198.52506903506998,97.37871897842814,1193.6429289580776,1549.2228411847993,1,HIGH,936.3809509892816,-0.410387504457276,0.6416764737455551
35.47873357172567,1405.1840794683178,91.35464095515005,98.01528672751265,1485.6632663796358,1422.7146998930916,0,MEDIUM,38.94794140317481,0.6365677490845059,1.2450124783774683
34.26721542006019,0.0,290.5679676015932,98.71087558330144,-17.677652123994406,6.2420734416929875,1,HIGH,-1405.1840794683178,0.6955888557887988,-1.21151815166548
34.7863458285929,2615.795373714944,279.7662560126719,96.1863046446122,2469.413781957001,2505.790271679658,1,HIGH,2615.795373714944,-2.524570938689237,0.5191304085327104
34.50932374104786,2360.9422669542905,34.95168689204911,96.99490986082208,2339.4996798948437,2298.8842783384484,0,MEDIUM,-254.85310676065365,0.8086052162098696,-0.277022087545042
34.76098539900781,1116.202282519587,62.145151836074916,98.65740750661617,1128.9699802928378,1265.735228699821,0,MEDIUM,-1244.7399844347035,1.6624976457940903,0.25166165795995
33.91429828004025,1383.0855244577972,56.49298528466044,97.41133280430103,1330.6213460068411,1364.984854035255,0,MEDIUM,266.8832419382102,-1.2460747023151413,-0.8466871189675587
34.27617361703379,1171.9766776439583,101.7392841437665,97.29145858472374,1255.1217238267395,1266.4320036733866,0,MEDIUM,-211.1088468138389,-0.11987421957728372,0.3618753369935419
34.574813900826626,165.23431537213497,9.535947436799503,97.6640257420057,271.6457871349712,273.7559313771998,0,LOW,-1006.7423622718234,0.37256715728196355,0.29864028379283525
34.248955125628534,2444.0456846302536,300.0,95.28089694406842,2672.822354465745,2266.679530952902,1,HIGH,2278.8113692581187,-2.383128797937289,-0.3258587751980926
34.453167616204766,2570.1473442258757,11.292910203004672,95.08174730779622,2354.1683555072373,2521.7273035176386,0,HIGH,126.1016595956221,-0.19914963627219606,0.20421249057623214
34.494133937322744,1374.5204113516627,187.08951037025736,97.61965500276935,1404.8858365123288,1237.3084020508916,1,HIGH,-1195.626932874213,2.5379076949731285,0.0409663211179776
34.0828436967643,24.547866895100434,136.59210868984687,100.0,46.80146430411733,-81.65120613894402,1,MEDIUM,-1349.9725444565622,2.380344997230651,-0.41129024055844354
34.19146750564519,301.96801783216375,101.87067426134975,98.57104237865809,441.65031081325486,362.6598569215194,0,MEDIUM,277.42015093706334,-1.4289576213419082,0.10862380888089262
33.86612521533092,1279.6120883697777,227.6237777310737,98.34364366759237,1254.0384272812203,1205.5557868130354,1,HIGH,977.644070537614,-0.2273987110657174,-0.32534229031427486
33.99583218416981,724.8989065487214,146.14901541621504,100.0,967.0741117095242,804.5914990585504,1,MEDIUM,-554.7131818210563,1.6563563324076256,0.12970696883888877
33.53149868148387,1044.118278670569,173.95162660764777,98.36077131024932,948.9797275157617,1109.1911888282941,1,MEDIUM,319.21937212184764,-1.6392286897506807,-0.464333502685939
35.13839138825236,1781.7523519820106,87.65689128719661,97.66248085351994,1672.412199930297,1851.2077629554403,0,MEDIUM,737.6340733114416,-0.6982904567293815,1.606892706768491
34.232178810708184,1279.3927308146876,87.83076907988917,94.68245757652231,1276.4983728064694,1345.1622904680926,0,MEDIUM,-502.359621167323,-2.9800232769976276,-0.9062125775441743
34.47934209624783,2911.8603581179145,50.111063738578785,97.83901251574234,2813.750629770582,2785.64892391473,0,HIGH,1632.467627303227,3.1565549392200296,0.24716328553964217
34.12150586929292,903.028214336297,254.102074523691,98.6846533748137,896.5824117796861,1032.871551659653,1,HIGH,-2008.8321437816176,0.8456408590713664,-0.3578362269549089
34.29836739141855,1548.2370947947913,125.24935226542593,99.020430751758,1530.1145357094833,1447.5682553234942,1,MEDIUM,645.2088804584944,0.3357773769442929,0.176861522125634
35.397602456322,1234.9633047592747,183.07097728338343,98.10939902405968,1128.7430206391732,1412.7450800222932,1,HIGH,-313.27379003551664,-0.9110317276983153,1.0992350649034464
34.13821238737646,1683.1702186783689,293.06711514720763,98.3146371326255,1707.2621292926794,1698.0258251678363,1,HIGH,448.2069139190942,0.20523810856582259,-1.2593900689455353
35.560019556053284,2275.400194521892,124.57091051721216,96.06592028435647,2186.8391325207867,2350.3800141930806,1,MEDIUM,592.2299758435231,-2.2487168482690407,1.4218071686768212
34.68956783920982,395.2391675598631,142.40889841038967,99.99991371973529,363.36992621423843,266.414854678011,1,MEDIUM,-1880.161026962029,3.9339934353788237,-0.870451716843462
33.230211178618084,937.6399164153671,136.32062782059276,99.29083925552217,926.9054630800819,811.9369895838332,1,MEDIUM,542.4007488555039,-0.709074464213117,-1.4593566605917374
34.830669521932734,1928.940283774077,15.193859725818488,97.9138750480449,1778.1955486944862,1836.6734498719318,0,MEDIUM,991.3003673587099,-1.3769642074772719,1.6004583433146493
34.28326499679656,1297.401317704509,281.16994645772667,97.14621190988368,1458.624723156539,1422.178047500472,1,HIGH,-631.538966069568,-0.7676631381612253,-0.547404525136173
33.616678350827186,2871.1019462226072,261.7179220798706,97.14779028124705,2895.7456938091436,2989.3681151676255,1,HIGH,1573.7006285180983,0.0015783713633794605,-0.6665866459693746
35.64945773767214,2340.912745555614,242.09375629940726,97.65448887114955,2411.258111728942,2446.328385383369,1,HIGH,-530.1892006669932,0.5066985899024985,2.0327793868449504
34.186329687005305,2010.2428162357949,10.821784782674504,99.08925911367356,2142.4943066110927,1838.445260019379,0,MEDIUM,-330.6699293198192,1.43477024252401,-1.4631280506668318
33.81678730476311,0.0,153.11993174265706,100.0,-20.955528793959974,-12.002800036008967,1,MEDIUM,-2010.2428162357949,0.9107408863264368,-0.3695423822421944
34.14464897246272,1952.0180526784134,4.513710984283795,98.51530423882679,2132.4281946883743,1822.7080792870586,0,MEDIUM,1952.0180526784134,-1.4846957611732137,0.327861667699608
33.69780920120308,1874.658692046936,271.79841719999695,98.729715613837,1834.5339479768243,1739.2723935761253,1,HIGH,-77.35936063147733,0.214411375010215,-0.4468397712596399
35.34541647511084,1117.7922614625058,57.67108239213715,97.30890660129134,1010.3268299589804,1102.4194285341189,0,LOW,-756.8664305844302,-1.4208090125456607,1.6476072739077594
33.64434512252209,3188.343427064726,253.78738057342363,96.33959198351369,3408.601244984084,3068.577025457058,1,HIGH,2070.55116560222,-0.9693146177776555,-1.7010713525887482
34.10436792375523,1607.9376864509518,128.1956748029713,98.29166692215027,1580.6814319425425,1587.8342797148234,1,MEDIUM,-1580.405740613774,1.952074938636585,0.4600228012331371
34.90584979900125,1067.2049891286592,1.3563488840466045,97.68793163721823,979.8404212471053,986.2654888930424,0,LOW,-540.7326973222926,-0.6037352849320428,0.8014818752460258
35.07044380252799,1375.5182918539729,72.78330366167208,100.0,1332.1265301551794,1289.665975966857,0,MEDIUM,308.31330272531363,2.3120683627817726,0.16459400352673725
33.731447929189684,2198.7191538977013,265.19699082564216,97.1564281499461,2018.3817627224723,2259.6501592913537,1,HIGH,823.2008620437284,-2.8435718500539053,-1.3389958733383054
35.517434664020186,1618.2778325688666,236.47294655283486,98.39815400748749,1629.2508545644941,1984.0089713484497,1,HIGH,-580.4413213288346,1.2417258575413967,1.7859867348305016
35.41777592342175,1799.5932875262122,184.1384548291104,97.74582304599902,1626.0520530597232,1665.3597792433031,1,HIGH,181.31545495734554,-0.6523309614884738,-0.09965874059843571
33.36467131266465,2925.2466652043568,35.43277302991939,96.29588144364831,2804.8318009799204,3260.4368153183746,0,HIGH,1125.6533776781446,-1.4499416023507052,-2.053104610757103
33.68221172909018,1029.604273900178,175.64122130522406,98.99745155969096,1226.8649795018678,1116.9380898381185,1,MEDIUM,-1895.6423913041788,2.701570116042646,0.31754041642552977
33.933102778992875,2752.9632763821564,14.509584933272182,96.75118275375755,2697.0009868889956,2854.2713093377683,0,HIGH,1723.3590024819785,-2.2462688059334113,0.25089104990269817
34.205560117417114,2396.1241808931127,136.69335208162877,98.18961472699786,2287.6295412296827,2237.398335055025,1,MEDIUM,-356.83909548904376,1.4384319732403128,0.272457338424239
35.11821326724221,2370.7187754369124,160.66907755339898,95.96683970354152,2392.8657631167293,2507.4440700575406,1,MEDIUM,-25.405405456200242,-2.222775023456336,0.9126531498250969
34.53495348074619,3094.563803812107,170.0183844590888,96.46010564071246,3089.2692007015157,3079.4609414829492,1,HIGH,723.8450283751945,0.49326593717093203,-0.5832597864960221
34.655715830318535,1497.3000156520402,229.94264970595296,97.15663836980956,1603.234629384572,1524.3140071749297,1,HIGH,-1597.2637881600667,0.6965327290971004,0.12076234957234533
34.109856020097055,3414.0957185585153,230.59491330625988,96.37102268057406,3321.7800256229116,3303.5865239906557,1,HIGH,1916.795702906475,-0.7856156892354988,-0.5458598102214793
35.352824406045464,1347.7264458874108,122.21754717947528,97.96825280799281,1381.9156681423203,1234.1426031390363,1,MEDIUM,-2066.369272671104,1.5972301274187544,1.2429683859484086
34.99087990849735,2040.6063776767792,16.318732392115763,97.40799388234515,2081.7269132802567,1960.9776440962758,0,MEDIUM,692.8799317893684,-0.5602589256476591,-0.36194449754811586
35.5583726277748,1648.3222652415732,120.71151016373858,99.1127479825716,1543.9764420863091,1516.2146767932697,1,MEDIUM,-392.284112435206,1.7047541002264524,0.5674927192774533
34.95992412592521,1386.7057334337685,50.552483906954265,97.46220726226194,1243.3838851545088,1365.1407512086882,0,MEDIUM,-261.6165318078047,-1.6505407203096638,-0.5984485018495889
34.51047139924364,2353.9613865951383,192.68663452068535,96.69586187576428,2287.630516541335,2510.476583093806,1,HIGH,967.2556531613698,-0.7663453864976617,-0.4494527266815709
35.367850545328615,1509.40865301452,134.14551442899452,98.5185117655081,1687.5538398713404,1379.9386526179264,1,MEDIUM,-844.5527335806182,1.8226498897438148,0.8573791460849733
33.66766883570353,1614.3047483629507,295.75892962466037,97.79021354201534,1698.5814475582479,1560.3204435634473,1,HIGH,104.89609534843066,-0.7282982234927573,-1.7001817096250846
34.2324564343389,2132.0168485702493,78.54114174959966,98.94330211947977,2191.543472880468,2296.077380955768,0,MEDIUM,517.7121002072986,1.1530885774644304,0.5647875986353696
33.57004561985955,1434.0368918350546,229.8711794196245,98.81318464088623,1388.1882743793706,1347.9256693002587,1,HIGH,-697.9799567351947,-0.13011747859353306,-0.662410814479351
34.9566600925142,1458.7462433405512,183.23230695163338,99.03018919346259,1391.3535737273135,1690.5644787600122,1,HIGH,24.70935150549667,0.21700455257635554,1.3866144726546494
35.544766036747774,1867.919041868955,239.60716561620035,96.81188644841643,1800.5378594523988,1782.5799542624216,1,HIGH,409.17279852840375,-2.2183027450461594,0.5881059442335754
33.788960625434584,2208.7771469003765,143.546760036671,97.43698963040165,2024.8731084503509,2097.1863593423127,1,MEDIUM,340.8581050314215,0.6251031819852244,-1.7558054113131902
35.523500640850955,1160.925510824923,231.77878476583993,96.73349303579333,1151.236346606831,1164.339385113565,1,HIGH,-1047.8516360754534,-0.7034965946083247,1.7345400154163713
34.49133216953848,2119.0241759894357,100.82987566767865,96.55194140642455,1978.940177456865,1838.4767078657417,0,MEDIUM,958.0986651645126,-0.18155162936878355,-1.032168471312474
34.12925283363432,2004.4638392785128,36.83502845740165,96.4383945486378,1802.133509480031,1783.3953683610198,0,MEDIUM,-114.56033671092291,-0.11354685778674423,-0.36207933590416275
33.846222932935476,2545.957970203276,75.32118056420167,96.96905091279936,2475.361064793206,2597.2939907067525,0,HIGH,541.4941309247633,0.5306563641615583,-0.2830299006988426
33.44775060303615,1598.8829987105028,124.9091235719557,97.6158999968273,1474.3695575120655,1573.8378107635315,1,MEDIUM,-947.0749714927733,0.6468490840279344,-0.39847232989932735
34.42309541058956,842.6971946631651,280.9384174950824,97.52833355138266,828.7772329201948,1033.796578116349,1,HIGH,-756.1858040473377,-0.08756644544463654,0.9753448075534124
33.046706934291244,1516.088377153946,232.85669593079942,98.24414246620765,1644.6171457950634,1329.4127068763853,1,HIGH,673.391182490781,0.71580891482499,-1.3763884762983167
34.16601244719524,1759.9926222221845,272.4691151732126,96.0517090836154,1864.6389461976935,1552.3119401769056,1,HIGH,243.90424506823842,-2.1924333825922417,1.119305512903999
34.72748216551566,1101.7418415458128,50.45440942400829,96.52243279429067,1391.3111893457703,942.7802606515274,0,LOW,-658.2507806763717,0.47072371067525864,0.5614697183204171
34.2034376800048,1749.430281232434,93.15654167786758,98.80356154842606,1523.786831045456,1833.0609206983033,0,MEDIUM,647.6884396866212,2.281128754135395,-0.5240444855108635
34.25382152838925,1882.8956285939114,56.528598147536506,97.90670317909665,1928.05014423889,1869.538918073379,0,MEDIUM,133.46534736147737,-0.8968583693294079,0.05038384838445609
33.60849704706485,944.1504544424076,189.60380654462358,98.93722971522457,973.3785480238333,1209.972568740861,1,HIGH,-938.7451741515038,1.0305265361279226,-0.6453244813244012
33.65466516718745,1962.4025178504396,272.92013664211987,96.23483451250638,1930.173407959073,2128.9218997274616,1,HIGH,1018.252063408032,-2.7023952027181934,0.04616812012260141
35.865683388570226,1161.922519172975,161.78037330819276,97.51325373534935,1202.9366522221283,1167.4559052054278,1,MEDIUM,-800.4799986774647,1.2784192228429703,2.2110182213827727
34.873886150636544,1585.3489329378451,164.95947877836704,98.19993711731469,1711.3791364537892,1625.6691486615828,1,MEDIUM,423.4264137648702,0.686683381965338,-0.9917972379336817
33.50400151628392,1294.9089087463622,91.67051416007995,97.69900880834238,1258.9847972169307,1517.6406289828276,0,MEDIUM,-290.44002419148296,-0.5009283089723056,-1.3698846343526228
33.94060463636018,2094.917045911252,55.22390603222877,97.66208233046522,2009.5790100447007,2177.6073219690406,0,MEDIUM,800.0081371648898,-0.036926477877159414,0.43660312007625635
35.20577382304916,822.7808754279966,114.25430585566399,97.64367567441529,762.3866093434127,606.6176141619143,0,MEDIUM,-1272.1361704832552,-0.01840665604993319,1.2651691866889792
34.53415724227726,1941.8091087881735,183.1317010470176,95.64053419791728,1802.1242799763108,1968.0470757878873,1,HIGH,1119.0282333601767,-2.0031414764980155,-0.6716165807718966
34.64064358821566,892.2178530014573,199.47888193346895,99.54770660178269,763.0982030786855,821.8704104133183,1,HIGH,-1049.5912557867161,3.9071724038654168,0.1064863459384
35.191329201050756,542.2251749846685,188.28316420201384,97.8088005416574,520.3276361303041,558.3690965821171,1,HIGH,-349.9926780167889,-1.738906060125288,0.5506856128350961
33.76852575122669,518.9278994943325,48.025873457806604,100.0,592.3578365402388,551.9383970970671,0,LOW,-23.297275490336006,2.191199458342595,-1.422803449824066
33.75109740109582,3070.770223841915,143.95514290348066,96.50922239270237,3174.8595705166194,3122.4103529918557,1,HIGH,2551.8423243475827,-3.4907776072976304,-0.01742835013087074
34.569137080703356,2423.2854126412703,65.5191163696227,97.09326263402318,2409.1878407799636,2338.373429535006,0,MEDIUM,-647.4848112006448,0.5840402413208068,0.8180396796075371
34.654308592285275,2102.868063283729,96.29490884498244,98.35641311590757,2072.1922268861545,1969.6992686538053,0,MEDIUM,-320.4173493575413,1.263150481884395,0.08517151158191894
34.13073154078288,0.0,292.61890978787443,100.0,244.32535944410532,244.67625346498875,1,HIGH,-2102.868063283729,1.6435868840924286,-0.523577051502393
34.901388442873966,3990.82838087656,63.55821052212692,95.3632019344164,4172.241961703594,4135.857052255519,0,HIGH,3990.82838087656,-4.636798065583605,0.7706569020910834
33.69075620367252,639.4799682935666,182.47989216569474,98.69049104701452,775.7554044648363,567.0136316363019,1,HIGH,-3351.3484125829937,3.327289112598123,-1.2106322392014448
34.94052269704786,349.1407197076622,8.718424326871473,97.78797705965822,311.7327976694809,201.49481483326574,0,LOW,-290.3392485859044,-0.9025139873563006,1.2497664933753398
32.97945197774298,2606.922568326152,0.44019718258328044,97.2985604706565,2486.80633812955,2446.6835534977986,0,HIGH,2257.7818486184897,-0.4894165890017206,-1.9610707193048782
33.67037277960378,2548.2713442431627,54.462796773395354,96.68448419290054,2453.1204368544945,2785.1286366893296,0,HIGH,-58.6512240829893,-0.6140762777559559,0.6909208018607984
35.06833592172409,0.0,246.5173189892105,98.64236971042865,74.61903549439609,-4.774924275946006,1,HIGH,-2548.2713442431627,1.957885517528112,1.397963142120311
35.00317339059193,2897.0376650890526,174.32342193746047,96.6683612609775,2940.9948091654783,2971.195289446903,1,HIGH,2897.0376650890526,-1.9740084494511478,-0.06516253113215953
33.698102473753345,1199.7237602566722,5.9325092874302,97.41561214810619,1368.3794568846833,1334.4094430296993,0,LOW,-1697.3139048323803,0.7472508871286863,-1.305070916838588
34.67011376324234,1481.4531624104293,197.6306286494867,98.70706608613744,1410.547037085822,1493.4267934560198,1,HIGH,281.72940215375706,1.2914539380312533,0.9720112894889965
33.61033419038511,431.39968934657435,68.89204221755129,99.54566221840358,615.0465785027187,278.0329119244885,0,MEDIUM,-1050.0534730638549,0.838596132266133,-1.0597795728572308
34.00896929183795,1229.379358754239,262.656827685757,98.70441283919529,1129.9012445035262,1226.174403103665,1,HIGH,797.9796694076647,-0.8412493792082927,0.39863510145283954
33.79867883428982,2664.294945204661,72.26686117025274,96.2873799860823,2732.1956063740986,2764.3751331426456,0,HIGH,1434.9155864504219,-2.4170328531129854,-0.21029045754813325
34.95475974123565,1353.1921561069514,112.79320718031613,98.68439518937433,1205.0725237052206,1233.0326731757843,0,MEDIUM,-1311.1027890977095,2.397015203292028,1.1560809069458315
35.69854339177721,0.0,44.87080777939732,99.49590068920661,48.28837501419822,258.9218456446273,0,LOW,-1353.1921561069514,0.811505499832279,0.7437836505415589
33.715568687826995,0.0,61.72636038691438,98.35558210549605,-105.75515821788532,31.4168374527652,0,MEDIUM,0.0,-1.1403185837105525,-1.9829747039502124
34.350542439688724,2899.178249025999,223.63618557283613,96.19481891761109,2685.427858743579,2783.223990073975,1,HIGH,2899.178249025999,-2.1607631878849674,0.6349737518617289
34.633308242459826,1978.431698055184,234.92993809529642,98.31295455016874,2165.4956069633167,2057.440844391268,1,HIGH,-920.746550970815,2.118135632557653,0.2827658027711024
34.39413207746566,1150.3913013054005,214.60619005613574,96.81770060015783,1082.689737440573,1257.0363896015128,1,HIGH,-828.0403967497834,-1.4952539500109054,-0.23917616499416283
33.8431912716158,3357.90469552312,242.681954772083,96.58478480854164,3558.476235961188,3438.6590859626995,1,HIGH,2207.51339421772,-0.23291579161619325,-0.5509408058498622
33.7429397793738,1111.9273138171159,296.2320290275184,97.89139001278049,1089.859463552664,1221.934140085519,1,HIGH,-2245.977381706004,1.3066052042388492,-0.10025149224200192
32.905849124940495,1105.1582163150174,197.99643711667645,98.47487720309186,1098.3521030612208,1237.5999158466836,1,HIGH,-6.769097502098475,0.5834871903113736,-0.8370906544333039
33.46205954757776,0.0,262.0230174546441,99.47719659331939,180.20292556232263,71.68471553528225,1,HIGH,-1105.1582163150174,1.0023193902275267,0.556210422637264
34.08244608955531,2354.605519856857,143.3783371488204,97.67389686969075,2355.038082305236,2332.712840232282,1,MEDIUM,2354.605519856857,-1.8032997236286405,0.6203865419775525
35.08769094545261,1722.9362416334523,188.5075029771717,96.32419845980164,1807.0998722416564,1506.212060012304,1,HIGH,-631.6692782234047,-1.3496984098891147,1.0052448558972955
34.001539238419234,0.0,226.79338918950214,97.79372073641785,-97.29289772216363,93.77024765681514,1,HIGH,-1722.9362416334523,1.4695222766162175,-1.0861517070333733
34.54548478673355,604.2058553798103,242.39727534122403,96.30942862598832,564.5172367737357,595.1829146156496,1,HIGH,604.2058553798103,-1.4842921104295357,0.5439455483143192
33.61796289272374,1344.8437645487068,10.382577937489021,97.7330967916343,1430.0826709209762,1331.3922372882873,0,MEDIUM,740.6379091688965,1.423668165645978,-0.9275218940098142
35.41822662645592,1788.0569884398208,245.82812349665866,96.62478946394539,1719.5585496578963,1695.837302853698,1,HIGH,443.213223891114,-1.1083073276889053,1.80026373373218
34.752969408200165,1309.7279761862019,99.18285380009877,98.58337878900274,1466.180121275277,1149.5164952851633,0,MEDIUM,-478.3290122536189,1.9585893250573463,-0.6652572182557535
35.11528290744694,2223.624713310738,148.48869786076702,95.87487137224853,2150.0705062103193,1951.7334675160769,1,MEDIUM,913.8967371245362,-2.708507416754202,0.36231349924677403
34.549760506610866,311.0252268685558,118.06189027340498,97.81681275900957,294.2524428054708,244.62916039613728,0,MEDIUM,-1912.5994864421823,1.9419413867610302,-0.5655224008360733
34.07458293133483,1944.3045114642491,123.20348787109049,96.1039303439927,1801.0314044004544,1863.5616183368784,1,MEDIUM,1633.2792845956933,-1.712882415016864,-0.4751775752760352
33.29000296908601,753.942664977673,247.98031819437796,95.70989689684767,928.4973548892236,815.2975663034094,1,HIGH,-1190.3618464865763,-0.3940334471450342,-0.7845799622488201
33.54924241910273,1158.9897937547087,138.8160024631337,97.93462310904694,1033.1807486272455,1159.5809152835175,1,MEDIUM,405.0471287770357,2.224726212199272,0.25923945001672166
34.37329101249382,525.192158303574,85.16743450917406,99.17705837403015,614.1050297272207,337.9090855277172,0,MEDIUM,-633.7976354511346,1.2424352649832144,0.8240485933910904
33.72388335001093,2064.904610028397,231.6689912488112,97.26501020514843,2083.2562361805217,2167.6641115426182,1,HIGH,1539.712451724823,-1.912048168881725,-0.6494076624828935
34.79860660249801,2912.750254312322,118.28021045343975,96.0641191911515,2817.6099357166427,3001.0733913332356,0,HIGH,847.8456442839247,-1.200891013996923,1.0747232524870824
34.32760168004439,1917.8096173198662,98.1122670686153,98.53506276939012,1774.6230877098126,1961.5967504799128,0,MEDIUM,-994.9406369924557,2.470943578238618,-0.47100492245362346
33.6378184061608,1807.2687683070642,161.81192092147157,97.48915339469477,1861.1949132153547,1898.320257903818,1,MEDIUM,-110.54084901280203,-1.0459093746953556,-0.6897832738835916
32.806658037202375,3009.598758377079,190.35528866758654,94.93461046453066,3076.9553410944964,2964.8837764717828,1,HIGH,1202.3299900700147,-2.5545429301641036,-0.8311603689584217
34.62012953354783,2158.901364523616,114.48150369985603,96.44154658937684,2201.9004175606538,2025.3630060444345,0,MEDIUM,-850.6973938534629,1.5069361248461774,1.813471496345457
34.47142053743942,2327.6106390120635,211.61295691857393,95.22954899299391,2542.6701440659504,2368.795107897549,1,HIGH,168.7092744884476,-1.211997596382929,-0.14870899610841093
33.41261032363599,2571.547827302374,27.325012526621762,96.39153974592921,2322.0070797000876,2630.42642216018,0,HIGH,243.9371882903106,1.1619907529352957,-1.058810213803433
33.600522035037116,243.6255156389054,150.81339808835597,97.95650967255044,-165.44953771704357,316.1551873370997,1,MEDIUM,-2327.922311663469,1.564969926621231,0.18791171140112795
34.56690793583525,762.760081108481,82.95329342341945,97.53249880786487,714.2382942104726,861.3437149796312,0,MEDIUM,519.1345654695756,-0.42401086468557025,0.9663859007981372
35.43466807139639,1442.2342301383967,77.36030159435138,98.2038292449108,1596.476423749918,1538.5843529307285,0,MEDIUM,679.4741490299157,0.6713304370459383,0.8677601355611344
34.75427487786074,2234.15748836128,212.18136266856686,97.84508252468423,2393.0112681668493,2269.2930375724077,1,HIGH,791.9232582228831,-0.35874672022657705,-0.6803931935356502
33.60727777791617,2422.876196806958,229.30719594594765,95.68203181754008,2396.577214771272,2688.723056610689,1,HIGH,188.7187084456782,-2.1630507071441514,-1.1469970999445707
34.790458777864096,2885.293351173815,75.82850118526976,96.05608801907009,2875.2560180688906,2964.528587472644,0,HIGH,462.4171543668572,0.37405620153000996,1.183180999947929
34.84880172602409,850.0800985550552,7.1789110546643,96.69549160225507,882.3465302649354,968.4043507571728,0,LOW,-2035.21325261876,0.6394035831849862,0.05834294815999641
34.334062472007986,1782.0979597844646,19.28420452411454,97.16280095346957,1654.6257418311943,1773.2491581866923,0,MEDIUM,932.0178612294094,0.4673093512144959,-0.5147392540161064
33.10444956268156,989.1672686409399,131.5266196276841,99.06631448810141,1210.5802469128148,1052.0680404429909,1,MEDIUM,-792.9306911435247,1.9035135346318413,-1.229612909326427
34.86293389046352,863.2322818485625,201.26280909600138,97.31118410775795,1030.212880904106,727.123873856777,1,HIGH,-125.93498679237746,-1.7551303803434593,1.7584843277819644
34.7621182184983,2502.3509465998786,121.85534876014285,97.99527458922172,2522.721356237967,2708.9813998663076,1,HIGH,1639.1186647513161,0.6840904814637696,-0.10081567196522201
33.94038713363587,2063.658601402239,135.49826175682887,95.12783509866257,2138.6483766032825,1873.1264165746827,1,MEDIUM,-438.6923451976395,-2.86743949055915,-0.821731084862428
33.369160136990644,1893.593755801701,141.82128582704695,97.67902685248094,1847.7700167771247,1899.1688712194466,1,MEDIUM,-170.0648456005381,2.5511917538183724,-0.5712269966452297
34.44805392465437,1148.745751631762,219.0336183276696,99.22639804016035,1163.6587016591998,1225.707101337131,1,HIGH,-744.848004169939,1.5473711876794027,1.0788937876637235
33.7629208460668,1361.8499877515956,84.29557634884344,99.14437704502625,1470.2733173312083,1337.334935012481,0,MEDIUM,213.10423611983356,-0.08202099513410133,-0.6851330785875689
34.30439075904384,164.2443032178328,259.7537233690123,97.59831704801337,237.05948790844533,341.2430486327011,1,HIGH,-1197.6056845337628,-1.5460599970128754,0.5414699129770426
34.25921360737249,2383.0768095283834,137.05494415373926,97.01341889844369,2349.5348199919245,2237.1469843862633,1,MEDIUM,2218.8325063105503,-0.5848981495696819,-0.0451771516713535
34.59226105097967,1499.7192840965663,58.266286860250545,97.13446079806195,1494.0192611929278,1479.4679298280248,0,MEDIUM,-883.3575254318171,0.1210418996182625,0.3330474436071853
33.41392758296778,2324.175445825309,111.21246851611217,97.2398630847495,2331.7097924633417,2080.0139041009984,0,MEDIUM,824.4561617287427,0.10540228668754992,-1.1783334680118926
34.69839970570643,922.8012221998316,155.86946031045838,98.19784325413904,1050.001651002493,1109.8830576540847,1,MEDIUM,-1401.3742236254775,0.9579801693895433,1.2844721227386486
33.256087577095045,2059.8593432093367,52.18401136423311,98.59273182583864,1970.5766659218402,2036.1557078491692,0,MEDIUM,1137.0581210095052,0.394888571699596,-1.442312128611384
34.567775193579386,3026.735745071744,163.47084503330635,97.27865801990987,2991.3154771750496,3195.206422681972,1,HIGH,966.8764018624074,-1.3140738059287713,1.3116876164843418
32.7495571004331,1456.3955982914779,175.77167447892552,98.59451284359362,1616.0657442893116,1480.512735312134,1,MEDIUM,-1570.3401467802662,1.3158548236837504,-1.8182180931462852
34.988987140621326,2458.32522660377,92.14207479014188,95.31981135326673,2692.817214336621,2449.158940220259,0,MEDIUM,1001.9296283122919,-3.2747014903268905,2.239430040188225
34.83949081167532,2390.200068644892,31.670468671713373,95.5498710071659,2417.0094048858623,2458.436415937115,0,MEDIUM,-68.12515795887794,0.2300596538991755,-0.1494963289460074
34.0903230552575,2455.491323039129,19.300133574057742,95.33980970775713,2482.4100126121452,2190.969020526935,0,MEDIUM,65.29125439423706,-0.21006129940877827,-0.749167756417819
34.34257546650384,1676.1315085454369,16.942749304642895,99.08071854523145,1706.3652791341735,1859.231988090659,0,MEDIUM,-779.359814493692,3.740908837474322,0.2522524112463387
34.60572274947008,60.53868867141044,206.04673719043822,98.4723538032788,185.41653777289437,134.72248697450775,1,HIGH,-1615.5928198740264,-0.6083647419526415,0.26314728296624423
34.21853948421066,729.0873636194626,278.5562904821764,97.78792402963141,708.9298621627644,739.2815718406749,1,HIGH,668.5486749480522,-0.6844297736473948,-0.3871832652594236
33.5705554163055,1049.3474646069644,165.80117715763512,99.17753540560334,1098.20797989065,1009.8294587878097,1,MEDIUM,320.2601009875018,1.3896113759719242,-0.6479840679051563
34.45160028544027,907.8962931670959,94.88962564138535,98.3654179718543,814.5668033531027,813.6323272579742,0,MEDIUM,-141.45117143986852,-0.8121174337490373,0.8810448691347688
34.43536241252927,794.2835736027976,157.43299542384918,98.11539208667509,753.6430642876018,855.1977538799156,1,MEDIUM,-113.61271956429835,-0.25002588517921254,-0.016237872910998874
34.352672930596505,1293.3029176213029,94.05766457864195,97.19072703158915,1389.4086810583483,1321.6814652936755,0,MEDIUM,499.0193440185053,-0.9246650550859385,-0.0826894819327677
34.458997252737234,2597.420631091103,206.78034596491224,96.03913091794412,2680.281978017864,2662.3864991763717,1,HIGH,1304.1177134698003,-1.1515961136450272,0.10632432214072907
33.460985769307776,1240.0541914803732,257.65635789944497,96.42461349404896,1232.3532290756189,1085.263556241751,1,HIGH,-1357.36643961073,0.3854825761048346,-0.9980114834294582
34.45107334868014,692.6760249499316,105.26410843154186,98.85176498842937,561.5381333691802,853.5872188241627,0,MEDIUM,-547.3781665304416,2.4271514943804107,0.9900875793723642
33.708683924387344,1434.1467573250707,138.47429696540564,97.0859366004808,1547.1467421291945,1244.276160051499,1,MEDIUM,741.470732375139,-1.7658283879485595,-0.7423894242927958
33.67024189614192,4000.0,64.96923417861814,97.06930529691988,4075.6998797100523,3891.2535456105247,0,HIGH,2565.8532426749293,-0.01663130356092779,-0.038442028245427196
35.10791839715025,765.7178771038821,30.332732686405052,98.96480068371005,788.8969459400519,850.1276457347399,0,LOW,-3234.282122896118,1.8954953867901736,1.4376765010083332
34.67313679677943,2503.312900815086,182.31179071469774,97.4785373989167,2365.680272233528,2555.8796467182424,1,HIGH,1737.5950237112038,-1.4862632847933526,-0.4347816003708189
33.34306549305047,2201.409670572372,194.74464559951187,96.20535009104657,2161.9407273560987,2283.5872365880145,1,HIGH,-301.903230242714,-1.2731873078701312,-1.330071303728964
35.038900251583286,1192.0017026663538,155.22598215146934,97.98489884406433,1178.069857641369,1176.9016021483867,1,MEDIUM,-1009.407967906018,1.7795487530177638,1.6958347585328184
34.92914242428362,462.23253677404176,167.68074593273698,97.4868274969972,568.4039154077577,733.1960906004218,1,MEDIUM,-729.769165892312,-0.49807134706713896,-0.1097578272996671
33.216779782657696,1510.1945385282015,203.82475106245337,98.18875550911953,1567.8764653370906,1584.8726860126205,1,HIGH,1047.9620017541597,0.7019280121223375,-1.7123626416259228
35.14634708083836,1754.0869727343277,83.36188017496859,97.66936127186517,1867.001999854387,2059.8858098786422,0,MEDIUM,243.89243420612615,-0.5193942372543603,1.9295672981806646
35.402812109902996,1398.5576542191995,60.551603025036535,98.96739362631789,1498.457615435354,1268.2749874884314,0,MEDIUM,-355.5293185151281,1.2980323544527153,0.25646502906463553
34.13329146806578,973.7416319534693,44.5237071745372,97.7489320864688,995.1802694853643,882.8831994019816,0,LOW,-424.8160222657302,-1.2184615398490877,-1.269520641837218
34.237434821747954,1574.5317715491253,150.98893111947257,96.2649850703786,1454.4238447426726,1552.5232354354403,1,MEDIUM,600.790139595656,-1.4839470160901982,0.10414335368217564
33.883713279618455,2891.6016257729098,215.63289835893377,96.29108227913181,2973.6508783215495,3019.9635481691344,1,HIGH,1317.0698542237844,0.026097208753213863,-0.3537215421294988
33.78066228722705,100.73736879883819,210.9364857752511,98.53516879158697,-44.89596665945508,109.30695898855859,1,HIGH,-2790.8642569740714,2.244086512455155,-0.10305099239140247
34.596349785708455,340.2139200406301,126.85991010338248,99.90757879746003,542.1813036852909,239.93618101212124,1,MEDIUM,239.47655124179192,1.3724100058730642,0.8156874984814024
35.466409346805236,1100.5275562858653,196.43724743466214,97.17881821871241,1148.0674576931356,981.779374200022,1,HIGH,760.3136362452352,-2.7287605787476252,0.870059561096781
34.21993359220403,476.79547048564183,57.38746245112694,98.72063886939544,551.4711306235606,729.0060509091082,0,LOW,-623.7320858002236,1.5418206506830359,-1.2464757546012066
35.18327976258268,1585.8723503232443,126.51346298313331,96.86307674482187,1791.6187297135739,1725.0278175774783,1,MEDIUM,1109.0768798376025,-1.857562124573576,0.9633461703786494
35.03110512441043,936.9055525939154,233.74225366868995,99.37753407839791,960.1713875550284,1196.2124427025533,1,HIGH,-648.9667977293288,2.514457333576047,-0.15217463817224797
34.670568443195485,1003.4377624676972,223.0372296987815,98.633993254542,705.9041191332025,1108.0941472805355,1,HIGH,66.53220987378177,-0.7435408238559091,-0.36053668121494553
33.06060391877123,1979.8630681901768,111.9865072779593,97.41929302478417,2124.146795765871,1849.5281940123111,0,MEDIUM,976.4253057224796,-1.2147002297578382,-1.6099645244242566
34.34237549967284,2683.7031497823305,28.551365015944732,94.98582650767509,2715.5672360570034,2508.7824779078937,0,HIGH,703.8400815921536,-2.433466517109082,1.2817715809016121
33.58441110211603,3376.214638756184,152.8100694101486,93.16370171973702,3353.440696304906,3374.980129607579,1,HIGH,692.5114889738534,-1.8221247879380655,-0.7579643975568118
33.313366726983226,1732.8119935860213,142.6515354769014,98.78762906139485,1500.976361905931,1636.57057370027,1,MEDIUM,-1643.4026451701625,5.623927341657833,-0.2710443751328029
35.91851844288256,1656.2197529932205,253.4131257529727,97.76415649075255,1499.5186065460057,1864.0232271090154,1,HIGH,-76.59224059280086,-1.0234725706422978,2.605151715899332
35.23220850900079,2335.6223170869994,258.21362006077504,96.87740056108049,2494.248226625811,2238.871033612985,1,HIGH,679.4025640937789,-0.8867559296720628,-0.6863099338817662
34.77275987353204,3569.4554095623835,268.3444041757094,96.71966098179803,3651.0852088271718,3729.5929774415695,1,HIGH,1233.833092475384,-0.15773957928246318,-0.45944863546875325
34.21198227580639,2250.5299305667836,101.04766892276211,97.2334202853086,2221.6278919253227,2349.440181272696,0,MEDIUM,-1318.9254789955999,0.5137593035105681,-0.5607775977256466
34.46750875862422,1107.4349350404134,95.27467244524404,96.94958869377145,1152.615577975002,852.8405163084906,0,MEDIUM,-1143.0949955263702,-0.283831591537151,0.2555264828178281
34.03218997386009,329.8714988277692,66.6675805347283,98.85521655519956,290.38345586155157,267.93171452040787,0,MEDIUM,-777.5634362126442,1.9056278614281155,-0.435318784764128
34.79039509344829,1719.4339675949768,142.31309092487362,98.81356106493313,1683.5945654813036,1899.8645742859906,1,MEDIUM,1389.5624687672075,-0.04165549026643589,0.7582051195881974
34.58792781920717,1591.9320559816529,282.30261421631343,96.97463346782041,1397.0222250504783,1535.0201811040222,1,HIGH,-127.50191161332395,-1.8389275971127148,-0.20246727424112265
34.87706498100686,1345.8404629707932,191.6774453742332,99.56339534276835,1154.642322174127,1446.3388672514177,1,HIGH,-246.0915930108597,2.5887618749479344,0.28913716179969384
34.23848168082239,1546.4165757786163,21.32644133274374,97.98260386557932,1543.3969182417459,1541.0555259890943,0,MEDIUM,200.57611280782316,-1.580791477189024,-0.6385833001844716
34.37796420858664,1001.9451274668031,209.7686662893172,97.44178140390046,1078.5801087907475,938.4084738881136,1,HIGH,-544.4714483118132,-0.5408224616788573,0.13948252776425107
33.08143464313752,999.950735281772,28.140839714832733,99.31464159287387,1308.8463691495062,1042.72392295121,0,LOW,-1.9943921850310744,1.8728601889734051,-1.29652956544912
35.149225848411895,1565.573961513659,253.09694091048405,100.0,1518.1216898415025,1364.6648018156795,1,HIGH,565.623226231887,0.6853584071261309,2.067791205274375
34.7770983564673,2559.1057507779897,223.41167091243375,96.9904957822184,2545.0048774206543,2550.8783296249258,1,HIGH,993.5317892643307,-3.009504217781597,-0.37212749194459604
33.73752411693394,0.0,155.2065515179842,99.67118222086029,-20.774771636384457,-29.373871037123045,1,MEDIUM,-2559.1057507779897,2.680686438641885,-1.0395742395333585
34.00841024962354,1549.8879022232031,13.019401224024893,98.39113833116602,1712.3849386087682,1641.8030017125752,0,MEDIUM,1549.8879022232031,-1.2800438896942694,0.27088613268959705
35.56997406364218,2223.193426575588,32.9731907201045,98.17780144293033,2238.42054111449,1964.3518922326089,0,MEDIUM,673.305524352385,-0.21333688823568764,1.5615638140186405
34.47180396142271,1473.3330284171507,80.01456792870735,98.64728062205697,1769.2800322882267,1550.9141804469543,0,MEDIUM,-749.8603981584374,0.46947917912663684,-1.0981701022194699
35.63885414912816,1920.5820381971973,14.002325343318532,99.1196269623748,1842.0843672242183,1800.9326494453192,0,MEDIUM,447.24900978004666,0.4723463403178272,1.167050187705449
33.86693303978136,1094.5445530269517,36.70371869395969,98.40950819615895,1010.5499381949058,1055.571836480819,0,LOW,-826.0374851702456,-0.7101187662158424,-1.771921109346799
33.5265513704877,1524.5537474916612,153.46779059376541,95.85357835276587,1405.6505495503368,1549.5689882251058,1,MEDIUM,430.0091944647095,-2.5559298433930877,-0.3403816692936559
34.64720938635075,2727.7659581927023,149.9047749748255,97.39631176793945,2704.6570805194992,2718.5818525053783,1,HIGH,1203.2122107010412,1.5427334151735863,1.1206580158630501
34.66594184091622,1106.6930974164961,295.562663254167,96.93207438930655,1245.4194020088387,1026.953673497221,1,HIGH,-1621.0728607762062,-0.4642373786329017,0.018732454565466128
33.54888746820669,2666.5478757157634,157.6437044882775,98.93472749919057,2699.914059274724,2782.716014514311,1,HIGH,1559.8547782992673,2.0026531098840223,-1.117054372709525
34.72598282917735,1837.1833393770462,83.19131363142449,98.13042519839613,1827.5218600047672,1685.4269241758225,0,MEDIUM,-829.3645363387172,-0.804302300794447,1.1770953609706538
36.108597250739116,1130.7059231061846,130.8533161896219,98.08498480438567,1202.1886747620094,1091.8849191284946,1,MEDIUM,-706.4774162708616,-0.04544039401045552,1.3826144215617688
33.889561254044224,1089.425202749238,62.98239856198344,97.76789448625041,933.3242268984628,1287.5267455070198,0,MEDIUM,-41.28072035694663,-0.3170903181352571,-2.219035996694892
34.99087180598283,1936.791538010123,25.762217169990244,98.1049018879363,1983.8428700375493,2062.36003666062,0,MEDIUM,847.3663352608851,0.33700740168588084,1.101310551938603
34.58518266098539,2266.4584547673894,10.705262484545639,97.3306631366407,2269.497386064688,2339.422127023115,0,MEDIUM,329.66691675726634,-0.7742387512955986,-0.4056891449974387
34.04674533171656,1736.280697016663,193.4302057493486,97.53586805657578,1600.835942041486,1738.2968306670723,1,HIGH,-530.1777577507264,0.20520491993508472,-0.5384373292688309
35.735732177677804,2071.0387492234922,167.8508992318971,95.06574359629462,2040.7896129527853,2017.9382540530855,1,MEDIUM,334.75805220682923,-2.4701244602811556,1.6889868459612458
35.73511735354208,1308.9551136921075,253.4842846711902,98.49410399346256,1263.102489472757,1168.1059250667356,1,HIGH,-762.0836355313847,3.4283603971679355,-0.0006148241357237794
33.632160480426634,2665.0817103151253,300.0,97.16156613379229,2816.378786413864,2872.979739075528,1,HIGH,1356.1265966230178,-1.3325378596702677,-2.1029568731154455
33.07566148825118,776.8477197115774,65.4836015258658,98.16985115647309,568.9698489270996,637.6156380404609,0,MEDIUM,-1888.233990603548,1.008285022680795,-0.556498992175456
34.0337002383116,409.4208183310781,224.88217145127794,98.03364958522837,484.97405991019997,415.5607243039436,1,HIGH,-367.42690138049926,-0.13620157124471177,0.9580387500604246
34.27260263296923,2923.241060675062,135.3633650515066,95.36291506921826,2958.2224980643614,2864.579760608199,1,HIGH,2513.820242343984,-2.670734516010114,0.23890239465762875
34.76823623558748,2243.817763091587,215.53450537813893,98.36706305449641,2401.0599137062204,2162.4458726176395,1,HIGH,-679.4232975834748,3.004147985278152,0.4956336026182484
34.653534744525466,1888.019375720758,244.73036950290086,97.67010425703572,1849.7665379423345,1898.1852320924402,1,HIGH,-355.798387370829,-0.6969587974606952,-0.11470149106201433
35.29283380285563,937.5783462585778,216.51898824825983,99.94645409851235,1049.6078189014734,966.1231488974354,1,HIGH,-950.4410294621803,2.2763498414766303,0.6392990583301668
34.624958985090274,2060.099416450102,92.44434713861897,98.69553479682295,2064.4467608989753,2032.357340937447,0,MEDIUM,1122.5210701915244,-1.2509193016893931,-0.6678748177653588
35.61428149958607,1495.5726155058721,215.33633752088346,97.0406192148756,1498.443194574963,1515.7376391154196,1,HIGH,-564.52680094423,-1.6549155819473498,0.9893225144957967
35.70426121721379,2224.6273041033805,0.0,96.70825655914857,2201.509643187613,2396.6094582622372,0,MEDIUM,729.0546885975084,-0.3323626557270387,0.08997971762772039
34.260259926434564,2956.1782105380194,178.01402304578392,97.952686963989,2985.771918470092,3021.907311061836,1,HIGH,731.5509064346388,1.244430404840429,-1.4440012907792266
34.75830571174915,0.0,76.19645025643382,100.0,120.94471128972363,-49.56649644858764,0,MEDIUM,-2956.1782105380194,2.047313036011005,0.4980457853145879
35.432240004350945,3466.320660355151,131.48334928504931,97.32313143814478,3411.571372995648,3478.6282555343787,1,HIGH,3466.320660355151,-2.6768685618552155,0.6739342926017926
34.944909433800035,1318.4822675399928,123.90544703769659,98.37891119065641,1542.1354771486072,1341.6084353879958,1,MEDIUM,-2147.8383928151584,1.0557797525116257,-0.48733057055090967
33.81386353308802,1921.8152062649067,246.65549459275877,98.58491256889252,1917.0030117862275,1715.7043586670407,1,HIGH,603.3329387249139,0.20600137823610964,-1.1310459007120173
34.749540556688856,1221.2527053141916,203.35665133019023,97.32633292184852,1333.592178331835,1353.484890676199,1,HIGH,-700.562500950715,-1.2585796470440016,0.9356770236008387
35.12049681215549,1384.3642889538764,82.15070824930811,96.6917573104457,1603.3770349634292,1614.429364660992,0,MEDIUM,163.1115836396848,-0.6345756114028234,0.3709562554666306
33.6636660945182,1735.9147880095493,175.40981538790783,98.90283641714643,1685.8834482580157,1531.3027980017127,1,MEDIUM,351.55049905567284,2.211079106700737,-1.4568307176372883
33.837690939851704,2125.8529500080335,253.1589830304499,97.29527957133554,2009.892898935321,1957.1347062696314,1,HIGH,389.93816199848425,-1.6075568458108904,0.1740248453335056
34.57140234146405,1313.8690777972686,115.67189838374318,99.62222177647709,1234.0566694819581,1243.6417417733246,0,MEDIUM,-811.983872210765,2.326942205141549,0.7337114016123465
34.116923603766395,2880.0590105726014,40.435203816804346,98.53497786785931,2963.8519263956837,2870.813614515729,0,HIGH,1566.1899327753329,-1.0872439086177792,-0.4544787376976558
33.884710493545334,1284.6801195112164,6.112994359286871,97.15343753694151,1436.2755203404056,1365.0705426151053,0,MEDIUM,-1595.378891061385,-1.381540330917801,-0.2322131102210605
36.024578595935516,673.6769643795186,185.71619375985773,99.7858609680365,721.9723094595128,809.5946718281681,1,HIGH,-611.0031551316978,2.632423431094992,2.1398681023901815
33.10405958724158,860.0709587130283,92.12349790507953,98.08085108016809,710.9898829744991,740.8369894444929,0,MEDIUM,186.39399433350968,-1.705009887868414,-2.9205190086939368
33.793597501176855,2572.952145162502,139.931748894945,96.77123383671335,2566.785755358326,2442.542811145457,1,HIGH,1712.8811864494737,-1.3096172434547384,0.6895379139352755
34.32769997116891,2373.9029975418903,43.75911082192121,96.58962114726053,2396.9801690008144,2417.0838308160205,0,MEDIUM,-199.04914762061162,-0.1816126894528196,0.5341024699920567
34.975167870508216,3585.370398726028,188.40158000198815,97.67632007703374,3563.094834234811,3582.219979638716,1,HIGH,1211.4674011841375,1.0866989297732061,0.6474678993393042
34.289024482092536,1512.0788162007657,24.992519411435328,96.47037133362086,1648.9283571911237,1554.772931843358,0,MEDIUM,-2073.291582525262,-1.2059487434128755,-0.6861433884156796
33.3663061570119,2137.126982112848,195.950883741409,97.85772970711767,2201.338011872514,2113.634237957628,1,HIGH,625.0481659120824,1.3873583734968093,-0.9227183250806377
34.85421506131919,1584.8643289138986,193.49511074300239,99.10816644258314,1609.3747910847692,1548.9182017935232,1,HIGH,-552.2626531989495,1.2504367354654704,1.4879089043072895
33.14858757270548,557.7630941231394,13.435656764002193,97.4549698860551,531.0736816920465,523.7826845038533,0,LOW,-1027.1012347907592,-1.6531965565280444,-1.7056274886137075
34.83498132543011,1355.2563440449503,145.18962810762793,98.10963175324386,1392.6115037249417,1280.389009189182,1,MEDIUM,797.493249921811,0.6546618671887643,1.6863937527246264
32.85940038549792,2671.486185950125,102.40856894936394,97.31289222688858,2647.1460114596575,2712.9553494348215,0,HIGH,1316.229841905175,-0.7967395263552817,-1.9755809399321862
33.572052179314355,719.5688004914499,298.8548764124479,100.0,641.4308252900313,695.0245959512104,1,HIGH,-1951.9173854586752,2.6871077731114212,0.7126517938164341
34.64923208838745,2656.596225563704,135.5816424271482,96.22916203373727,2958.898890416037,2676.96889851749,1,HIGH,1937.0274250722541,-3.7708379662627323,1.0771799090730951
32.93134366991218,2616.868672659638,149.0409279766691,95.95062744669706,2630.461356015163,2698.1765193192555,1,HIGH,-39.727552904066215,-0.2785345870402125,-1.717888418475269
35.17975370115327,2823.424854346067,273.9099203777846,96.49134920429306,2881.051159516129,2770.964293214916,1,HIGH,206.55618168642923,0.5407217575960033,2.248410031241086
33.02860983922991,2254.942071092113,231.46743002191764,97.75674800122485,1996.6388547582076,2172.7195145956975,1,HIGH,-568.482783253954,1.265398796931791,-2.1511438619233587
33.55757789748366,2849.3286113534914,121.22361212807924,97.40882063245924,2844.644505184517,2764.011141383079,1,HIGH,594.3865402613783,-0.34792736876561037,0.5289680582537528
33.73929065888936,2789.7694682811352,278.1643260108546,95.10701681599315,2665.105646441703,2795.5064396162597,1,HIGH,-59.559143072356164,-2.301803816466091,0.1817127614056986
34.47592624551854,2273.2313140726023,118.95416833572133,98.21290063315224,2121.5864259939417,2074.4465939897873,0,MEDIUM,-516.5381542085329,3.1058838171590963,0.7366355866291769
35.416592322409755,679.2988045342292,194.9624272108441,98.39906839412268,780.3715064463589,476.39613385273134,1,HIGH,-1593.932509538373,0.18616776097043441,0.940666076891219
34.333606478479396,1568.7255798970064,144.7794124696774,94.97257978993731,1417.4844514699737,1557.1681645331769,1,MEDIUM,889.4267753627771,-3.4264886041853657,-1.0829858439303592
35.185613394434334,2340.6338197623495,192.20468957581215,98.0448318256005,2430.4314169401814,2256.7920536455595,1,HIGH,771.9082398653431,3.0722520356631833,0.8520069159549379
35.692688316259314,459.6179296042326,76.04766277437905,98.600638104566,349.59305622552444,371.49489917289435,0,MEDIUM,-1881.015890158117,0.5558062789655054,0.5070749218249802
34.902030478554174,2454.95861292869,174.30683536328337,96.90537027924377,2652.347392360254,2396.701349595043,1,MEDIUM,1995.3406833244574,-1.695267825322233,-0.7906578377051403
33.77987287029419,1997.2694471868638,198.95436574503103,98.12307650655507,1943.3152538636375,2072.1253040386237,1,HIGH,-457.6891657418262,1.2177062273112966,-1.1221576082599825
35.074008465359576,1220.0784461084788,201.82462592291668,98.23804316629078,1151.8679945971965,1206.7204250193518,1,HIGH,-777.1910010783849,0.11496665973571396,1.2941355950653843
32.979847475084036,2287.391992277256,228.4709156596483,97.17315233775878,2522.4745865900036,2290.6050386288407,1,HIGH,1067.3135461687773,-1.0648908285320005,-2.0941609902755403
32.61378538887394,1518.5281658586352,290.8904345909721,99.61289416611974,1546.3745089933304,1726.6225881274695,1,HIGH,-768.8638264186209,2.4397418283609653,-0.36606208621009273
34.41041315986654,2862.0398003796836,236.05218556048462,98.03095724166896,2954.3122905624273,2712.239907469287,1,HIGH,1343.5116345210483,-1.5819369244507868,1.7966277709926004
34.24032424931803,2202.9024262190496,292.3629967473171,97.6035091538297,2240.5150508341158,2436.752864582824,1,HIGH,-659.137374160634,-0.42744808783925237,-0.1700889105485146
35.20556904813482,763.1790962606965,255.77210952591068,99.81568647131903,793.6242146491065,662.0194916589041,1,HIGH,-1439.7233299583531,2.2121773174893207,0.9652447988167907
33.49719159643046,1978.935102182199,269.2749278904979,97.01490986857291,2030.7455706063308,1827.6306361669062,1,HIGH,1215.7560059215025,-2.8007766027461116,-1.708377451704358
34.41495121823741,270.4691429521393,129.6900096157466,97.0222055020475,231.11680855073712,196.90469004115312,1,MEDIUM,-1708.4659592300598,0.007295633474583951,0.917759621806951
33.633108636132825,2971.355553301855,153.44138466917593,97.37042005752384,2757.554021190555,3035.051231206122,1,HIGH,2700.8864103497153,0.3482145554763463,-0.7818425821045878
34.388768136038316,2211.083565478536,196.36501723710708,96.78928110098944,2031.3727661448293,2179.4165134077475,1,HIGH,-760.2719878233188,-0.581138956534403,0.7556594999054909
34.685309068158084,1207.6424756580072,299.60161065690113,99.24997779228194,1131.0032449263945,1151.8667356951946,1,HIGH,-1003.4410898205288,2.4606966912924975,0.2965409321197683
34.02888924058181,1403.912777113859,300.0,95.96302479224869,1244.6070641970964,1572.855264887233,1,HIGH,196.27030145585172,-3.2869530000332503,-0.656419827576272
34.73548846998903,710.3923611781195,224.50768968396204,98.57445728907744,932.9883518084812,750.9372096270095,1,HIGH,-693.5204159357395,2.611432496828755,0.7065992294072174
34.64450216562116,1063.5364036196038,251.6860716637377,99.51745503146209,1194.2218691179635,1097.6721260485226,1,HIGH,353.1440424414843,0.9429977423846481,-0.09098630436786692
33.80993560957773,472.8545697565366,19.04322454421788,99.71209766160636,384.932163238585,482.2023748032935,0,LOW,-590.6818338630671,0.19464263014427274,-0.8345665560434341
34.045921641020264,62.16406845129386,91.8274914714296,99.4786606853931,-195.42571235998864,408.67920465584336,0,MEDIUM,-410.6905013052427,-0.23343697621326953,0.23598603144253616
34.99480358091762,583.5864407879558,127.53754456567407,99.58117439259627,528.4918755111889,717.1671751040678,1,MEDIUM,521.422372336662,0.10251370720317254,0.9488819398973547
33.75134250251025,1814.9636925309949,60.12965176450926,97.8808104326427,1659.6597193707375,1904.7539034095485,0,MEDIUM,1231.377251743039,-1.7003639599535632,-1.2434610784073712
34.01231123434248,464.53470247166416,204.92030308376548,98.94066250220321,415.66487814171813,579.032266337369,1,HIGH,-1350.4289900593308,1.059852069560506,0.2609687318322287
33.34423580979528,571.6051914143104,234.81918141872808,100.0,515.104763091382,805.306570135781,1,HIGH,107.07048894264625,1.0593374977967898,-0.6680754245471974
33.75226163265661,2661.683920882411,36.71285746680943,95.2347651481814,2595.640564026924,2538.6193851309713,0,HIGH,2090.0787294681004,-4.7652348518186045,0.40802582286133315
33.70563638646604,2166.122530024431,59.31755899450931,97.31258601015081,2119.0854426829865,2032.107215469773,0,MEDIUM,-495.56139085797986,2.077820861969414,-0.04662524619057251
33.863094945449795,2155.7792787029866,219.42883225772513,95.54934003126932,2345.587298892617,2017.820441471592,1,HIGH,-10.343251321444313,-1.7632459788814856,0.15745855898375538
34.48854407920582,1858.8322523449356,4.5285946358904745,97.48730678569665,2012.0716545917776,1901.4451933474145,0,MEDIUM,-296.94702635805106,1.9379667544273218,0.6254491337560282
33.298757480102864,1976.1030023739822,258.4143265069367,95.22534218893459,1931.9115581410713,1973.800802753809,1,HIGH,117.27075002904667,-2.2619645967620556,-1.189786599102959
34.04876951959324,1820.1686091864153,0.4083215125703924,97.92146203255665,1895.1984873300914,2074.034524250235,0,MEDIUM,-155.9343931875669,2.696119843622057,0.7500120394903789
34.6501527833076,956.7188629868757,146.28120973923657,96.29833736258718,871.4613148444807,1015.8278800607194,1,MEDIUM,-863.4497461995396,-1.6231246699694708,0.6013832637143537
33.534636169988936,1133.5560949119892,191.8669635969713,98.75029987469857,1036.578092312283,982.5663741419928,1,HIGH,176.83723192511354,2.4519625121113933,-1.1155166133186611
34.101173848378,1364.687696914994,240.94347985942488,98.29963691772086,1189.6084552734294,1280.9490178169876,1,HIGH,231.13160200300467,-0.450662956977709,0.5665376783890608
34.957930718951886,1161.7069386464907,56.50370963252017,98.26317469880047,1042.1845728531875,1337.3970112719064,0,LOW,-202.98075826850322,-0.036462218920391365,0.8567568705738893
33.11025008848742,1755.6364175288375,239.67746620387376,99.15378824527768,1983.3244272761453,1609.9110631646324,1,HIGH,593.9294788823468,0.890613546477212,-1.8476806304644668
34.55294704259725,2294.5285335382505,298.12221363237495,96.66128687466156,2277.8904731669368,2345.9558479960165,1,HIGH,538.892116009413,-2.492501370616125,1.4426969541098345
34.51950105642309,1169.5581894203826,84.66181710919881,96.69598496633634,1083.6039038529136,1088.1262438097333,0,MEDIUM,-1124.9703441178679,0.03469809167478388,-0.03344598617416494
34.572933017328815,95.89786014832868,59.898530257527554,98.05499262158715,281.93469466721695,98.71457655527637,0,LOW,-1073.660329272054,1.3590076552508066,0.05343196090572633
34.228672567112845,2902.700100591248,190.2468723798798,95.38045172570786,3076.3443123459256,2890.6333270211035,1,HIGH,2806.8022404429194,-2.6745408958792893,-0.3442604502159696
34.09238645531608,1491.7687520955628,217.83495197034568,96.73557882294033,1255.3341595347963,1441.1532729514313,1,HIGH,-1410.9313484956851,1.3551270972324687,-0.13628611179676398
34.456307143167955,1703.5761347249047,173.33734265888327,96.8287789042525,1793.87064456055,1653.0608876188928,1,MEDIUM,211.80738262934187,0.09320008131217605,0.3639206878518735
33.30768937328927,1511.896441652556,27.04445341686772,98.92822103265746,1570.1771154208573,1560.9804080687932,0,MEDIUM,-191.67969307234875,2.0994421284049594,-1.1486177698786832
33.356039868734335,1460.4819272161078,125.72410896398736,99.96325678608048,1707.4815262085278,1418.266472224314,1,MEDIUM,-51.414514436448144,1.035035753423017,0.04835049544506376
34.502241893514935,446.85231936482154,300.0,99.68558014641876,272.3011984480243,356.3159863700229,1,HIGH,-1013.6296078512862,-0.2776766396617205,1.1462020247805995
34.07558096375473,2270.21535322749,219.34008166403638,96.15567000970242,2181.7027905190425,2651.9329839861057,1,HIGH,1823.3630338626685,-3.529910136716339,-0.4266609297602031
33.360696611076314,2044.386980835223,148.00905723821654,96.93625935489419,2112.7565060776215,1914.0406119772806,1,MEDIUM,-225.82837239226706,0.7805893451917711,-0.7148843526784177
34.27823242568872,4000.0,77.20527494015256,96.27153434941825,4155.224180387482,3908.901738710906,0,HIGH,1955.613019164777,-0.6647250054759439,0.9175358146124069
33.959589487777635,348.0657930935601,95.4437786189399,98.87921084405652,174.2964631544499,440.69246711587704,0,MEDIUM,-3651.93420690644,2.6076764946382696,-0.3186429379110862
34.642976838980886,706.8150306702358,239.58156738819966,96.87883125912785,755.9673234613756,706.4169844236097,1,HIGH,358.74923757667574,-2.000379584928666,0.6833873512032511
33.98914834071897,1446.2515439163162,117.25913931835946,97.70918471931556,1282.2433359400118,1272.244124876274,0,MEDIUM,739.4365132460804,0.830353460187709,-0.653828498261916
33.9743177369987,797.1340720112984,295.835161844289,98.33819883391827,779.2982454187984,671.6924018474114,1,HIGH,-649.1174719050179,0.6290141146027111,-0.014830603720270119
34.36549784640962,772.9964959907005,164.29544348839102,99.15430990434203,703.5463917231692,794.0816563726385,1,MEDIUM,-24.137576020597862,0.8161110704237586,0.39118010941091796
34.37057886334869,2117.6276211294066,45.34198757781852,96.99687093302295,2170.1496111341726,2201.0601372535457,0,MEDIUM,1344.631125138706,-2.157438971319081,0.005081016939072924
35.336591945347806,1139.316696299447,181.9161498897486,98.73021843482105,1134.238448225138,1103.734319946778,1,HIGH,-978.3109248299597,1.7333475017981073,0.9660130819991153
34.02641648490412,743.0755064741112,184.53206763651917,100.0,674.1937862541405,702.0378595398109,1,HIGH,-396.2411898253357,1.2697815651789455,-1.3101754604436877
34.2352580646847,0.0,106.94812605335,98.22753187312979,-164.7365195369624,19.622540294623597,0,MEDIUM,-743.0755064741112,-1.7724681268702085,0.20884157978058226
34.055949867427124,952.9105528680295,41.55890989491061,96.53536697948749,683.6598755858905,888.1803604538861,0,LOW,952.9105528680295,-1.6921648936422997,-0.1793081972575763
35.03873706711423,3455.1291828622116,113.63993379747573,99.99322493800497,3457.657967964974,3432.862147270619,0,HIGH,2502.2186299941823,3.4578579585174793,0.9827871996871096
34.46332277762655,754.145374804165,174.29195198235072,98.62644286629522,785.3140479602064,537.3817431745762,1,MEDIUM,-2700.9838080580466,-1.3667820717097499,-0.5754142894876821
34.19421569512455,1195.842411483082,227.86080683358583,98.61988892044167,1001.20183012408,1304.5547312650929,1,HIGH,441.697036678917,-0.006553945853553955,-0.26910708250200344
34.89374972374155,2139.0032605806327,280.39880200554995,94.91231593888062,2396.3742840335367,2409.404875015848,1,HIGH,943.1608490975507,-3.707572981561043,0.699534028617002
34.92257583320947,1183.5756052805853,247.15446215224605,98.81648918690432,1289.447882679414,1286.6591221088097,1,HIGH,-955.4276553000475,3.904173248023696,0.028826109467921412
33.28828709462123,1978.6948878216024,280.4278463698141,95.76739089684202,1925.5379075303913,1804.5773457154742,1,HIGH,795.1192825410171,-3.049098290062304,-1.6342887385882392
34.4159357126726,2162.7829224930188,299.77621542208334,98.0474235502331,2373.1162884051055,2069.4656154148424,1,HIGH,184.08803467141638,2.280032653391089,1.1276486180513672
34.13647530452502,1472.0064482684709,189.87445761758724,98.78039340357587,1548.068705916043,1377.2877620136778,1,HIGH,-690.7764742245479,0.732969853342766,-0.2794604081475782
33.38165273730329,737.1679736903784,163.98060875162494,98.9671218679047,745.5277072416841,619.3776776762838,1,MEDIUM,-734.8384745780925,0.18672846432882295,-0.7548225672217299
35.7317398373757,1963.0140179466734,86.97738035999254,98.86646961812185,2117.7556590196928,1848.6231101389326,0,MEDIUM,1225.846044256295,-0.10065224978283993,2.3500871000724075
34.26014727932081,638.8463826185575,262.1774250580257,98.78819601001025,634.5355478627172,618.419349213493,1,HIGH,-1324.167635328116,-0.07827360811160133,-1.471592558054887
33.14056766153673,892.04391693093,25.884275411443358,96.63794397491674,802.6670658468562,770.3260329512614,0,LOW,253.19753431237245,-2.1502520350935157,-1.1195796177840833
33.917162119964566,861.278065888542,72.38123358989087,97.80661173950806,1012.5431878986124,831.5309208812898,0,MEDIUM,-30.76585104238802,1.1686677645913193,0.7765944584278373
34.60773804145148,386.38072144911683,104.0401635551716,100.0,420.34203463310195,438.2648188314698,0,MEDIUM,-474.8973444394251,2.1933882604919432,0.6905759214869178
33.375951200788876,127.72633725856623,300.0,97.75500155051725,9.321695019269761,145.9807237312615,1,HIGH,-258.6543841905506,-2.2449984494827504,-1.2317868406626076
34.273612074535315,666.684785971532,170.01135736917655,97.96725221408859,536.3142886120812,617.9938971365781,1,MEDIUM,538.9584487129658,0.21225066357133926,0.8976608737464389
33.15267556821911,1220.080278253012,121.88743749974026,95.52676025480271,1058.214121708015,1214.700130638484,1,MEDIUM,553.39549228148,-2.440491959285879,-1.1209365063162053
34.12973971576478,3147.0287896295495,246.99225134649552,95.53379700074599,3157.256526927609,3054.528765004528,1,HIGH,1926.9485113765375,0.00703674594328163,0.9770641475456685
34.092678345244416,1334.5295836817115,107.31068869900027,97.73385325183887,1314.3289117671966,1266.519889172449,0,MEDIUM,-1812.499205947838,2.2000562510928745,-0.0370613705203624
34.755565897512795,264.00698511840307,14.639987031487527,96.57601828380626,428.7465249671731,516.7566790363596,0,LOW,-1070.5225985633085,-1.1578349680326028,0.6628875522683799
33.8887678835415,3099.6108482295554,243.38335133584468,96.71112448509528,2901.2819564484985,2839.2598280845305,1,HIGH,2835.6038631111524,0.13510620128901962,-0.8667980139712981
34.002206948550416,1805.5128255163995,220.40160771058257,99.33458963455865,1961.9728337558015,1939.5173166936545,1,HIGH,-1294.0980227131558,2.623465149463371,0.11343906500891876
33.78632845318024,2199.876868158251,120.93565497844763,96.90537251112382,2307.64496850632,1936.6424370540274,1,MEDIUM,394.3640426418515,-2.4292171234348388,-0.2158784953701769
35.95078011782907,2880.6241877848056,88.83737777841745,97.11365723469942,3051.638755721838,3004.8444072758593,0,HIGH,680.7473196265546,0.20828472357560202,2.16445166464883
35.00874278816486,2530.5866699049034,96.49366428197239,97.76577117934634,2471.6476920857544,2491.4125761480373,0,HIGH,-350.0375178799022,0.6521139446469277,-0.9420373296642097
35.44272151366832,1604.4927913640736,278.4498968262304,97.75546563706862,1493.6294940472146,1739.0640477263407,1,HIGH,-926.0938785408298,-0.010305542277720292,0.43397872550345795
34.679828953191034,2581.633783622028,194.37277445954675,97.58233532497813,2691.0617175617795,2493.866094855501,1,HIGH,977.1409922579546,-0.17313031209049257,-0.7628925604772832
33.5893861030516,1370.669090428425,123.69498542823521,97.6152028331402,1538.9609176470717,1405.5551509117786,1,MEDIUM,-1210.9646931936031,0.03286750816207018,-1.090442850139432
34.214896842960755,1421.9206943890226,265.58642044849313,97.97559054516516,1142.2918971444271,1429.9612831176655,1,HIGH,51.25160396059755,0.36038771202495923,0.6255107399091528
33.84722506755549,1332.5894419642952,25.2196823367235,97.52900313976276,1310.4893784168153,1343.339860483135,0,MEDIUM,-89.33125242472738,-0.44658740540239705,-0.3676717754052632
34.35491621088067,1227.8532447615364,45.856726368065274,96.57083997297416,1333.3248179401141,1245.6693072689393,0,MEDIUM,-104.73619720275883,-0.9581631667886086,0.5076911433251752
34.71495757213132,1610.6261315825589,152.99488550157344,99.03393146909517,1610.5312717987329,1590.8562039788505,1,MEDIUM,382.77288682102244,2.4630914961210095,0.36004136125065145
33.31917865816796,1270.6363922452563,205.2691225608374,95.8303372150638,1383.1291737775712,1455.0541253806498,1,HIGH,-339.9897393373026,-3.2035942540313584,-1.3957789139633618
33.43244024860122,3630.5758096032864,225.83825441561908,96.78065480336936,3682.768624070046,3705.131715310356,1,HIGH,2359.9394173580304,0.9503175883055519,0.113261590433261
34.272697941779526,2276.149821387974,279.7446195675241,96.7734335749946,2272.185936767865,2194.6602086524636,1,HIGH,-1354.4259882153124,-0.007221228374760358,0.8402576931783088
36.20645168580516,2215.179339147249,5.596803560622894,96.06470565173794,2191.0694674342435,2261.7245283373113,0,MEDIUM,-60.97048224072523,-0.7087279232566601,1.933753744025637
35.08898895529859,323.4976949431003,199.10196767984075,99.16267254236142,426.92634768782244,441.4983281045226,1,HIGH,-1891.6816442041486,3.097966890623482,-1.117462730506574
33.63273844274809,2360.8396530604755,296.5179799603887,97.14080892496138,2200.2244231775658,2633.610742619488,1,HIGH,2037.3419581173753,-2.0218636174000437,-1.456250512550497
34.45895988900486,1002.3297127789224,21.62447518611744,96.85048786631961,914.2414978447646,1003.0629985636073,0,LOW,-1358.509940281553,-0.2903210586417657,0.826221446256767
34.99207847488814,908.718010064804,168.10692531027448,99.86611881156215,813.1166499345286,1074.0952277134963,1,MEDIUM,-93.61170271411834,3.0156309452425347,0.5331185858832796
33.85485771291685,915.8501167346124,92.49117560082978,96.86403500510124,1171.4623299862992,747.7852172839748,0,MEDIUM,7.132106669808309,-3.0020838064609023,-1.1372207619712853
35.10591407297012,227.35116264840778,228.47262927804644,97.8781143762842,-68.40651418348392,168.5277569332274,1,HIGH,-688.4989540862045,1.0140793711829588,1.2510563600532691
33.77374958817449,598.002208167791,162.6361169607159,98.92394127569575,432.9565493616978,291.58138461279225,1,MEDIUM,370.65104551938316,1.0458268994115514,-1.3321644847956335
33.456352147635414,917.6072553697041,44.97888523099282,98.38042735997843,826.8875483951196,772.0466778158556,0,LOW,319.6050472019132,-0.5435139157173268,-0.31739744053907515
33.79325403876256,1080.082761753497,154.95154422766825,97.78086702235761,1132.6854941217507,1075.5828572220703,1,MEDIUM,162.47550638379278,-0.5995603376208152,0.3369018911271482
33.723845241455045,1835.9906916844539,147.81639796268206,95.53511764990095,1932.7757090554812,1967.4341977962351,1,MEDIUM,755.9079299309569,-2.2457493724566575,-0.06940879730751703
33.60284944719942,2221.944715344431,56.29536261608357,97.418372769626,2023.7151787258897,2158.152691472808,0,MEDIUM,385.95402365997734,1.8832551197250496,-0.12099579425562723
34.196516990756905,1278.9892199069313,200.22461227645945,96.9540021910599,1214.1654249753662,1190.0670905938946,1,HIGH,-942.9554954374998,-0.4643705785661041,0.593667543557487
35.408919785627795,1345.4962425002523,89.87973067213363,100.0,1164.5392662376607,1266.0877361892562,0,MEDIUM,66.50702259332093,3.0459978089401005,1.21240279487089
33.78153701079906,1743.604090267948,31.71575293357433,98.88823121062093,1696.7483067307908,1793.9437838161557,0,MEDIUM,398.10784776769583,-1.1117687893790702,-1.6273827748287317
33.085475927705986,2792.5586207957604,230.90005857845964,96.28932346335156,2785.5182139662566,2670.3527129591803,1,HIGH,1048.9545305278123,-2.598907747269365,-0.6960610830930776
34.88591510757718,2768.24218215603,25.843838646259567,96.49234063297217,2529.9254353895903,2763.0365937274555,0,HIGH,-24.316438639730222,0.20301716962060823,1.8004391798711978
33.96466352156874,1693.8487057429925,23.280645929994552,96.5973336485947,1848.1399290684847,1886.6155687472265,0,MEDIUM,-1074.3934764130377,0.10499301562252583,-0.9212515860084451
33.78439232465245,1938.3127213736377,74.16524502626194,98.74744741363995,1924.7365264982252,1931.8605562832981,0,MEDIUM,244.46401563064524,2.1501137650452478,-0.18027119691628712
33.29591408215241,95.10704024963695,106.23238442728223,97.99118745223451,127.47961736437223,46.84984164082327,0,MEDIUM,-1843.2056811240009,-0.7562599614054335,-0.4884782425000438
32.765616356095514,1635.579139526282,215.4411965850496,100.0,1512.4398997470944,1647.9045068873438,1,HIGH,1540.4720992766452,2.008812547765487,-0.5302977260568937
35.49010345608242,1370.3147856991732,211.48677003802874,96.16990976295754,1424.5703592954967,1335.4583171439929,1,HIGH,-265.26435382710883,-3.830090237042455,2.7244870999869093
34.43551616081127,350.62553092270895,126.54721402452795,98.43050051199711,305.90063148329295,400.96522341710596,1,MEDIUM,-1019.6892547764642,2.260590749039565,-1.0545872952711548
34.719841119807406,2465.52675962121,248.91105742813218,98.36319542718103,2359.644490367794,2232.676102639308,1,HIGH,2114.901228698501,-0.0673050848160841,0.2843249589961374
35.303563380432195,812.2547494449491,103.32405572134445,96.94811634612213,662.1562638302787,711.3510943987176,0,MEDIUM,-1653.2720101762611,-1.4150790810588916,0.5837222606247892
34.56492489999735,1848.0866017690007,114.87386960812383,99.07276458982288,1877.2313323972985,2063.298008684119,0,MEDIUM,1035.8318523240516,2.1246482437007472,-0.7386384804348438
35.06295413805114,1478.3633248601386,215.12483366885854,95.83232807317356,1437.7446619695293,1570.0576950513928,1,HIGH,-369.7232769088621,-3.240436516649325,0.49802923805378896
34.03514627490599,1711.9454939308987,244.72769865539166,96.5574842064881,1626.9809623057404,1711.9369416395987,1,HIGH,233.58216907076007,0.7251561333145418,-1.0278078631451493
35.56892250187905,2465.877489732036,26.823427625994395,97.13083823121444,2488.575425822253,2637.4152744704975,0,MEDIUM,753.9319958011372,0.573354024726342,1.5337762269730604
34.83540946386418,1333.5828492034582,37.87024858945133,100.0,1339.552099187141,1184.5448481451256,0,MEDIUM,-1132.2946405285777,2.8691617687855597,-0.7335130380148698
34.55509451048136,2911.5648394201266,126.37920493007366,97.03963331194242,3000.443277957144,2693.841545375098,1,HIGH,1577.9819902166685,-2.960366688057576,-0.2803149533828204
34.469866875617186,412.5507292314548,186.1247939798717,99.21870913949257,493.5982698174163,321.05977166715843,1,HIGH,-2499.014110188672,2.1790758275501503,-0.08522763486417517
33.91912959805083,2264.7365895224507,117.24493644511516,94.71397415666186,2153.5979424869297,2260.653970889921,0,MEDIUM,1852.1858602909958,-4.504734982830712,-0.5507372775663555
34.08024692325411,453.27107630953145,13.098601539135174,97.77223981820251,562.8285273587036,480.43114844996666,0,LOW,-1811.4655132129192,3.058265661540645,0.16111732520327848
34.67759331548644,1083.064893040192,202.91475774095454,95.82504352077287,947.5756075883563,1015.8755605305569,1,HIGH,629.7938167306604,-1.9471962974296417,0.5973463922323319
35.99284393044727,1449.561661251071,232.12624671792912,99.32131043446044,1732.7579374449679,1443.376000162729,1,HIGH,366.49676821087905,3.4962669136875775,1.3152506149608314
33.91898342212854,1263.2010043597359,278.8104800769923,98.68419094164177,1367.8064868307483,1179.0276267045415,1,HIGH,-186.3606568913351,-0.6371194928186696,-2.073860508318731
34.74045587427068,617.0023250521963,12.171592819329371,99.53782428299552,610.5108143834776,620.8759591540298,0,LOW,-646.1986793075396,0.853633341353742,0.8214724521421388
34.295842862172506,646.5006067712858,288.31427567999924,98.57622237678916,838.9603940765257,432.079147920825,1,HIGH,29.498281719089505,-0.9616019062063543,-0.4446130120981735
34.70311892425585,1094.6190000546717,16.50843034376185,97.0377314212116,1003.3142352663567,1153.0971577272358,0,LOW,448.1183932833859,-1.5384909555775579,0.40727606208334066
34.56771257086531,1395.4000396057454,140.04045581232594,99.20557866031524,1478.027607587196,1622.7798930583392,1,MEDIUM,300.7810395510737,2.1678472391036365,-0.13540635339053608
34.45626906044026,1359.6088246173858,295.42560715676547,97.55319414578317,1378.2447139292044,1251.5783850707412,1,HIGH,-35.79121498835957,-1.6523845145320735,-0.11144351042504752
34.99477825211805,26.880564107107435,19.700849369777504,100.0,80.22664578661882,0.6570161104557783,0,LOW,-1332.7282605102785,2.4468058542168336,0.5385091916777895
34.8380552304965,2066.8618606467735,272.8791605211665,98.76576792732351,2031.0266212350216,2052.2819309938245,1,HIGH,2039.9812965396661,-1.234232072676491,-0.15672302162155205
33.926011037377286,1311.4212346120803,14.997516109667037,96.80757762272728,1405.5434416550856,1072.7542606411785,0,MEDIUM,-755.4406260346932,-1.9581903045962292,-0.9120441931192147
33.35859357142929,990.7294931410333,131.68281097448784,98.42422132695057,950.9675277982078,1086.8169923677965,1,MEDIUM,-320.69174147104695,1.6166437042232928,-0.5674174659479974
34.5159338214319,1497.118875566888,194.6045938569558,96.20381651906987,1444.6520715417346,1417.0583003436054,1,HIGH,506.3893824258546,-2.2204048078806977,1.157340250002612
34.809720851007874,1281.6557628087394,226.21456150111158,98.89333439543276,1247.6873093367528,1322.8609144332993,1,HIGH,-215.46311275814855,2.689517876362885,0.2937870295759737
34.45790482048517,2147.257975310963,26.110922496159116,98.93109342942503,2186.6490143391848,1895.135494489802,0,MEDIUM,865.6022125022237,0.037759033992273316,-0.3518160305227056
33.70848690663297,1215.3022948893738,112.14365746068827,98.27525395445201,1338.4518651805847,1287.2450427961555,0,MEDIUM,-931.9556804215892,-0.6558394749730212,-0.7494179138521986
34.07429752215517,748.8953726384353,248.25715728442663,97.46896816695552,771.6751007524364,819.6815308691648,1,HIGH,-466.40692225093846,-0.8062857874964919,0.36581061552220007
34.01458956112977,943.4060266266796,239.25600428010824,97.92561865084551,1129.3548497922432,898.9093989212823,1,HIGH,194.51065398824426,0.4566504838899874,-0.05970796102540277
33.86869239465665,0.0,34.37943725591145,97.38241290440334,18.569132164959672,-30.688391949680927,0,LOW,-943.4060266266796,-0.5432057464421689,-0.14589716647311946
35.5499002239557,1474.735286813966,143.64403992461718,98.268226775366,1363.9108588651384,1562.959581397045,1,MEDIUM,1474.735286813966,0.8858138709626644,1.6812078292990549
34.079790151775235,723.7812907818882,31.634898028164702,96.78609893652221,764.6391602810919,822.2358971128997,0,LOW,-750.9539960320778,-1.4821278388437946,-1.4701100721804679
34.734208634578906,2716.540051335709,206.7420486426767,95.5433824924287,2777.1358309693474,2789.8301365116436,1,HIGH,1992.7587605538208,-1.242716444093503,0.6544184828036705
34.74295215320814,773.334287905337,241.59104615498165,96.91909755104643,853.3580887327093,858.8630477607804,1,HIGH,-1943.205763430372,1.375715058617729,0.008743518629231062
35.97797494151779,231.50283312159897,6.709483400276354,97.39652172455179,385.30534192540887,288.4193502177378,0,LOW,-541.831454783738,0.47742417350535504,1.2350227883096565
35.23477274049303,1408.954057261862,276.92491781553764,98.85694876200155,1447.7223550991848,1475.6098914342,1,HIGH,1177.451224140263,1.4604270374497617,-0.743202201024765
33.871245231398085,165.12622400748634,253.80511795365712,100.0,248.854440072518,86.22234265385481,1,HIGH,-1243.8278332543757,1.1430512379984492,-1.3635275090949435
35.2377220729448,1232.3551633266131,82.63098185944966,95.08356337435546,1132.4619275631446,1013.9187609320882,0,MEDIUM,1067.2289393191268,-4.916436625644536,1.3664768415467137
33.63998622965857,1238.1413251002734,63.385394846098094,97.07051063320031,1271.7283968181175,1312.6556383015184,0,MEDIUM,5.786161773660297,1.9869472588448502,-1.5977358432862303
33.903042730738925,2424.2706632382274,238.96350256234453,97.26851445620426,2515.7717334140716,2303.079301471688,1,HIGH,1186.129338137954,0.19800382300394404,0.2630565010803565
35.28165454691148,1892.5621871961196,240.89611376563457,98.49088967363599,2047.296771136795,2142.762542472198,1,HIGH,-531.7084760421078,1.2223752174317326,1.3786118161725582
33.92675208783651,2502.9988524597766,74.2805181144574,95.99936262427363,2322.8585507414655,2380.845343184763,0,HIGH,610.436665263657,-2.491527049362361,-1.354902459074971
33.36295611143617,1345.6458549534725,255.61631031386102,95.86095477988096,1411.3209261659085,1438.4989002670243,1,HIGH,-1157.352997506304,-0.13840784439267395,-0.5637959764003426
34.45890149204955,2234.0877643285908,47.00681862399004,96.50353519595451,2122.390095502463,2217.7804889493527,0,MEDIUM,888.4419093751183,0.6425804160735566,1.0959453806133794
35.02975927486871,647.0026934544271,99.38397709194808,98.94061902222315,616.3894225870388,646.3238309070566,0,MEDIUM,-1587.0850708741636,2.4370838262686334,0.5708577828191608
33.32592508025698,3526.7275158406737,90.73060475141305,95.44542731135046,3526.4821159013727,3462.1724680926263,0,HIGH,2879.7248223862466,-3.495191710872689,-1.70383419461173
34.148570666045906,2039.4270987222565,128.742653031334,97.45033937052519,2072.7702014382057,2112.8530386402076,1,MEDIUM,-1487.3004171184173,2.0049120591747283,0.8226455857889263
33.49150421485274,1421.0955614103764,107.08033342995923,99.41403982777783,1462.8837098498002,1498.0665194153635,0,MEDIUM,-618.3315373118801,1.9637004572526422,-0.6570664511931668
33.09717614870608,1504.3090851748657,300.0,99.46601845013602,1347.2908222431972,1461.043142843695,1,HIGH,83.21352376448931,0.05197862235819173,-0.39432806614665594
33.54728781339034,773.1085743356672,126.8483861597159,100.0,1091.0033505526094,1051.366407190043,1,MEDIUM,-731.2005108391985,0.5339815498639808,0.45011166468425756
34.82683465078237,1069.7078377906357,300.0,99.98751795311831,1393.321661686365,1068.4851130514842,1,HIGH,296.59926345496854,-0.012482046881686415,1.2795468373920258
33.784927522288676,3184.503599831774,128.05440750145928,96.94486321372759,3107.634766037266,3157.4913809768377,1,HIGH,2114.795762041138,-3.042654739390727,-1.0419071284936905
34.849771794526745,1021.4242068272457,263.50220393822013,96.87672347183994,952.3481119779693,1029.1481986643932,1,HIGH,-2163.0793930045284,-0.0681397418876486,1.0648442722380693
34.18753976510233,1706.6715766508237,262.6843801796344,97.27572283229848,1666.6076880378716,1599.1585015420799,1,HIGH,685.247369823578,0.39899936045854645,-0.6622320294244162
34.49717646214266,566.5831244456989,165.8707764989906,97.62589883477358,458.8583040791642,433.88096496815507,1,MEDIUM,-1140.0884522051247,0.35017600247509506,0.30963669704033236
35.28205426223742,1630.955253109856,81.83464944527941,98.38253642933914,1680.665589969207,1794.6838639584728,0,MEDIUM,1064.3721286641571,0.7566375945655608,0.7848778000947618
34.172208352723416,1530.5268917640003,136.08160234419373,97.39908147321466,1484.8119041423001,1360.6564334225645,1,MEDIUM,-100.42836134585559,-0.9834549561244756,-1.1098459095140072
34.653716401680725,977.4473897004655,298.873524549381,100.0,1216.563716491021,992.4386685196313,1,HIGH,-553.0795020635348,2.6009185267853354,0.48150804895730914
33.91519176889735,1331.1984840815219,74.93088088280153,97.09305124380914,1214.8296133404122,1293.628436074861,0,MEDIUM,353.7510943810564,-2.9069487561908574,-0.7385246327833741
33.865240465845076,2814.886685513205,84.95842090640315,94.6685543927688,2634.7644896380116,2762.2460365771744,0,HIGH,1483.6882014316832,-2.4244968510403453,-0.04995130305227491
34.680604513977265,3054.550254466449,289.5438333225682,95.3120473957011,2911.425312063026,3123.297932268585,1,HIGH,239.66356895324407,0.6434930029323027,0.8153640481321887
33.945979985627986,1804.4922333729346,151.32335416515807,98.15730960911388,1729.6069469519925,1670.5773084796251,1,MEDIUM,-1250.0580210935145,2.8452622134127807,-0.7346245283492792
34.89913214899575,1188.7235772680556,61.29478530392325,97.89403175386221,1149.825331459252,1248.9085767341835,0,MEDIUM,-615.768656104879,-0.2632778552516726,0.9531521633677613
34.4365079722603,587.4235471639543,187.01015604141872,99.55818838963214,502.0491371766159,356.1341294858156,1,HIGH,-601.3000301041013,1.6641566357699276,-0.46262417673544576
34.5147278897813,2244.649532312509,46.30613652635913,97.02459267794156,2358.248138599208,2325.845284561628,0,MEDIUM,1657.2259851485549,-2.5335957116905803,0.07821991752099677
33.39146403028735,2712.6193258398043,23.50743894584049,97.39618809987667,2805.1292480801844,2571.229942095076,0,HIGH,467.9697935272952,0.37159542193511186,-1.123263859493946
34.27010904857167,0.0,96.89506318358681,99.52253168244853,-171.05950240382182,120.34733856713152,0,MEDIUM,-2712.6193258398043,2.126343582571863,0.8786450182843168
35.36684250056911,889.8865634687061,61.26381982523869,98.54850239746126,1236.5888225510628,1103.310480634504,0,MEDIUM,889.8865634687061,-0.9740292849872674,1.0967334519974443
34.19868884179056,873.3996703320497,11.622520543225537,99.3095327813532,878.9369796350456,861.6149975056424,0,LOW,-16.486893136656363,0.761030383891935,-1.1681536587785502
35.177666191781206,1027.2131351876837,136.01229684749353,100.0,928.1554703485303,932.5076327286497,1,MEDIUM,153.81346485563404,0.6904672186468019,0.9789773499906431
34.44785001913851,822.1781150845334,265.4196802690841,98.09944815003963,716.7497203961382,1002.8074080189048,1,HIGH,-205.03502010315037,-1.9005518499603653,-0.7298161726426997
32.48656933166919,1385.4837480309047,256.1504867830194,98.496823724405,1222.7287400843998,1559.9065899518932,1,HIGH,563.3056329463714,0.39737557436536974,-1.9612806874693192
35.68760860863921,2248.2673997484267,60.11649666057204,96.40910224194387,2230.81567635403,2135.3051468889826,0,MEDIUM,862.7836517175219,-2.0877214824611343,3.2010392769700218
33.76228063865434,3073.621917455034,161.9050542746183,96.81098916466874,3201.416173937432,3209.885466151287,1,HIGH,825.3545177066071,0.40188692272487003,-1.9253279699848704
33.98238977199635,1543.0112657461245,267.37047505051214,98.1386919668701,1321.454363521248,1702.3858635646268,1,HIGH,-1530.6106517089092,1.3277028022013582,0.22010913334201376
34.97946293892531,2055.8208879091585,130.01969275630253,97.10126016871352,2140.3395948219427,2069.724985398398,1,MEDIUM,512.809622163034,-1.0374317981565753,0.9970731669289563
34.01943250190186,34.59432018810634,187.89417502973728,100.0,-100.21348167041954,34.863010792887145,1,HIGH,-2021.226567721052,2.898739831286477,-0.9600304370234483
35.452549167872775,325.76185334026025,289.475851164841,100.0,205.72462404216475,476.88661683139884,1,HIGH,291.1675331521539,0.0,1.433116665970914
33.988256607157304,2461.0921140655837,254.64644068792865,96.77114448707644,2399.901246615248,2462.7460656297217,1,HIGH,2135.3302607253236,-3.228855512923559,-1.4642925607154709
34.42358999621765,1505.385652473126,11.122128916571977,99.23975211352918,1427.2789200680184,1371.4496545897368,0,MEDIUM,-955.7064615924578,2.4686076264527372,0.4353333890603466
34.97248240873197,3171.433116413615,73.36832341464843,96.76992772267695,3320.227858505435,3023.750800051676,0,HIGH,1666.0474639404893,-2.4698243908522244,0.54889241251432
34.45193538223627,1468.8938253628396,28.73172573442459,98.5950099836391,1431.7804479508916,1471.2699759055624,0,MEDIUM,-1702.5392910507755,1.825082260962148,-0.5205470264956986
33.76797468962024,863.8299239402937,10.037827280179528,97.21303089968747,741.7772967946622,925.7676341953953,0,LOW,-605.0639014225459,-1.3819790839516344,-0.6839606926160329
34.771647392275,679.0279942200168,204.73193671311432,99.25174460129209,398.1835387229537,545.2244627792146,1,HIGH,-184.80192972027692,2.038713701604621,1.003672702654761
34.13851047166784,1515.8460699774498,3.0468021403468457,98.69001382247029,1470.9574812689639,1522.5440040668927,0,MEDIUM,836.818075757433,-0.5617307788217971,-0.6331369206071571
34.29269186233451,1331.803566921549,213.4820977271326,97.67355509981672,1559.9568457202342,1349.9266977554319,1,HIGH,-184.04250305590085,-1.0164587226535673,0.1541813906666647
33.57214739111804,1136.0844337019428,161.44348719855506,98.36892855614039,1026.010502193545,1207.433107062958,1,MEDIUM,-195.7191332196062,0.6953734563236651,-0.7205444712164706
34.61059879849803,2331.7889616196426,219.39086526667273,98.39347768006455,2319.676092249904,2405.3640076713705,1,HIGH,1195.7045279176998,0.0245491239241602,1.0384514073799949
34.12820978295249,3283.450696700696,247.34372018151328,96.56822751100258,3294.061390675542,3408.4287996645735,1,HIGH,951.6617350810534,-1.8252501690619738,-0.48238901554554303
35.242676171660406,1763.5488298068094,237.23595392045283,98.29478365318082,1912.3310474165055,1580.441081324662,1,HIGH,-1519.9018668938866,1.7265561421782394,1.1144663887079176
33.46796517477854,1357.4777855014827,266.9864755466056,99.64686783272987,1285.9369139330643,1367.6948524740703,1,HIGH,-406.0710443053267,1.3520841795490526,-1.7747109968818648
34.437033110065705,2266.8506148104348,289.9168681463866,96.28775412691394,2279.35797762694,2062.953928513082,1,HIGH,909.3728293089521,-3.359113705815929,0.9690679352871641
35.443138418486846,1211.8204840707808,11.608670028591005,96.71990281026775,1246.3052958323362,1200.1477112535802,0,MEDIUM,-1055.030130739654,0.43214868335381595,1.0061053084211409
34.45546106601546,68.35982915782037,281.7996909039803,98.87500779394841,182.55609879757475,123.14804932671012,1,HIGH,-1143.4606549129605,2.1551049836806584,-0.9876773524713869
34.703338432585554,2176.2140414541936,18.10210372530951,98.81721094138551,2283.321658929937,1994.7938785012489,0,MEDIUM,2107.854212296373,-0.05779685256290179,0.24787736657009418
34.91039974629211,2665.553369499029,139.36769102225702,94.58990501078581,2747.837403078483,2737.5251950200363,1,HIGH,489.3393280448354,-4.227305930599698,0.20706131370655356
33.17019576303048,2828.7002400840533,147.3060620845844,95.60512442227154,2776.5696455303873,2857.161104358185,1,HIGH,163.14687058502432,1.015219411485731,-1.7402039832616296
35.354716152461265,1367.4456474049202,286.1732005428448,97.6338707183729,1613.8182111852511,1225.4724119457846,1,HIGH,-1461.254592679133,2.0287462961013603,2.184520389430787
34.87170088624307,447.72528104253513,4.583018219639471,99.81522253894167,537.9369921317355,589.83039635673,0,LOW,-919.7203663623851,2.1813518205687643,-0.4830152662181959
34.40627142285031,3195.6833665075064,133.6944174204417,96.39325800094802,3198.873418479586,3212.9796359707193,1,HIGH,2747.958085464971,-3.421964537993645,-0.46542946339275915
35.018878030416346,1285.6743298261097,206.38727623362882,96.91301161729206,1377.9826559497822,1459.5298648906598,1,HIGH,-1910.0090366813968,0.5197536163440333,0.6126066075660361
34.12049281517411,2919.964046740531,96.69165384985293,97.18912068789632,2763.55663545897,2959.2273392229263,0,HIGH,1634.2897169144214,0.2761090706042637,-0.8983852152422358
34.199234616954726,1894.0864844938726,149.12591471143526,96.78222760549527,2095.5301211359797,2182.74797882628,1,MEDIUM,-1025.8775622466585,-0.40689308240105504,0.07874180178061607
34.2078066803355,1852.669472052224,200.22565946434884,96.77079419508678,1948.0830937663893,1969.3843108977808,1,HIGH,-41.417012441648694,-0.011433410408486111,0.008572063380775319
33.568513753797795,590.5693803768559,114.21496535581474,98.79553767411107,571.1101138599055,681.0217753759737,0,MEDIUM,-1262.100091675368,2.024743479024295,-0.6392929265377063
34.4283824674047,1795.4538180630557,227.00326192874013,98.6625843574402,1954.6910026446674,1513.0063533948621,1,HIGH,1204.8844376861998,-0.1329533166708785,0.8598687136069074
33.57638023414934,1791.2952498975328,145.3377210464636,97.00692310129251,1787.0904501635468,1820.9057258172713,1,MEDIUM,-4.1585681655228655,-1.6556612561476811,-0.8520022332553623
34.161172796969055,2235.0194524146104,122.73847789968133,97.13181053044083,2302.3964466751513,2097.8478835816572,1,MEDIUM,443.72420251707763,0.12488742914831619,0.5847925628197146
33.83771597633324,1893.607720986494,292.1136053211525,96.6329032618292,1871.4699599259814,1839.427102248222,1,HIGH,-341.41173142811635,-0.4989072686116316,-0.32345682063581194
35.00556615534637,0.0,44.32385249931316,99.14152525230581,162.92559745952772,-56.615217022635406,0,LOW,-1893.607720986494,2.5086219904766125,1.1678501790131293
33.78137491443093,1931.8902972700816,226.0494808189692,96.07606528215148,1823.790831778379,1891.4784861356645,1,HIGH,1931.8902972700816,-3.065459970154336,-1.2241912409154452
34.856790984023974,448.3481339402956,291.11081268514874,98.63216254205531,275.6863933132199,505.6692387707667,1,HIGH,-1483.542163329786,2.5560972599038365,1.0754160695930466
33.01625488194901,2158.1901278485775,213.56817088855252,98.92254254713744,2160.5662811862917,2047.039265646654,1,HIGH,1709.841993908282,0.29038000508212747,-1.8405361020749638
34.163907012657965,1744.6352245589544,126.30058750649187,97.73538176765699,1844.04446258652,1719.904055120481,1,MEDIUM,-413.5549032896231,-1.1871607794804504,1.1476521307089556
35.66125922672317,1809.1628880392527,91.793598091996,99.31894840431553,1613.4567288779986,1918.3987781473031,0,MEDIUM,64.52766348029832,1.5835666366585457,1.4973522140652022
34.225254357778155,1252.8382588648506,65.81147872806788,98.06405130582145,1341.545105364291,1383.1212135583844,0,MEDIUM,-556.3246291744022,-1.2548970984940837,-1.4360048689450124
33.812319083233945,0.0,221.822637616829,98.35797038980819,12.543559292380811,-17.568088055281077,1,HIGH,-1252.8382588648506,0.2939190839867365,-0.41293527454421053
33.25711398413853,1475.8473789103305,256.4290166580866,96.98917220771298,1437.1016129405523,1472.473533470404,1,HIGH,1475.8473789103305,-1.3687981820952047,-0.5552050990954172
34.08916107650481,1733.6058344617513,74.31326687827081,98.82813801842924,1714.9049879954978,1623.696718864598,0,MEDIUM,257.75845555142087,1.8389658107162603,0.832047092366281
33.96431967529735,2486.151567966073,207.63591988961375,97.04471758700076,2537.6648115326716,2484.533393030334,1,HIGH,752.5457335043216,-1.7834204314284818,-0.1248414012074619
34.09158550399113,1134.0316855584229,104.72036890180226,98.03250681227064,1059.3133661929783,1379.4377312549213,0,MEDIUM,-1352.11988240765,0.9877892252698786,0.1272658286937869
34.23982700203308,1836.6012235004266,69.29447136743748,97.70269906234283,1784.188640949131,1870.6365099192499,0,MEDIUM,702.5695379420038,-0.32980774992780937,0.14824149804194775
33.33589177923968,2541.9996571008287,294.72110051017154,96.48143207299717,2555.144935304509,2268.5915843476005,1,HIGH,705.3984336004021,-1.221266989345665,-0.9039352227934003
34.128126668406004,0.0,255.60544749942287,99.29298754830744,80.15846712785928,-1.738024248415035,1,HIGH,-2541.9996571008287,2.8115554753102714,0.7922348891663233
33.3370728657408,783.546263685442,232.9243144858058,99.1675013554625,719.4807183257509,851.7056325099587,1,HIGH,783.546263685442,-0.12548619284493157,-0.7910538026652034
34.58803797003131,251.24143288640389,234.10411489692842,99.31740802263185,333.6957353011099,329.3974384086126,1,HIGH,-532.3048307990381,0.14990666716934697,1.2509651042905077
32.79783512934405,161.4560732086314,16.268308499817323,98.5778670038458,127.35901824642102,191.82202630472148,0,LOW,-89.78535967777248,-0.7395410187860563,-1.7902028406872574
33.612018653671136,995.6038052798754,269.6029258389667,98.9918126948605,903.7599012993181,1012.3972484405692,1,HIGH,834.1477320712439,0.41394569101470324,0.8141835243270847
33.68723045661531,1542.00315954465,208.74067382334908,98.14287496658928,1400.1309732385598,1565.2242135022489,1,HIGH,546.3993542647747,-0.848937728271224,0.07521180294417462
34.90427993351483,3029.235366902028,254.40695040945556,95.999782418615,2905.300045747951,2994.2247666412995,1,HIGH,1487.232207357378,-2.143092547974277,1.2170494768995184
34.47508356797096,2291.981441083961,243.5745474405207,98.1021588757061,2331.9282422111464,2179.8787963521713,1,HIGH,-737.2539258180673,2.102376457091097,-0.4291963655438664
33.96192210928868,1125.3025775719825,219.94859154855396,99.50514825181848,1242.902746279812,906.0808255431549,1,HIGH,-1166.6788635119783,1.4029893761123873,-0.5131614586822835
34.726600892822454,1177.8843482408106,298.5539677430002,99.56282679852804,911.4445105118673,1217.384615311314,1,HIGH,52.581770668828085,0.0576785467095533,0.7646787835337747
33.98438173500834,1568.8836512618418,35.85590588946179,98.94708277985069,1637.5282249153738,1604.045684008793,0,MEDIUM,390.9993030210312,-0.6157440186773471,-0.7422191578141124
34.3170523446891,1372.6204742145362,151.3739675685204,97.6657107606956,1316.188204283795,1346.7461745643056,1,MEDIUM,-196.2631770473056,-1.2813720191550857,0.33267060968076123
35.00067016587875,3085.9882509764175,90.12096013988223,93.94246782378097,3262.166706759535,3173.395030922491,0,HIGH,1713.3677767618813,-3.7232429369146303,0.6836178211896495
35.5273151806892,2383.238502428793,294.10116989960113,96.87511421718214,2426.3526886594327,2294.4497618447053,1,HIGH,-702.7497485476247,2.9326463934011713,0.5266450148104482
35.153176252165274,1301.2433317308873,20.468750637747014,96.42503904702215,1331.2130627295649,1025.2944239077967,0,MEDIUM,-1081.9951706979055,-0.450075170159991,-0.3741389285239265
34.71392957959738,1800.7433081629579,39.515548036246045,96.22606921031418,1872.6795625122695,1748.4765395000175,0,MEDIUM,499.4999764320705,-0.19896983670797397,-0.4392466725678972
34.86028337843553,887.0857304525706,292.9996929362935,99.77156519068987,916.4066566607842,854.6572698463191,1,HIGH,-913.6575777103873,3.5454959803756907,0.14635379883815602
34.87997727604118,416.03880661875553,200.39401376608166,97.77634521159456,391.122247124195,460.9624753007795,1,HIGH,-471.0469238338151,-1.9952199790953102,0.019693897605648658
35.67940027451537,1558.6078108023853,27.002346124236404,98.48748619693843,1623.0075829849293,1445.9475056846115,0,MEDIUM,1142.5690041836297,0.7111409853438744,0.7994229984741921
35.033301772653225,2028.1950352291653,223.32956341868095,96.25569487407036,1965.9974586825786,1954.64749484149,1,HIGH,469.58722442678004,-2.2317913228680766,-0.6460985018621486
35.25336802982012,1597.8517417684413,84.24369746998599,97.42668864401578,1621.239870944536,1721.0039311876474,0,MEDIUM,-430.343293460724,1.1709937699454258,0.22006625716689854
34.049818438700946,329.59401302354445,262.89954871980353,98.81154632695802,413.33498779681616,261.246249678245,1,HIGH,-1268.257728744897,1.3848576829422399,-1.2035495911191774
34.66298030546832,1518.7910548868292,252.722261090209,97.13836991506001,1304.4097498843207,1479.9740122948926,1,HIGH,1189.1970418632848,-1.6731764118980124,0.6131618667673706
33.97493428966029,552.9886944486093,107.84053698057305,98.91292749540025,496.1709143007382,440.91001847404806,0,MEDIUM,-965.8023604382199,1.7745575803402431,-0.6880460158080268
35.19241586462463,1689.8753413473441,112.10025893888087,95.73159518553848,1530.9308899039565,1781.8044617955109,0,MEDIUM,1136.8866468987349,-3.181332309861773,1.2174815749643386
34.0577286070437,2558.123952522987,293.7848379119162,97.45839428301066,2488.5884216813847,2816.002108519509,1,HIGH,868.248611175643,1.7267990974721812,-1.1346872575809286
34.305639837532254,1390.128332139887,265.7730864477656,96.78717497908427,1489.8847994589994,1421.767354785991,1,HIGH,-1167.9956203831,-0.6712193039263923,0.24791123048855468
33.76631092141232,1418.0693312970632,33.52914776579048,99.53431430029451,1615.4004082180136,1293.3485522437131,0,MEDIUM,27.940999157176066,2.7471393212102413,-0.5393289161199348
33.219944143532835,2677.8556906909434,278.7673338050658,97.78809189754388,2778.8372180878046,2775.4941217022315,1,HIGH,1259.7863593938803,-1.7462224027506323,-0.5463667778794843
33.82292326902756,2256.362384861863,76.90026502004622,96.8733779581632,2169.1495924617557,2198.748665022437,0,MEDIUM,-421.4933058290803,-0.9147139393806754,0.602979125494727
34.58004255915995,1596.017816373577,247.40841101183838,97.44012887647398,1355.363510738669,1830.955143731584,1,HIGH,-660.3445684882861,0.566750918310774,0.7571192901323869
33.71435513157716,552.2547725968938,184.9386572954769,99.10793764650215,641.2232817118716,448.70703797513966,1,HIGH,-1043.7630437766834,1.6678087700281736,-0.8656874275827917
34.50148614518742,0.0,283.13680755329636,99.7522378412063,-66.67754786140381,38.57003746984925,1,HIGH,-552.2547725968938,0.6443001947041438,0.7871310136102636
33.704707884284964,1328.4834001745162,37.53974275255177,97.18476039308233,1029.1404335083373,1188.4132347041611,0,MEDIUM,1328.4834001745162,-2.5674774481239666,-0.7967782609024567
34.15274252927025,219.59928620552674,212.2053344304451,99.81602796635153,342.08908353042364,364.9159994706411,1,HIGH,-1108.8841139689894,2.6312675732691986,0.44803464498528456
34.20981032666999,2693.954044862706,55.95258917703409,97.35410241478358,2775.2422878529082,2544.769038945417,0,HIGH,2474.354758657179,-2.461925551567944,0.057067797399739106
35.50094369507068,0.0,201.11541435862068,97.3875934741638,-19.96883391214189,134.11326187908054,1,HIGH,-2693.954044862706,0.033491059380210686,1.2911333684006934
34.96269133793687,666.5593194099933,41.571042287938326,97.20415850339103,640.8093593174,765.4342901239249,0,LOW,666.5593194099933,-0.18343497077276538,-0.538252357133814
34.65428185590696,2163.0751445567516,63.573079285291826,97.1074638418841,2000.5441038888457,2056.375738429876,0,MEDIUM,1496.5158251467583,-0.0966946615069304,-0.3084094820299086
34.22593386650327,2053.8591446919663,161.70390378472115,96.51934295432353,2084.8391094108997,2080.818339796541,1,MEDIUM,-109.21599986478532,-0.5881208875605637,-0.4283479894036901
34.37694414606564,2321.8663065214823,211.7432684817195,95.98082313945653,2253.5228263309004,2364.9978949414176,1,HIGH,268.007161829516,-0.5385198148670014,0.1510102795623709
33.389533739924346,1654.7438924884038,292.32213078887537,97.9955314366673,1435.4661961280972,1632.2259269089816,1,HIGH,-667.1224140330785,2.014708297210774,-0.9874104061412936
34.060378950134236,880.8908839807083,51.259573266591346,98.4198335029475,928.7590670408426,688.3722463788646,0,LOW,-773.8530085076956,0.42430206628019107,0.6708452102098903
34.951921172213034,1447.3644357032722,39.5131250058216,96.95151950301342,1548.501527151661,1361.1691008260466,0,MEDIUM,566.4735517225639,-1.4683139999340824,0.8915422220787974
33.45307633323247,579.3031442094428,284.0098394507017,99.36448796375126,669.8921320928408,590.0829481959672,1,HIGH,-868.0612914938293,2.4129684607378437,-1.4988448389805669
34.938233490765384,3255.3204042933635,125.38872806320413,96.3998798691614,3329.5109255946486,3328.844481734038,1,HIGH,2676.0172600839205,-2.964608094589863,1.4851571575329174
34.510413542859155,938.3129087698283,256.5755741232131,96.11783380442012,1025.344697744178,876.1445292972812,1,HIGH,-2317.007495523535,-0.28204606474128013,-0.42781994790622946
35.5187738738891,784.5953647842965,255.43442595665053,100.0,726.4863751631038,845.8306835546506,1,HIGH,-153.71754398553173,3.8821661955798845,1.008360331029948
34.53038515928293,170.37024203484637,41.0178652716001,99.5792275386343,128.7782552332543,70.9103901760383,0,LOW,-614.2251227494502,-0.4207724613657007,-0.9883887146061738
33.57063121453656,1836.6424939966084,73.80370111510081,96.53091027815486,2232.225633258005,1896.9417687501698,0,MEDIUM,1666.272251961762,-3.048317260479436,-0.9597539447463674
33.34426371166183,762.0064089913084,260.0527136789849,99.22672452604061,840.4768326458152,625.9548454137276,1,HIGH,-1074.6360850053002,2.6958142478857496,-0.22636750287473006
33.56986425356406,1565.5055682365228,214.06944292343502,99.49266435701537,1739.9418023676994,1947.340343922614,1,HIGH,803.4991592452144,0.2659398309747587,0.22560054190223156
33.55195465784719,1672.1555737681913,255.37079874860507,96.91593974086716,1872.8575984655029,1936.5099073382717,1,HIGH,106.65000553166851,-2.576724616148212,-0.017909595716872673
34.62494559893053,3149.5985988386537,168.82081850556182,95.83935694318247,3180.501502524014,3406.2277519402382,1,HIGH,1477.4430250704625,-1.0765827976846936,1.07299094108334
34.312642860843184,0.0,278.61445814738806,96.44592920406987,-51.98748133006376,6.001661774719806,1,HIGH,-3149.5985988386537,0.606572260887404,-0.31230273808734665
33.90812955891378,212.6993019231312,29.654326083085834,100.0,332.9091274968561,394.67924544553347,0,LOW,212.6993019231312,3.55407079593013,-0.4045133019294056
33.46716171607265,1475.3223101867127,135.92325932698654,97.72806707726912,1422.323995440572,1431.547490899917,1,MEDIUM,1262.6230082635816,-2.2719329227308833,-0.44096784284112545
35.034908028902294,1413.4781884013316,135.6117976413419,98.07663437350949,1545.942930067025,1267.9304111539502,1,MEDIUM,-61.84412178538105,0.3485672962403754,1.567746312829641
34.5629081122161,1571.5507234748288,158.60360526324567,98.61149756607023,1875.067671808144,1491.436291901687,1,MEDIUM,158.0725350734972,0.534863192560735,-0.4719999166861939
33.79220241933382,385.33711023420426,160.35819606233028,99.17757857625993,423.5913006740029,414.2898328862281,1,MEDIUM,-1186.2136132406245,0.5660810101897056,-0.7707056928822809
33.597900129200696,549.3239257312839,91.41542187094507,98.68419792136405,692.5651779400935,791.3245719520121,0,MEDIUM,163.98681549707965,-0.493380654895887,-0.19430229013312328
35.89981275240957,902.672234654944,248.56615368529808,95.88628179816652,744.1753596906838,938.7448586456024,1,HIGH,353.34830892366006,-2.797916123197524,2.301912623208871
33.92176518326445,3192.800919177892,153.44530614275513,95.03584937322404,3066.877331265045,3082.158107576475,1,HIGH,2290.128684522948,-0.8504324249424826,-1.9780475691451187
34.196731399940624,765.9086898159621,44.87662582096299,100.0,772.877568770354,727.8986949691696,0,LOW,-2426.89222936193,4.964150626775961,0.2749662166761766
34.28047213438807,1841.3994023444966,279.33100289315314,98.54152363356697,1814.7354411790116,1915.353021067134,1,HIGH,1075.4907125285345,-1.4584763664330325,0.08374073444744567
34.583384153866106,2513.2159368497464,180.14792544622347,96.29873033986655,2596.9760502929535,2281.5749122607112,1,HIGH,671.8165345052498,-2.242793293700416,0.30291201947803614
34.05194190928976,1932.182424405158,174.58409821473236,98.339951638324,1943.7781051227546,1971.0281144158296,1,MEDIUM,-581.0335124445885,2.041221298457444,-0.5314422445763469
34.111268271072746,1479.756609025689,225.36148743412366,98.69126342804348,1136.1236585670715,1369.9851587223654,1,HIGH,-452.425815379469,0.35131178971948884,0.059326361782986226
33.98377547673641,2027.5447846671216,259.2132726750877,98.80694102576713,2066.6381987526843,1980.5665114262133,1,HIGH,547.7881756414326,0.11567759772364639,-0.12749279433633376
33.66718382396014,2713.580994718031,292.2064218800799,97.47460476936335,2867.911659425595,2637.9400946367873,1,HIGH,686.0362100509094,-1.332336256403778,-0.31659165277627466
33.738313400240045,1088.9332808297281,17.467354843432588,98.19323141418991,996.6811295095508,1260.1765045324778,0,LOW,-1624.6477138883029,0.718626644826557,0.07112957627990824
33.17087843938359,2310.5543357909673,272.3662294013275,98.5012519620722,2172.105123183495,2370.5233588695037,1,HIGH,1221.6210549612392,0.30802054788229327,-0.5674349608564526
33.72399096612035,2762.590290320222,271.24603174695346,95.71868707511256,2709.7407270461763,2643.48374596066,1,HIGH,452.03595452925447,-2.7825648869596478,0.5531125267367543
33.96123903362852,1608.032230421154,218.08534979321283,99.89300577720029,1550.1273864229547,1390.3000929841419,1,HIGH,-1154.5580598990678,4.1743187020877315,0.23724806750817606
34.73396806548105,2386.7874318364434,216.91455265345877,97.82876116773348,2267.4783331695503,2461.089242918564,1,HIGH,778.7552014152893,-2.0642446094668117,0.7727290318525277
34.52796836569778,2474.3877026886857,44.21381679538581,97.81037766498646,2343.7532412806195,2503.5037579827554,0,MEDIUM,87.60027085224237,-0.018383502747013836,-0.20599969978326982
33.979649874623625,1082.0171772041217,188.9867170421708,98.0931016713842,1190.232042745626,1063.0593071055575,1,HIGH,-1392.370525484564,0.28272400639774276,-0.5483184910741556
35.21368974185966,2434.506738965795,163.7964370782638,96.27929533061436,2331.796283028503,2439.5949661882482,1,MEDIUM,1352.4895617616735,-1.813806340769844,1.234039867236035
35.549235362121635,1728.8488977958298,59.02818901152756,97.86385172859553,1615.0874374014138,1808.191753876487,0,MEDIUM,-705.6578411699654,1.5845563979811743,0.3355456202619749
35.289169973217135,1642.4798295821627,101.1544770346554,98.8980348014989,1688.101377936571,1723.8265680142033,0,MEDIUM,-86.3690682136671,1.0341830729033603,-0.2600653889045006
33.66431224428324,304.8531139105492,0.0,98.48390655251497,312.6872335472165,107.46600895172358,0,LOW,-1337.6267156716135,-0.4141282489839284,-1.6248577289338968
33.84794695747767,1448.190824261073,35.0739584903228,97.96647486964591,1536.9838605891157,1436.905639782523,0,MEDIUM,1143.3377103505238,-0.5174316828690593,0.18363471319442937
34.12419651547319,1510.362472086146,103.64232562969825,97.63303260852041,1743.0567079463326,1596.7743477451356,0,MEDIUM,62.17164782507302,-0.3334422611254979,0.27624955799552
34.1990180500515,1268.5456955780073,268.516871227776,98.34511415226605,1402.3248663543075,1480.38950036932,1,HIGH,-241.81677650813867,0.71208154374564,0.07482153457831231
33.38701162116569,338.53616449058615,160.58803054833453,96.38071832114085,380.35271812042987,405.0287160673173,1,MEDIUM,-930.0095310874212,-1.964395831125202,-0.8120064288858089
33.7416304131471,0.0,90.25590506642813,99.85559715261094,-40.910707747668354,-72.06783173835838,0,MEDIUM,-338.53616449058615,3.474878831470093,0.3546187919814088
34.20398467816808,1724.8317444995344,13.584297226688308,97.29603365609897,1579.604946080333,1690.3698603705834,0,MEDIUM,1724.8317444995344,-2.55956349651197,0.4623542650209771
35.43159939652011,1332.68922887857,138.91831693000333,97.76494228157189,1297.9164565313047,1614.6660074023184,1,MEDIUM,-392.14251562096433,0.46890862547292045,1.2276147183520365
33.59455037416243,578.9956881156742,209.58256941587075,97.56927243694959,673.1891997808798,582.2441243997831,1,HIGH,-753.6935407628959,-0.19566984462230153,-1.8370490223576823
34.236316737245524,2525.8374727314144,83.69177695704747,98.17582657257016,2400.061283402436,2600.537980850877,0,HIGH,1946.8417846157404,0.6065541356205699,0.641766363083093
34.70879522687361,835.3226791177109,36.952326522774385,98.69652031114092,997.7628964937347,676.2669190581564,0,LOW,-1690.5147936137037,0.5206937385707562,0.472478489628088
34.14420199182566,3368.120989353807,144.29693156330916,96.24375748184099,3470.9977986896533,3466.507620274808,1,HIGH,2532.7983102360963,-2.452762829299928,-0.5645932350479512
35.40107809615414,1904.2218260704417,219.18700307994658,98.07668624126289,1944.3233776789439,1928.2099760233089,1,HIGH,-1463.8991632833654,1.832928759421904,1.2568761043284766
34.94935400409448,1955.9385876235121,282.36397878202513,94.93516019725118,2043.7694946915653,1753.97083388463,1,HIGH,51.716761553070455,-3.1415260440117123,-0.45172409205965636
34.89322270434473,2765.061305053029,154.32959106207585,98.10159322112979,2736.7442568727147,2843.8465873540276,1,HIGH,809.122717429517,3.1664330238786107,-0.05613129974975095
35.261722190529454,621.5566750191641,210.07736501034634,99.43954110013433,522.648430186719,636.2154356998168,1,HIGH,-2143.504630033865,1.3379478790045454,0.3684994861847244
33.71391010124,420.76820700131674,154.06174525298766,97.90782963378034,276.91754704628164,260.1563076777986,1,MEDIUM,-200.78846801784738,-1.5317114663539968,-1.547812089289451
33.49350406657398,940.5356390717367,188.96866077728515,97.31548788302503,859.0842919803281,797.4270787360992,1,HIGH,519.76743207042,-0.5923417507553097,-0.22040603466601993
34.50369256569123,1313.1239743855663,53.634591325475476,97.42101901099998,1460.1816785831288,1298.7795571431725,0,MEDIUM,372.5883353138296,0.10553112797495601,1.0101884991172483
33.68064060626338,0.0,283.60205562333226,97.53417613670496,-176.07206389576308,-113.29005468997472,1,HIGH,-1313.1239743855663,0.11315712570497283,-0.8230519594278505
34.49464914643301,1113.3423455769562,200.95246537284646,97.22398547782136,1135.2330612764654,1154.0730742150395,1,HIGH,1113.3423455769562,-0.31019065888359876,0.8140085401696311
34.08389541852824,424.47117420252164,224.29730484611892,99.26331227297953,512.3353259943653,423.0586235852567,1,HIGH,-688.8711713744345,2.039326795158175,-0.41075372790476905
34.36721987777103,671.7410730710544,11.607319238882233,99.1377128846826,815.0132363508066,706.5647544924792,0,LOW,247.26989886853278,-0.1255993882969335,0.2833244592427846
34.64991269778358,1319.2457055128466,264.5605510408218,98.09798373958978,1340.8213382834645,1124.11919209633,1,HIGH,647.5046324417922,-1.0397291450928208,0.28269282001254936
34.700326643210026,1546.973581980459,152.51657674777047,99.24267978615464,1306.4464683767142,1467.1492443461914,1,MEDIUM,227.7278764676123,1.1446960465648601,0.05041394542644895
33.68873910346218,1948.3051073216948,53.825761208858566,100.0,2053.071206380602,1703.0540326154376,0,MEDIUM,401.3315253412359,0.757320213845361,-1.0115875397478433
33.85896942518116,1848.2172282244933,149.80736968481807,98.9597064999838,1874.6838984818803,1708.1366632092813,1,MEDIUM,-100.0878790972015,-1.0402935000162046,0.17023032171897512
35.224931652969026,3005.4624344497124,247.42584852197618,96.37431451881098,2878.6722031925574,2931.6643495367534,1,HIGH,1157.2452062252191,-2.585391981172819,1.3659622277878682
34.7042595622921,2440.755007055911,240.6857125633579,96.90162217793771,2473.3531375932585,2423.347752815566,1,HIGH,-564.7074273938015,0.527307659126734,-0.5206720906769249
34.25485035125508,1987.3467093265522,250.40712978188134,98.23241178012628,1932.9853050321635,2020.3976486994668,1,HIGH,-453.40829772935876,1.330789602188574,-0.4494092110370218
33.58378972590816,852.4957286260774,216.248203898271,99.494355247352,859.3176625005145,680.1432142920079,1,HIGH,-1134.8509807004748,1.26194346722572,-0.671060625346918
35.14373077544524,1001.4408143585022,85.74314839999921,100.0,904.6988988163072,1079.321216896448,0,MEDIUM,148.9450857324248,0.5056447526479957,1.5599410495370805
34.599380942575685,2611.4754150980702,26.656516994757304,96.54422853787781,2669.0537763593056,2907.4206476096883,0,HIGH,1610.034600739568,-3.455771462122186,-0.5443498328695568
34.57395679686447,1268.164331796022,134.8730631846901,98.80572980673178,1341.0831400439451,1325.2421527088088,1,MEDIUM,-1343.3110833020482,2.261501268853962,-0.025424145711212986
35.147340480337064,449.6583925844287,236.00706621950314,99.5170852784088,511.93834135572075,334.42213010311514,1,HIGH,-818.5059392115933,0.7113554716770238,0.573383683472592
34.11142753789385,1312.839137502966,155.84927514717575,97.33433737214698,1328.821958249469,1342.392484749056,1,MEDIUM,863.1807449185372,-2.182747906261824,-1.0359129424432112
34.97303863471327,3382.967859027805,47.265565007607464,97.562422102066,3321.116072487306,3406.427454107909,0,HIGH,2070.128721524839,0.22808472991901851,0.8616110968194164
33.98014848030964,1463.9089720480129,252.6064685675151,97.77244863533755,1527.1891552157817,1495.6474003965288,1,HIGH,-1919.058886979792,0.2100265332715594,-0.9928901544036322
35.644763562944036,1437.3875569718655,155.79184872964854,97.35216604301101,1403.1153199955545,1314.014161373543,1,MEDIUM,-26.521415076147377,-0.42028259232654364,1.6646150826343984
33.54257784234969,1221.2443823163367,230.65999395377497,97.39530020359781,1435.777097295969,1370.6056976931757,1,HIGH,-216.1431746555288,0.04313416058680275,-2.102185720594349
33.756640602006144,2714.786875748879,9.337484775973804,96.38341380974411,2852.2520623703795,3084.121317287373,0,HIGH,1493.5424934325424,-1.0118863938537004,0.21406275965645705
35.28817948387533,2834.9381703530207,141.23881703557396,96.86410485262743,2845.78616590883,2941.0353454798633,1,HIGH,120.15129460414164,0.480691042883322,1.5315388818691886
35.032042104098366,2839.9776496896507,4.678591005557132,98.05683024011661,2814.7163694996802,2701.2963824847666,0,HIGH,5.039479336629938,1.1927253874891761,-0.25613737977696616
34.58644929518587,1535.4657978463583,209.34887524639726,97.77282647702968,1698.6561500817916,1598.7433791452363,1,HIGH,-1304.5118518432923,-0.284003763086929,-0.44559280891249387
34.58016520752215,1340.8613070356382,155.9509451669403,95.24027313906781,1158.6857823066075,1222.2921433103847,1,MEDIUM,-194.6044908107201,-2.532553337961872,-0.00628408766372246
34.3678102540121,2485.440291503189,101.19181507304639,96.69979223967978,2432.2485644189724,2540.215382866844,0,MEDIUM,1144.578984467551,1.4595191006119705,-0.21235495351005085
34.452394333617676,820.0415233439011,45.032472089962056,96.77662896263526,664.3232369292946,782.970648560109,0,LOW,-1665.398768159288,0.07683672295547694,0.08458407960557679
34.33727544291337,694.8358662484284,291.66301293619694,96.78366184122757,844.861333037235,771.9150279219582,1,HIGH,-125.2056570954727,0.007032878592312386,-0.11511889070430215
33.76957006706903,939.731692097561,17.862444905366843,97.15680947883715,623.3350932977997,922.5064096063287,0,LOW,244.89582584913262,0.37314763760957703,-0.5677053758443407
33.23439409740303,1282.122431912769,132.59644369164832,96.79145360236014,1378.1671964320599,1370.3771770618678,1,MEDIUM,342.3907398152079,-0.36535587647701107,-0.5351759696659997
34.89805644807104,1876.7533979851487,20.62953969436668,94.34546962956532,1791.283293112971,1752.9645116136496,0,MEDIUM,594.6309660723798,-2.4459839727948207,1.6636623506680053
33.62205528264588,845.2928060125317,218.081238964703,98.18404274592734,1032.3760902273564,807.210611845243,1,HIGH,-1031.4605919726168,3.838573116362028,-1.276001165425157
35.34693167849886,3201.1897293648403,272.18257112362465,98.3966711643301,3267.444049060782,3336.914776524838,1,HIGH,2355.8969233523085,0.21262841840275826,1.7248763958529807
34.785435134683375,1204.4448849179225,149.07856192101636,96.92358261695638,1373.1101082857535,1238.0166823664981,1,MEDIUM,-1996.7448444469178,-1.4730885473737203,-0.5614965438154869
33.97251981262343,1691.9016520842001,241.83714589559284,96.85198126144347,1706.961514727812,1638.8402120711467,1,HIGH,487.4567671662776,-0.07160135551291091,-0.8129153220599434
35.03274164903785,2242.9474444993316,284.52109454818697,97.31773610589397,2397.7920518599008,2229.9795328247837,1,HIGH,551.0457924151315,0.4657548444505011,1.0602218364144207
34.63011921331633,958.5667465378302,260.61016358424257,98.73854366882695,922.5543597751446,1011.5793196879953,1,HIGH,-1284.3806979615015,1.4208075629329784,-0.40262243572152556
34.379893367930485,1699.1677760086682,295.11754948254685,96.3148852189886,1603.1331184076325,1592.7044118358604,1,HIGH,740.601029470838,-2.4236584498383564,-0.2502258453858417
35.35540890716556,2182.9462524901423,52.266353439933404,97.7146080570161,2242.582871176106,2267.740398182342,0,MEDIUM,483.7784764814742,1.3997228380275004,0.9755155392350758
34.98649982793186,280.8325176729856,3.1584523161968496,99.54692251965449,87.7294034768187,216.54402083826477,0,LOW,-1902.1137348171567,1.8323144626383936,-0.36890907923370264
33.39225603987411,2142.845419600954,128.62009444422296,96.7779768516039,2206.966490633397,2104.96215803683,1,MEDIUM,1862.0129019279682,-2.7689456680505913,-1.5942437880577458
33.99937471368563,1839.9476864767753,193.14434069744547,97.17337478715382,1968.4586102769044,1771.381418198667,1,HIGH,-302.89773312417856,0.39539793554992286,0.6071186738115202
35.03356089676407,2722.4452208593193,264.6283568572506,97.22372714224319,2705.8319736901435,2696.5358127785726,1,HIGH,882.497534382544,0.05035235508937319,1.0341861830784396
34.43797774939077,1301.287218180991,193.9040076555376,98.8825832145724,1218.7474467123338,1309.4857309638248,1,HIGH,-1421.1580026783283,1.6588560723292147,-0.5955831473733042
34.57356035344398,1415.640802077739,59.76681571679122,97.76904538667004,1453.5816723524474,1237.6020202884656,0,MEDIUM,114.35358389674798,-1.1135378279023627,0.1355826040532122
34.05012919160139,1482.7393943318907,12.318519742223689,96.53066658560986,1484.8481224365394,1522.0182697487232,0,MEDIUM,67.09859225415175,-1.238378801060179,-0.5234311618425878
34.961873979591374,1798.4381949619321,145.60039114681743,96.95646579518674,2092.6209251863484,1828.3358865217965,1,MEDIUM,315.69880063004143,0.4257992095768799,0.9117447879899814
34.08265665192297,2317.266740070024,283.9799943947058,96.54660673048538,2203.5258913217613,2283.780257197418,1,HIGH,518.8285451080917,-0.40985906470136513,-0.8792173276684068
35.24782404052544,1562.787534816847,45.76953446363523,99.37397364404683,1404.0494272281057,1679.2413985230955,0,MEDIUM,-754.4792052531768,2.8273669135614483,1.1651673886024696
34.3417278404722,1431.364550131737,182.4671783602722,97.90040489286585,1301.4314507273725,1275.1990901272607,1,HIGH,-131.42298468511012,-1.4735687511809772,-0.9060962000532342
34.17780053263502,888.494330374791,96.48801914573322,97.44330373692557,923.6714550665682,666.2582619476432,0,MEDIUM,-542.8702197569459,-0.4571011559402791,-0.16392730783718434
35.93424142417905,1841.2121376876885,209.14947767426446,97.52255589968064,1823.650542196666,1824.4017423585085,1,HIGH,952.7178073128974,0.07925216275506841,1.756440891544031
33.41384689953221,1562.4500606451934,234.1298666909102,97.22489134286991,1399.030695811985,1456.5231583650734,1,HIGH,-278.7620770424951,-0.2976645568107301,-2.5203945246468393
33.67895918369418,0.0,99.17715349791173,96.94277662248783,-44.886998993607136,121.4895931811325,0,MEDIUM,-1562.4500606451934,-0.28211472038208285,0.2651122841619724
34.57981834711004,732.6325893492295,250.77753895522306,98.36551228879831,601.278341103476,791.4308487544964,1,HIGH,732.6325893492295,1.422735666310487,0.9008591634158591
34.534321059517815,1528.4040319396454,200.1221771067244,98.10319442878733,1561.5208565202352,1570.369094691633,1,HIGH,795.7714425904159,-0.262317860010981,-0.0454972875922266
33.38419844393211,343.33069600296733,46.01261633749878,98.40750931037782,362.14032070625586,351.85414061284047,0,LOW,-1185.0733359366782,0.3043148815904857,-1.1501226155857083
34.207166790860654,1916.5840827548775,19.34920072563576,96.62127270360179,2124.4531933685944,1695.2246341014704,0,MEDIUM,1573.25338675191,-1.7862366067760291,0.8229683469285476
34.23566567504367,2923.297155343221,80.82524062645564,97.26050051469633,2932.070113241894,2890.4765829193266,0,HIGH,1006.7130725883437,0.6392278110945426,0.028498884183015605
34.732560153191194,2204.2700963601374,4.57128132754046,96.7133355977035,2121.0506942026213,2220.803408212376,0,MEDIUM,-719.0270589830839,-0.547164916992827,0.4968944781475244
33.63791282991547,3713.3161523073054,266.12412523832353,97.19994829130941,3706.0933560589588,3778.7586806520612,1,HIGH,1509.046055947168,0.4866126936059061,-1.0946473232757228
34.57383832319862,722.3176295256878,69.8402904408996,98.16425081806089,573.7305205319748,715.2989752373581,0,MEDIUM,-2990.998522781618,0.9643025267514815,0.9359254932831504
34.25033560729575,2473.21035226094,20.040332559523367,96.61548608419062,2180.245031661076,2580.114823471668,0,MEDIUM,1750.8927227352522,-1.5487647338702715,-0.32350271590286894
33.98620373957144,746.9903815181972,136.5521802911112,96.84569723594328,813.4532173505088,789.483907113506,1,MEDIUM,-1726.2199707427428,0.2302111517526555,-0.2641318677243163
33.90004210928865,1612.9094326871061,184.67420959440628,98.4809861929332,1500.343386331135,1534.7095173169014,1,HIGH,865.9190511689089,1.6352889569899247,-0.08616163028278834
34.744569997583454,2399.9067619162415,63.1795382217096,96.56638859843028,2451.822818377131,2310.252779262649,0,MEDIUM,786.9973292291354,-1.914597594502922,0.844527888294806
34.55112724255959,1620.0971613889903,65.41219408643478,98.97973835532999,1718.202876214042,1776.9838122153292,0,MEDIUM,-779.8096005272512,2.4133497568997058,-0.19344275502386665
33.916737902948235,1603.7497562211338,160.78084751981376,98.51118845680858,1693.535968731433,1601.507397716634,1,MEDIUM,-16.34740516785655,-0.4685498985214025,-0.6343893396113529
34.25097246371714,2264.697690910207,216.02825805795217,97.55862519476679,2354.474330698472,2333.495032804232,1,HIGH,660.947934689073,-0.9525632620417923,0.33423456076890545
34.20398643206723,326.8898212040663,282.83877269470895,98.81928514720045,198.88794016107184,147.54457159051282,1,HIGH,-1937.8078697061405,1.260659952433656,-0.046986031649908
34.09979871475618,1427.340062156263,201.55085971572353,98.25279300523493,1481.1659417998505,1189.1797040083882,1,HIGH,1100.4502409521967,-0.5664921419655116,-0.10418771731104925
33.44526377652738,1266.4628955164526,43.656361939435605,98.25112748699681,1422.0437083980203,1264.855750519672,0,MEDIUM,-160.8771666398104,-0.001665518238127106,-0.6545349382287995
34.83561276721847,0.0,129.4787468940146,100.0,200.12096122881783,-198.35558391738422,1,MEDIUM,-1266.4628955164526,1.7488725130031924,1.3903489906910877
34.781274998786905,1091.7355191075021,55.614067381975026,98.33022344588149,1067.769728764557,900.5685881285942,0,LOW,1091.7355191075021,-1.6697765541185134,-0.05433776843156579
34.71821109793221,663.7450340688847,46.88395451434073,96.54023527112899,814.6003699366846,863.1026901420872,0,LOW,-427.9904850386174,-1.7899881747524944,-0.0630639008546936
34.46652533517967,468.47557723833035,155.40930457643262,98.36947710678199,592.7828470384692,495.21775015599513,1,MEDIUM,-195.26945683055436,1.8292418356529936,-0.25168576275254395
35.29903036205369,1734.2606570839375,203.4782555553649,97.73121132170967,1693.8130395723927,1646.426814495744,1,HIGH,1265.7850798456072,-0.6382657850723206,0.8325050268740242
34.70628449870681,1326.311679628093,112.97408987473803,98.51423170781106,1280.8596771589928,1371.7802607729802,0,MEDIUM,-407.94897745584444,0.7830203861013985,-0.5927458633468845
36.3563887973129,2883.774707901038,66.66602507757334,96.46002827779044,2991.315740534867,2775.474075114085,0,HIGH,1557.4630282729447,-2.054203430020621,1.6501042986060952
33.96299157370929,1604.1752207823438,126.25549964317135,97.03344353850676,1709.0322603005582,1465.3404557838683,1,MEDIUM,-1279.599487118694,0.5734152607163168,-2.393397223603614
35.06043204915512,637.7935645027464,178.90052862616952,96.53944471905245,668.2764974389241,542.9578981468214,1,MEDIUM,-966.3816562795973,-0.4939988194543048,1.0974404754458291
34.007154751363856,946.2714149718765,57.12475042421295,97.13038830730184,783.9959227734985,772.1910039139754,0,LOW,308.4778504691301,0.5909435882493881,-1.0532772977912614
34.64105113288596,621.7383761371718,289.4452658674146,97.98713881867413,431.15271902350435,703.1112876799268,1,HIGH,-324.5330388347047,0.8567505113722831,0.6338963815221064
33.52399264891197,865.6223402331384,136.10004054526675,99.1012535165371,1067.1614454962623,741.0731995429811,1,MEDIUM,243.88396409596658,1.1141146978629735,-1.1170584839739917
35.12474032353643,1693.5976548794192,284.3495738446267,99.30128400901008,1647.118028115318,1687.1430604203515,1,HIGH,827.9753146462808,0.2000304924729761,1.6007476746244578
34.01967958807256,2714.7612936792816,224.24292759743523,99.63655890169893,2792.4947381748307,3010.996286183277,1,HIGH,1021.1636387998624,0.335274892688858,-1.1050607354638657
34.39032190947937,756.5853429066217,175.38263017842172,96.38640582849146,864.3767261969964,798.614138601348,1,MEDIUM,-1958.17595077266,-3.2501530732074713,0.3706423214068053
33.57531173022072,2051.1088677998414,175.28799933540495,97.17303349827782,2005.9311494298242,1962.4417938408076,1,MEDIUM,1294.5235248932197,0.7866276697863555,-0.8150101792586497
33.72958707587061,1302.6476647178315,70.19811762588762,97.7532126558108,1084.3086658048112,1002.3235873048556,0,MEDIUM,-748.4612030820099,0.5801791575329815,0.15427534564989287
35.305662733831944,1538.3919121505505,131.45291055151714,99.15875569164773,1720.90708200998,1330.0310969519667,1,MEDIUM,235.74424743271902,1.4055430358369279,1.5760756579613329
34.998528586210874,940.5242075633137,295.40473075292596,99.9212295505618,931.825851624663,887.2179009241288,1,HIGH,-597.8677045872369,0.7624738589140776,-0.3071341476210705
33.84152304859877,1599.5322753081077,192.85157466246508,97.61676055477994,1668.8764566190841,1626.8255365331722,1,HIGH,659.0080677447941,-2.3044689957818605,-1.1570055376121005
32.94671468890546,1893.2706643115685,293.6957007092258,97.244272001118,2072.67405220284,1890.8047721082683,1,HIGH,293.7383890034607,-0.3724885536619382,-0.8948083596933145
33.302813345170655,2512.341200643786,192.63813432058166,96.39266866343974,2674.092060811166,2586.0450267969804,1,HIGH,619.0705363322177,-0.8516033376782701,0.3560986562651962
35.44627710030563,844.4147922326406,142.3135430515913,98.02121872160836,826.1131770388308,1013.4828848524897,1,MEDIUM,-1667.9264084111455,1.6285500581686279,2.143463755134974
35.05841505201796,1976.887137879677,206.44153632021292,96.19128663331692,1906.2504504859937,1890.3282800948427,1,HIGH,1132.4723456470365,-1.829932088291443,-0.3878620482876656
33.412471413851456,1893.6486852924077,269.6529805527842,95.14914786864809,1891.1057278292494,1844.6039721624347,1,HIGH,-83.23845258726942,-1.0421387646688345,-1.6459436381665071
34.43944605338334,0.0,103.45759363683328,97.2944903771948,38.990361389589225,24.687791362834652,0,MEDIUM,-1893.6486852924077,2.145342508546719,1.0269746395318862
35.69799674683723,2188.329453775432,77.07192808890758,98.52009651306467,2347.8699769317127,2048.5937410600577,0,MEDIUM,2188.329453775432,1.2256061358698673,1.2585506934538842
33.89059431931534,2672.5884538887417,115.12467406216936,95.71656293663446,2663.135900550535,2531.541066934471,0,HIGH,484.25900011330987,-2.803533576430212,-1.807402427521886
35.066534148790645,854.3625482122412,170.96810700711208,98.58621992716961,983.39637985235,809.643176850682,1,MEDIUM,-1818.2259056765006,2.869656990535148,1.175939829475304
34.050533945072665,433.75289472320657,133.13633156265922,98.06049731109506,416.3235841762921,488.37278643694236,1,MEDIUM,-420.60965348903466,-0.5257226160745461,-1.0160002037179794
34.00294352829143,1998.2292885612153,116.85074663688017,97.6307521039345,2205.843051032683,1899.0053946100484,0,MEDIUM,1564.4763938380088,-0.42974520716056475,-0.0475904167812331
33.82952393361871,1340.1050430440623,62.52823194897541,99.55399260743133,1412.620512443503,1203.5133830278291,0,MEDIUM,-658.124245517153,1.923240503496828,-0.1734195946727226
33.67304726791665,1427.5669267408105,115.5685776804628,97.61717995628591,1269.4441033426467,1225.496868642338,0,MEDIUM,87.46188369674815,-1.9368126511454165,-0.15647666570205843
35.25693938082758,196.08336990568975,37.97599017488694,99.89733726002181,268.36919066603946,119.17095748851978,0,LOW,-1231.4835568351207,2.280157303735905,1.583892112910931
33.65546347624819,1723.8805887243325,153.2169930800013,99.2545308159067,1734.9391787984578,1775.3657987454264,1,MEDIUM,1527.7972188186427,-0.6428064441151093,-1.6014759045793951
34.53145712071381,1806.7397129243411,188.16988388382347,98.24121685528787,1756.7794011539074,1720.0711198522913,1,HIGH,82.85912420000864,-1.0133139606188308,0.8759936444656233
33.50267930439406,603.3355402335706,255.23515134398863,98.90393102544827,698.6458561909631,514.4159508367228,1,HIGH,-1203.4041726907706,0.6627141701603989,-1.028777816319753
33.807089050934835,2555.20158954173,219.57982279062026,97.1887773025862,2650.7583014317174,2494.767039323928,1,HIGH,1951.8660493081593,-1.7151537228620697,0.30440974654077735
33.61288099362681,1328.1298311253029,187.2295194190133,97.24241891324282,1388.5797826301093,1255.2298929878914,1,HIGH,-1227.071758416427,0.053641610656612215,-0.1942080573080247
33.84718673846884,856.5883699071738,58.68312358332982,99.54113390157325,750.3198375044507,862.2807135134992,0,LOW,-471.54146121812903,2.298714988330431,0.23430574484203248
33.58535942893996,1217.438876085148,194.87632036442588,98.09585381969666,1380.4213455356942,1283.1426865063127,1,HIGH,360.8505061779741,-1.4452800818765894,-0.2618273095288828
33.54333459323639,1902.5411733672595,135.26606549195083,96.09678281927422,1986.1027811595907,1921.9583165190381,1,MEDIUM,685.1022972821115,-1.9990710004224326,-0.04202483570357174
33.96870764171151,1570.627197443806,27.129660616816317,97.43593638780143,1578.1909393764124,1756.3918303048927,0,MEDIUM,-331.91397592345356,1.339153568527209,0.42537304847512303
34.5665951614119,3014.3255109300458,214.73315504175645,99.01681172714682,2943.104354908526,2763.5050793404334,1,HIGH,1443.6983134862398,1.5808753393453827,0.5978875197003859
34.06262911308737,1039.0966778414222,258.9319215254436,98.87511322631906,1128.306770140386,885.6975248531832,1,HIGH,-1975.2288330886236,-0.1416985008277578,-0.5039660483245285
35.546685344176325,1941.0179429686082,129.28228946855782,97.66699333637759,2108.422288247267,1927.057114327491,1,MEDIUM,901.921265127186,-1.2081198899414716,1.4840562310889567
34.67833780088116,3303.2708926933133,250.56870751336507,97.80541951657953,3266.243929339221,3279.514266905506,1,HIGH,1362.252949724705,0.13842618020194664,-0.8683475432951653
33.04203782046398,0.0,170.69476350147417,98.60728323695439,16.215876542085013,-224.8053203110251,1,MEDIUM,-3303.2708926933133,0.801863720374854,-1.6362999804171778
34.170420723911285,3240.2484724379465,112.46348699268937,98.24386528604055,3381.082155397318,3231.6705177403946,0,HIGH,3240.2484724379465,-0.363417950913842,1.128382903447303
34.69427258614733,1083.2315807459506,290.0010911119403,98.65962021681234,1226.1165966634996,1259.9660416108557,1,HIGH,-2157.0168916919956,0.41575493077179715,0.5238518622360431
33.518038429488364,3737.105999149032,26.220483379091206,93.44097043329711,3654.7575797474506,3736.291375460132,0,HIGH,2653.874418403081,-5.218649783515232,-1.176234156658964
34.08641434323975,753.452844868769,117.66673516057573,99.2011442221316,725.3899323851673,697.1327867812499,0,MEDIUM,-2983.653154280263,5.760173788834493,0.5683759137513889
34.6036234257475,2231.381490238969,84.48314998072115,99.15696032776307,2182.797512776925,2119.1354979653374,0,MEDIUM,1477.9286453702,-0.044183894368529764,0.5172090825077476
33.80320050902823,3164.929559279138,251.92962532817154,96.12316383475218,3093.942137398126,3188.7802599935476,1,HIGH,933.5480690401691,-3.0337964930108967,-0.8004229167192705
35.55883989398761,1843.344559636881,294.94701949649806,99.31514746749316,1677.582637176111,1867.110249894774,1,HIGH,-1321.5849996422571,3.1919836327409854,1.7556393849593803
33.41735300399353,1822.7515161494812,260.4735462338333,95.74017716325648,1731.9136743589736,1923.8944501294723,1,HIGH,-20.593043487399882,-3.574970304236686,-2.141486889994077
33.791240545842754,1313.8568630021243,229.91434879468332,98.04555700462365,1438.7135678393147,1297.8727577299157,1,HIGH,-508.89465314735685,2.30537984136717,0.37388754184922135
34.09750546891405,1927.2903557024767,201.20910870480182,96.41177615822642,1966.6052364472835,1944.6381960868475,1,HIGH,613.4334927003524,-1.6337808463972294,0.3062649230712964
34.57182897302785,1192.7155674748965,248.0443244260195,100.0,1178.1034050120124,1150.3220091747537,1,HIGH,-734.5747882275803,3.5882238417735834,0.47432350411379787
33.75434183430042,967.2813989909325,136.34697529206903,97.7826091592917,1098.315351572169,857.3804364239662,1,MEDIUM,-225.43416848396396,-2.2173908407083047,-0.8174871387274294
33.98436961224531,1676.8666826248534,68.65898849898382,98.07956123734331,1577.926981862957,1613.4548083641394,0,MEDIUM,709.5852836339209,0.2969520780516177,0.2300277779448905
34.30255644278256,1972.1810421765751,7.06328703854701,97.10061210715874,1788.2660046019414,2013.65944274466,0,MEDIUM,295.31435955172174,-0.9789491301845743,0.3181868305372504
34.822945554732065,1328.2060865629744,204.84785617226925,97.87354653982034,1340.2752862397374,1215.3367897987628,1,HIGH,-643.9749556136007,0.7729344326616001,0.5203891119495054
34.50655913798108,1712.617525172147,89.01677191043476,97.24808042764809,1730.356618585783,1745.376462771361,0,MEDIUM,384.4114386091726,-0.6254661121722478,-0.3163864167509871
34.835040413515195,1797.7582335360153,121.01073214334768,99.07949473064555,1784.4173047095944,1731.1718799805724,1,MEDIUM,85.14070836386827,1.8314143029974588,0.32848127553411643
35.70399912171064,2752.716224275443,62.1642899398617,97.13888934906974,2894.8938671483006,2776.5154417100366,0,HIGH,954.9579907394277,-1.940605381575807,0.8689587081954429
34.89000925487844,840.3806702718623,30.957540723199738,98.08348831020432,722.6385673463545,742.8177392251798,0,LOW,-1912.3355540035807,0.9445989611345738,-0.8139898668321948
34.62197308323334,1216.4032050218896,250.62605497532115,98.79326103109616,1096.96676146078,1266.5447246339488,1,HIGH,376.02253475002726,0.7097727208918485,-0.2680361716451003
33.76341154554897,1711.988321730139,285.41035303768103,98.50983008319517,1601.7135238727915,1614.4362564477362,1,HIGH,495.5851167082494,-0.283430947900996,-0.8585615376843734
34.014580930957855,2407.045304834064,174.817969522364,96.45310926890953,2425.633672969373,2480.5692086269623,1,MEDIUM,695.0569831039252,-2.05672081428564,0.2511693854088861
34.280859003965276,2919.4375763740927,67.9456270814897,97.07240504898205,2768.5965003150714,3111.654257919168,0,HIGH,512.3922715400286,0.6192957800725196,0.26627807300742035
34.10622193326304,1591.5556933920989,288.36767969225144,96.06360052640834,1589.393801359822,1478.3999023262982,1,HIGH,-1327.8818829819938,-1.008804522573712,-0.17463707070223222
34.730426451336456,1209.0362361464977,253.9250728157786,98.15804764751148,1194.35111649306,1160.4213957412942,1,HIGH,-382.5194572456012,2.094447121103144,0.6242045180734124
34.39363134918972,2465.865285712567,192.48361212355303,96.17110586145685,2324.9602242959672,2476.581712734484,1,HIGH,1256.8290495660694,-1.9869417860546292,-0.3367951021467377
33.70708578030794,1212.9760604778778,210.73576098365604,97.76504966283792,1249.579596984347,1032.8701213107176,1,HIGH,-1252.8892252346893,1.593943801381073,-0.6865455688817761
34.72351305260419,1117.7756119488167,121.888332396152,96.3231435122064,1073.6327465986935,1111.2847631724264,1,MEDIUM,-95.20044852906108,-1.4419061506315245,1.016427272296248
35.10734088172432,625.77358777241,293.10651858101755,98.63722012820396,890.1692800790112,850.0270784747377,1,HIGH,-492.00202417640674,2.314076615997564,0.38382782912012914
35.18972984645102,378.3261527708323,117.0974144193139,98.82359485405242,427.70313833871495,456.6926179840149,0,MEDIUM,-247.44743500157767,0.18637472584845227,0.08238896472670376
33.05356428766626,1928.0433243468249,162.7870913649966,97.65361506783061,1804.3478768159528,1782.1832760235657,1,MEDIUM,1549.7171715759926,-1.169979786221802,-2.1361655587847608
33.9278656063694,1536.3835957780514,223.46437167928022,97.04177264589882,1790.2762100877653,1425.1714367563793,1,HIGH,-391.6597285687735,-0.6118424219317973,0.8743013187031394
34.64143491959448,2349.252507419367,222.3813006770961,97.73174557634897,2497.2556301704144,2360.4015216732532,1,HIGH,812.8689116413154,0.6899729304501534,0.7135693132250793
34.441747714284716,1204.8830894592932,18.093006316770655,100.0,1067.3995232283626,1266.7253576626906,0,MEDIUM,-1144.3694179600736,2.2682544236510296,-0.1996872053097647
34.85143015106221,1980.4630894580237,89.42208301713913,97.5316464706783,2113.3903280231275,2027.2113063275158,0,MEDIUM,775.5799999987305,-2.4683535293217034,0.4096824367774943
34.41246367059965,1585.1911895483106,144.1427593797108,96.01950016464015,1633.9966165898616,1458.810060804899,1,MEDIUM,-395.27189990971306,-1.5121463060381473,-0.43896648046256104
34.38049115327584,862.412686442756,143.85197195274372,96.55071051764655,974.5215967057401,924.9499101198317,1,MEDIUM,-722.7785031055546,0.5312103530064007,-0.03197251732380835
34.34603001285467,1982.026316192057,181.14621125471916,95.18588716266191,2002.8823749198525,2004.4531108615056,1,HIGH,1119.613629749301,-1.3648233549846367,-0.034461140421171876
33.776785343666944,530.2394724418301,278.9077710592683,99.47336644927717,300.0500790314087,648.3462688268356,1,HIGH,-1451.786843750227,4.287479286615252,-0.5692446691877251
34.33784034027684,735.8347794102435,219.66323473865214,97.35404484102602,793.8197760899009,557.4361307324856,1,HIGH,205.5953069684134,-2.1193216082511412,0.5610549966098972
35.147530831502266,1988.4416839443763,230.7355665150665,97.67312312128857,1852.0657312116402,1938.0263892375892,1,HIGH,1252.6069045341328,0.3190782802625449,0.8096904912254246
35.158277608235444,2378.0193215785857,273.8332625986604,97.78006050278942,2365.4331560443356,2300.7848104965738,1,HIGH,389.5776376342094,0.10693738150085608,0.010746776733178365
34.936249451979634,3535.5115495444247,197.5196449864273,97.45457889371119,3427.2285004388596,3627.4790183144296,1,HIGH,1157.492227965839,-0.3254816090782384,-0.22202815625580996
34.84331390908775,2277.5908701027206,117.07808870857335,96.72883539137577,2282.3589279024,2289.132497444932,0,MEDIUM,-1257.9206794417041,-0.7257435023354191,-0.09293554289188677
33.84481129654575,1517.898773152457,27.474784350643716,97.39215152603066,1539.786513890286,1377.4085309286088,0,MEDIUM,-759.6920969502637,0.6633161346548917,-0.9985026125419978
35.263714644884,3865.359704081703,232.83510054361727,93.991189089835,4139.943128782349,3666.138714520687,1,HIGH,2347.4609309292464,-3.4009624361956554,1.4189033483382474
34.12981102897798,1787.734066685593,8.92959366541389,100.0,2048.888341627004,1709.2824636282332,0,MEDIUM,-2077.62563739611,6.008810910164996,-1.1339036159060143
34.19711380487405,2348.1258035413803,233.65845391522905,97.56226209728992,2265.7636816334702,2372.0648701563046,1,HIGH,560.3917368557873,-2.437737902710083,0.06730277589606715
34.10385595766218,2557.463570313759,150.98731701272104,95.63712558413538,2595.0083678197293,2614.07513484473,1,HIGH,209.33776677237893,-1.9251365131545413,-0.09325784721187347
34.58762271009575,2009.997338344738,107.11734645701218,96.15602393636381,1983.453945680424,2179.602539649282,0,MEDIUM,-547.4662319690212,0.5188983522284332,0.48376675243357425
34.94541996952544,4000.0,230.3725709365787,95.88050711691358,4315.844573950625,4046.9876060987913,1,HIGH,1990.002661655262,-0.27551681945023176,0.3577972594296881
33.24816850806824,851.5419750623396,290.9775297931782,96.64818356066598,731.5262393735804,741.9898673339054,1,HIGH,-3148.4580249376604,0.7676764437524071,-1.6972514614571992
34.91169386536761,1612.324409412184,235.0827036424658,99.24118714972812,1760.4957777436255,1202.5606738096549,1,HIGH,760.7824343498444,2.5930035890621355,1.6635253572993705
34.88234680231379,2282.684700566351,42.135623382687044,97.48056245537362,2269.0704626572756,2329.055992308503,0,MEDIUM,670.3602911541668,-1.7606246943545045,-0.02934706305381951
34.205989384180455,1964.7358140822798,5.619497455129138,96.84800234775352,2069.11274044873,1841.976081092596,0,MEDIUM,-317.94888648407095,-0.632560107620094,-0.6763574181333354
33.63286235538475,1965.284253833552,142.881102839387,98.34532948362775,2007.8655369585535,1836.5440752933457,1,MEDIUM,0.5484397512720989,1.4973271358742295,-0.5731270287957031
34.22362786125554,2999.710755383287,209.891053705317,97.26548883569593,2891.829271947549,2971.868668010973,1,HIGH,1034.4265015497351,-1.0798406479318174,0.5907655058707846
33.675094518217314,2594.8744134889016,283.46096731232944,97.27142763981718,2797.792737623067,2672.5273776824215,1,HIGH,-404.83634189438544,0.005938804121242924,-0.5485333430382227
34.81888381468713,3080.8731976883537,148.71391243045042,97.69953867273661,3293.5447969859583,3225.350181581877,1,HIGH,485.9987841994521,0.428111032919432,1.1437892964698193
35.01899262975948,0.0,166.46398486094995,98.38307434590993,-18.779922087930977,74.12328076767659,1,MEDIUM,-3080.8731976883537,0.6835356731733242,0.20010881507234757
34.77772429700194,3233.617977630403,269.71292852603705,97.35870867598098,3079.236677597877,3331.641449619806,1,HIGH,3233.617977630403,-1.0243656699289545,-0.24126833275754223
35.44578662415657,2458.653341300109,187.08845212733638,96.05300640614175,2571.754907943683,2416.102612316089,1,HIGH,-774.9646363302941,-1.3057022698392302,0.6680623271546295
33.74646132623177,871.4250596077343,203.8229397203182,98.32388983177881,808.0091908777973,915.4249152192089,1,HIGH,-1587.2282816923746,2.2708834256370665,-1.6993252979248012
34.01871645660876,2565.8696380979645,96.72487216088463,96.21277819370644,2704.1613772945993,2599.633866936496,0,HIGH,1694.4445784902302,-2.111111638072373,0.27225513037699045
34.62472707058229,1574.3290408678208,27.28101510436691,97.45980437950054,1506.4254649917693,1477.3362307882394,0,MEDIUM,-991.5405972301437,1.2470261857940983,0.6060106139735311
34.6212869359988,2251.993996547218,242.33866946980527,95.44746910512193,2156.982418501392,2258.1424946165453,1,HIGH,677.6649556793973,-2.0123352743786143,-0.0034401345834851327
35.190990548166475,1851.6928271161014,98.76246399210252,95.50051148862667,1800.8503624015168,1940.6814205130465,0,MEDIUM,-400.3011694311167,0.05304238350474577,0.5697036121676717
33.314212940968446,2940.735170990495,282.7713258668513,96.81726639224861,2957.049951998092,2942.626710501147,1,HIGH,1089.0423438743937,1.3167549036219413,-1.8767776071980293
34.43064495466188,1367.7157141980053,230.5608977863143,99.42938560923866,1418.0029161195114,1385.3847978932727,1,HIGH,-1573.0194567924898,2.6121192169900525,1.1164320136934336
34.614814936295076,1332.3367370301419,184.4548823853735,98.0817269555892,1430.536995006451,1278.0868891214338,1,HIGH,-35.37897716786347,-1.3476586536494608,0.18416998163319676
34.3214065436653,306.5005378410154,200.43072687017658,98.465048644341,337.06591937170776,340.58269509524814,1,HIGH,-1025.8361991891265,0.38332168875179207,-0.2934083926297788
33.57554042223915,2112.501340901208,45.15636178033749,97.13280543792439,1865.117561529597,2167.779044787249,0,MEDIUM,1806.0008030601928,-1.3322432064166065,-0.7458661214261468
34.08176378571102,671.2043851058892,62.868874930059555,98.08515529491358,577.5125509791168,928.0541389286498,0,MEDIUM,-1441.2969557953188,0.9523498569891871,0.506223363471868
33.951011764060276,2472.4344684114317,297.3971920142971,99.0898407354593,2238.9495572222286,2211.2338978995695,1,HIGH,1801.2300833055424,1.0046854405457282,-0.13075202165074273
33.96394405875238,597.5615192310221,166.5926948472895,97.10576923149361,538.8079920416817,612.1170561519092,1,MEDIUM,-1874.8729491804097,-1.9840715039656942,0.012932294692106439
33.68067050756683,619.1330952162546,298.24625231801576,98.91695627226733,464.61363649585314,873.5796831443942,1,HIGH,21.57157598523247,1.8111870407737172,-0.28327355118555175
33.36466123442735,2790.1033987756864,75.27556144688585,97.10629475921802,2624.020352273932,2712.053781068978,0,HIGH,2170.970303559432,-1.810661513049311,-0.31600927313947835
32.97607476755773,2026.0233096201882,62.25469248001297,97.60334493289186,1751.2338524244617,1995.8565915479146,0,MEDIUM,-764.0800891554982,0.4970501736738413,-0.3885864668696186
34.76428622224355,1922.6210058999118,80.70370023404827,98.30623402345742,1979.3049800683896,1735.7250720833172,0,MEDIUM,-103.40230372027645,0.7028890905655629,1.7882114546858148
33.18725111330084,2527.702935241367,103.16879422126564,98.7631861671504,2373.8005775881606,2601.4586254383657,0,HIGH,605.0819293414552,0.4569521436929733,-1.5770351089427095
34.57986967217787,2419.9007256279547,256.6171593554816,96.1912925893675,2347.522952387144,2399.117249706654,1,HIGH,-107.80220961341229,-2.5718935777828875,1.3926185588770323
34.8575027105303,1728.8002345160962,75.83021118800467,99.88683512369893,1767.8944124825803,1606.3691725635995,0,MEDIUM,-691.1004911118584,3.695542534331423,0.2776330383524268
33.8740914722418,887.6561696623702,233.06237012713285,97.63306708402867,1147.6339120819487,765.8201127177874,1,HIGH,-841.144064853726,-2.2537680396702626,-0.9834112382884967
33.7782677311994,2793.9023658449323,243.64560561045005,97.01448517388307,2814.9687788647793,2719.9463482872825,1,HIGH,1906.246196182562,-0.6185819101455934,-0.09582374104240188
35.103111984394914,1387.5514072434405,263.4936076972436,98.36057048545808,1257.3814780324806,1284.2504309024405,1,HIGH,-1406.3509586014918,1.3460853115750098,1.324844253195515
35.00563340694959,506.19825022320146,201.53329595164573,99.51852119261153,570.7073608926846,520.7728158211169,1,HIGH,-881.353157020239,1.1579507071534465,-0.0974785774453224
34.24885465687067,241.680459482016,185.52297860788985,97.71178736384114,368.1746421367115,206.99032989681655,1,HIGH,-264.5177907411854,-1.8067338287703905,-0.7567787500789223
34.2609575643165,1559.3418598251276,11.617387673227423,97.95130291245884,1322.535067914243,1402.509773592256,0,MEDIUM,1317.6614003431116,0.2395155486177032,0.012102907445829203
34.63789990897664,1079.9496513089462,37.95728417545614,94.7639167947939,930.4649069443091,1038.3584532043117,0,MEDIUM,-479.3922085161814,-3.1873861176649427,0.37694234466014365
35.0918581790101,2643.0875663732104,171.3569279639716,95.4305195855655,2482.9356007103074,2749.285665631049,1,HIGH,1563.1379150642642,0.6666027907716057,0.45395827003346056
35.3072234603561,989.235555469337,40.18977628075638,98.97167670660248,927.8860517820035,1016.9173583279618,0,LOW,-1653.8520109038734,3.5411571210369743,0.21536528134599564
34.1486136510262,2760.9529960957266,287.63760313699544,94.27706200526885,2674.098759730837,2849.852824712925,1,HIGH,1771.7174406263896,-4.694614701333634,-1.1586098093298958
34.368553952209346,1099.5496927254633,173.39127808642374,98.36847499762949,1219.2831024725458,1336.159843319236,1,MEDIUM,-1661.4033033702633,4.091412992360645,0.21994030118314356
34.716491189828524,2154.675137984901,94.12640575795581,97.86799956057935,2261.9341409157223,2068.0314206057533,0,MEDIUM,1055.1254452594378,-0.5004754370501416,0.3479372376191776
35.11349813552933,675.5751983969151,34.978873476414236,98.743615429067,529.6181593268645,843.3449439678785,0,LOW,-1479.099939587986,0.8756158684876567,0.3970069457008094
35.74645997116883,2445.064927202708,151.59906302512513,98.9858707040344,2355.975277151266,2280.173495428769,1,MEDIUM,1769.489728805793,0.2422552749673912,0.6329618356394988
34.829753740294606,1261.5531259181346,278.5386452306723,96.8600890701452,1111.2459719542167,975.2422249880105,1,HIGH,-1183.5118012845735,-2.125781633889204,-0.916706230874226
34.18614285332038,1538.9688783610209,87.57937876742244,99.50229068143943,1489.3391197483313,1594.2139827528292,0,MEDIUM,277.4157524428863,2.64220161129424,-0.6436108869742228
34.09801824718624,3105.9303586376236,118.37075930944975,95.34457891887789,3280.036320349293,3249.8804625767416,0,HIGH,1566.9614802766027,-4.157711762561547,-0.0881246061341443
34.48883774562626,2653.6675927383867,190.318196018139,97.59028804899621,2596.699784477024,2825.042622978784,1,HIGH,-452.2627658992369,2.2457091301183283,0.39081949844002395
33.96472180849053,2021.7227330750536,27.496888020010843,98.93719085156876,2102.812704057996,2134.8830431148167,0,MEDIUM,-631.9448596633331,1.3469028025725436,-0.5241159371357327
34.53092635055474,1618.3739653434186,245.14837099230954,95.95583362000113,1755.9151100645095,1720.4857816499734,1,HIGH,-403.348767731635,-2.981357231567628,0.566204542064213
34.194248825232236,2298.571534581737,22.545636384690248,96.67372322053482,2310.1702663839424,2460.880122277589,0,MEDIUM,680.1975692383185,0.7178896005336952,-0.33667752532250717
35.68972438911691,1256.1162484429,186.59657232475163,96.00350676519717,1314.0373228915944,1111.895900216084,1,HIGH,-1042.455286138837,-0.670216455337652,1.4954755638846748
34.32201670205525,2035.2683944831003,198.91304449370398,96.73451413893466,1904.7125755400416,2001.5104977138574,1,HIGH,779.1521460402003,0.7310073737374836,-1.3677076870616602
34.769723175642646,823.1511352936055,118.81744112196759,99.00639464867592,849.511865462485,856.8719382947352,0,MEDIUM,-1212.1172591894947,2.2718805097412655,0.44770647358739524
35.60066555406407,1298.641812614078,48.451526041006254,100.0,1145.745526280559,1413.2636611337437,0,MEDIUM,475.4906773204724,0.9936053513240779,0.830942378421426
34.877431489231775,2616.045698362003,141.56273838319962,96.86389514076339,2749.3774529444195,2614.7468885333406,1,HIGH,1317.403885747925,-3.1361048592366103,-0.7232340648322975
34.11821705983779,2168.6863140909263,172.02357761600896,94.87697754715828,2055.870747457009,2128.4642643576,1,MEDIUM,-447.3593842710766,-1.9869175936051136,-0.7592144293939853
35.55454537878258,2950.1641782667252,99.72036134858512,95.27285359556454,3028.563838828008,2950.251249333379,0,HIGH,781.4778641757989,0.3958760484062651,1.4363283189447884
35.13684241517972,684.912427077855,153.8824498809713,98.37892786820933,561.8465520596453,746.9521514755072,1,MEDIUM,-2265.25175118887,3.10607427264479,-0.4177029636028564
34.679262458562434,1288.9730165180747,174.44164945731163,100.0,1377.2258855031412,1316.4599139346021,1,MEDIUM,604.0605894402197,1.621072131790669,-0.45757995661728756
34.6348232866706,345.6515406514535,219.24169983158083,99.1522885259009,470.3615275465394,263.36277286164955,1,HIGH,-943.3214758666212,-0.8477114740990999,-0.04443917189183111
35.31384485238334,1804.0467152467377,227.9534222498465,98.36621927118023,1729.8789370600227,1694.8694130887989,1,HIGH,1458.395174595284,-0.7860692547206725,0.6790215657127376
35.20905310678682,1144.721261249967,43.93323917618646,96.88718456995221,1014.1892704674243,1213.4234210271472,0,LOW,-659.3254539967706,-1.4790347012280165,-0.10479174559652193
33.807350603901554,0.0,291.3233950527427,99.96501307403061,46.10466669614813,-220.33486263964528,1,HIGH,-1144.721261249967,3.077828504078397,-1.4017025028852643
35.292338711361246,1357.1758529450221,171.23435453812394,97.79999461143572,1409.6310991232233,1219.08653949204,1,MEDIUM,1357.1758529450221,-2.1650184625948867,1.4849881074596922
33.395512034274226,963.8952250637868,45.77758420277502,98.3366184346772,1117.1057446252714,781.2912130157031,0,LOW,-393.2806278812353,0.5366238232414844,-1.8968266770870201
33.59016579492679,1161.6207488974196,106.17219986476248,97.54340667841727,1076.8176999618963,1200.2056207147073,0,MEDIUM,197.7255238336328,-0.7932117562599359,0.1946537606525638
35.18151163057905,3213.9300409255206,300.0,97.11295283916432,3144.4574580627154,3333.7581158289963,1,HIGH,2052.309292028101,-0.430453839252948,1.5913458356522625
33.249807067300885,1385.3099992777363,197.69928345553953,97.11748215245152,1253.4726562320016,1361.5992034358756,1,HIGH,-1828.6200416477843,0.004529313287193304,-1.931704563278167
34.419888183183375,2060.3080056701024,223.79876434356683,95.99736886327008,2060.058917042878,1891.0746421366825,1,HIGH,674.998006392366,-1.1201132891814325,1.170081115882489
33.813004037890344,927.3681518533857,185.19400540006578,96.98397697894276,886.3024813507608,967.3719749637233,1,HIGH,-1132.9398538167165,0.9866081156726807,-0.60688414529303
35.35541498061335,1847.6073923814315,61.75251380893157,97.65205432166555,1965.3565274039079,1563.3692997071557,0,MEDIUM,920.2392405280458,0.668077342722782,1.5424109427230022
34.60360980207986,1682.5143971810191,44.07525779779106,97.03701000761306,1764.308200076532,1438.199603423628,0,MEDIUM,-165.09299520041236,-0.6150443140524828,-0.7518051785334876
33.98580133234346,62.91388894189721,54.825462507470164,98.29020396838989,166.9329444025388,260.0639047899884,0,LOW,-1619.6005082391218,1.2531939607768265,-0.6178084697363957
34.06536485282776,0.0,257.5367155006729,98.46595862506209,-93.19750835417264,181.13338562865448,1,HIGH,-62.91388894189721,0.17575465667219703,0.07956352048429949
33.9313868111878,1209.2752615038492,272.47185603182663,97.56548155022129,1130.7916130954607,1179.2059910929177,1,HIGH,1209.2752615038492,-0.9004770748407935,-0.1339780416399634
34.33694134838927,1931.1975343813403,213.22625366107516,97.06164891277396,2001.6750694144248,1811.3324761992028,1,HIGH,721.9222728774912,-0.5038326374473314,0.4055545372014677
34.17624433351704,3744.7950943580568,75.89914837464458,96.89380439759374,3785.8580152545283,3824.208650980028,0,HIGH,1813.5975599767164,-0.1678445151802208,-0.16069701487222687
34.77682796337059,590.8484621008781,153.8881236820864,99.62927498918312,610.2464112904797,783.2287986683145,1,MEDIUM,-3153.946632257179,2.735470591589376,0.6005836298535527
35.39854149519439,712.2962287191876,238.0008056665587,100.0,648.4111520250818,503.08239583118007,1,HIGH,121.44776661830952,0.3707250108168836,0.6217135318237936
34.73247824541018,1443.8486059993493,246.37332804656728,97.9458552338426,1418.7461496115482,1513.0167778771133,1,HIGH,731.5523772801616,-2.054144766157407,-0.6660632497842087
34.35091852691987,1096.2721384751421,60.6620335595519,98.19099652325747,1101.920727259919,800.910635518165,0,MEDIUM,-347.57646752420715,0.24514128941487456,-0.38155971849030834
35.67399251323318,1743.8392949605561,16.324851141668017,95.56224644857821,1670.3212047129134,1905.3811290823753,0,MEDIUM,647.567156485414,-2.6287500746792603,1.323073986313311
33.95897370483327,2579.4857450966383,221.2005501406314,97.2322960319031,2527.903557155823,2650.414429159466,1,HIGH,835.6464501360822,1.6700495833248965,-1.7150188083999112
35.07986497880559,1830.393537429975,74.31887537349598,97.45286518039548,1932.8107299213827,1771.1340572777278,0,MEDIUM,-749.0922076666634,0.2205691484923733,1.120891273972319
34.40987090872172,591.079087035028,41.4687567249919,98.06178546216647,683.2341894989008,357.4516425045789,0,LOW,-1239.314450394947,0.6089202817709918,-0.6699940700838667
33.519067592251496,1517.4646805771035,104.62345478332806,97.75748657448639,1443.2717720198664,1503.9074271003162,0,MEDIUM,926.3855935420755,-0.3042988876800763,-0.890803316470226
35.32507722477877,3340.8781596987064,125.12632921889482,95.25563115700724,3252.4863685619916,3123.046864290098,1,HIGH,1823.413479121603,-2.501855417479149,1.806009632527271
35.16984138007016,389.8525825216561,203.03167607266832,97.78633438997923,369.12300084814905,542.0396259421931,1,HIGH,-2951.0255771770503,2.5307032329719874,-0.1552358447086064
33.593672258226924,1080.5322997820117,194.95383456982032,98.1793119239188,681.8899391697639,1058.8179947941385,1,HIGH,690.6797172603556,0.3929775339395718,-1.576169121843236
35.41222897661965,874.4360630377261,295.23191357233276,95.74252176356265,997.0827087093303,1103.2617753484387,1,HIGH,-206.09623674428565,-2.4367901603561535,1.8185567183927276
34.57108735108937,818.3602272725295,133.4986657155933,100.0,524.351020782994,842.948107601936,1,MEDIUM,-56.07583576519653,4.2574782364373505,-0.8411416255302839
34.58481133641565,982.1292276685741,40.69994213406213,98.32105554240442,901.4961647083036,1059.7191347609357,0,LOW,163.7690003960446,-1.678944457595577,0.01372398532627983
35.05272929250357,851.2933500812571,128.0593159338428,99.80070768043605,820.2618036776468,868.5586891751202,1,MEDIUM,-130.835877587317,1.479652138031625,0.4679179560879234
33.957654786542875,0.0,281.36004154545486,100.0,-184.92132189011005,-138.5036787199573,1,HIGH,-851.2933500812571,0.199292319563952,-1.0950745059606959
35.818383861125874,607.5475401325349,129.7343315457785,98.36841898412003,750.4327781808817,706.5358277791701,1,MEDIUM,607.5475401325349,-1.6315810158799735,1.8607290745829985
34.8070054769718,1614.8656303759851,186.11304242390918,97.41272925404115,1683.2141966872662,1465.7093500131086,1,HIGH,1007.3180902434502,-0.9556897300788734,-1.0113783841540709
33.806357100598035,815.1469089108132,246.22515859814803,98.14129574803883,970.6021849319668,1023.6085998352094,1,HIGH,-799.7187214651719,0.7285664939976755,-1.0006483763737677
35.61249632287123,608.4383386263669,194.13988218511898,99.92386509533856,615.5069839332857,561.0460732314796,1,HIGH,-206.7085702844463,1.7825693472997273,1.8061392222731953
33.98651287364586,2648.1924531992636,82.30146427193777,96.64743081961109,2663.621115652228,2761.922026067721,0,HIGH,2039.7541145728967,-3.2764342757274676,-1.625983449225373
35.57290795055735,1857.6363028401179,58.62727034913897,99.03178847498768,1769.8407382292546,1872.8245270556313,0,MEDIUM,-790.5561503591457,2.38435765537659,1.5863950769114936
34.150684712400604,1926.6605173253065,297.9960432062071,98.34687148432204,1731.9448582949783,1871.5289286732136,1,HIGH,69.02421448518862,-0.6849169906656414,-1.4222232381567466
34.00460350355142,2355.4661222432096,224.4012334561135,95.14377338038332,2580.8454603389873,2282.0794470755786,1,HIGH,428.8056049179031,-3.2030981039387143,-0.14608120884918208
33.52837417397485,1745.2098046557546,102.28194306846177,97.76471364315698,1848.9775005243625,1861.7556582028844,0,MEDIUM,-610.256317587455,2.620940262773658,-0.4762293295765687
34.163450802369816,269.6085432943458,296.2274232112148,98.99037088467762,291.10425792408097,180.57028839704793,1,HIGH,-1475.601261361409,1.2256572415206364,0.6350766283949625
34.61540739618156,1211.896013398864,55.177408352873655,98.79817063545285,1179.0061707041618,1223.3026084014161,0,MEDIUM,942.2874701045182,-0.19220024922476853,0.4519565938117438
35.67469072188149,1708.4466224640219,167.23089360976203,97.73536747726781,1637.9919013268272,1585.4024213129853,1,MEDIUM,496.5506090651579,-1.0628031581850337,1.05928332569993
33.17895204058821,251.28927466811749,81.38587288248158,100.0,126.03228656664058,296.96396639520106,0,MEDIUM,-1457.1573477959043,2.2646325227321853,-2.4957386812932825
35.02623212680661,2297.423431232519,266.00253652847465,97.25802448128509,2342.0799067039493,2306.0236174600223,1,HIGH,2046.1341565644013,-2.7419755187149093,1.8472800862184044
33.35805412545309,3961.5711320256655,167.36012811283857,95.8154529640178,3836.5465847387545,3812.8691318192145,1,HIGH,1664.1477007931467,-1.4425715172672966,-1.6681780013535246
34.90641077542948,0.0,141.8021331658557,100.0,-112.15763036349769,-97.61546572028983,1,MEDIUM,-3961.5711320256655,4.184547035982206,1.548356649976391
34.947940344775425,1538.9450881042105,234.39365063797175,96.86232914544154,1657.647876831585,1615.2364352538377,1,HIGH,1538.9450881042105,-3.137670854558465,0.04152956934594698
33.35462187988086,0.0,49.46982053357362,98.85671952411387,206.25247768256983,157.73991554835,0,LOW,-1538.9450881042105,1.9943903786723354,-1.5933184648945655
33.87158916730186,1587.2825051806028,126.13073770282979,96.19160593257749,1543.8112963434698,1679.9675453801144,1,MEDIUM,1587.2825051806028,-2.6651135915363824,0.5169672874210036
33.740133572490436,229.76400098774246,252.30241229155408,98.18212761742866,41.42617549694498,325.030889141216,1,HIGH,-1357.5185041928603,1.9905216848511742,-0.13145559481142755
34.20278344926569,79.42597396742933,56.97845657135143,99.14827391659117,310.2618482244725,196.41515821193556,0,LOW,-150.33802702031312,0.9661462991625029,0.46264987677525227
34.79740010067842,891.9904730339638,242.8059047531203,97.22120995807403,971.32438466135,757.7727061660498,1,HIGH,812.5644990665345,-1.927063958517138,0.5946166514127356
34.907776178724134,4000.0,204.08215396916927,95.27951869674975,3924.658234872216,4032.779660010477,1,HIGH,3108.009526966036,-1.94169126132428,0.11037607804571081
35.8309200688126,358.4669047624049,95.58221706218286,100.0,342.41288804835006,266.1805617775334,0,MEDIUM,-3641.5330952375953,4.720481303250253,0.9231438900884683
35.14967006170793,2780.0852425026837,235.6037130702308,96.23702049089096,2482.905169972243,2859.6024627177612,1,HIGH,2421.618337740279,-3.7629795091090443,-0.6812500071046728
33.72526145278941,367.26130132685415,49.38546084810649,98.5215111034363,478.35748216410246,256.06236697020046,0,LOW,-2412.8239411758295,2.2844906125453406,-1.4244086089185188
34.604097194535846,1141.8220776161902,202.55320461086575,99.84130796928235,1231.8457143845621,1174.2414544607188,1,HIGH,774.560776289336,1.3197968658460582,0.8788357417464354
33.762214571143744,1572.1534614447025,284.96540018426964,97.39037992184666,1683.1216113119856,1462.9022693633337,1,HIGH,430.33138382851234,-2.4509280474356956,-0.8418826233921024
34.98087491431789,1470.3696087706421,60.72370509809586,97.87263131003023,1366.794008185215,1371.7444896823504,0,MEDIUM,-101.78385267406043,0.4822513881835704,1.2186603431741432
34.614523124629294,1968.0251991409993,273.8384660873838,98.1672660689209,1945.6578121881873,1851.8715651273835,1,HIGH,497.65559037035723,0.29463475889066615,-0.3663517896885935
33.22778686340977,2762.8092955837474,110.11921791858126,96.39641634738594,2448.3095244145597,2834.1122329312343,0,HIGH,794.784096442748,-1.7708497215349581,-1.386736261219525
34.71277181637776,1794.605945482934,186.22621469383282,97.91126891977619,1872.4662921366942,1654.3918818502596,1,HIGH,-968.2033501008134,1.5148525723902537,1.4849849529679915
35.31795285373545,678.4395520028474,153.83746973399846,96.33304178666081,753.0489350967893,737.7931779188567,1,MEDIUM,-1116.1663934800865,-1.5782271331153765,0.6051810373576885
35.25516701194329,1800.7899103368436,165.45106205571517,98.9290623540742,2015.5078979668533,1862.5748374965722,1,MEDIUM,1122.3503583339962,2.5960205674133903,-0.06278584179215585
33.976477133731436,1385.905860284251,153.89974913399467,96.25332389490205,1348.7753459589273,1486.9892596129696,1,MEDIUM,-414.88405005259256,-2.675738459172152,-1.278689878211857
34.6230603743029,1003.8996396268385,197.49632242190387,98.29921788626153,1072.221221859081,1004.3592051069967,1,HIGH,-382.00622065741254,2.0458939913594776,0.6465832405714664
34.773360022505166,542.3427531696981,151.07178452527907,99.20744099757437,750.0642424359652,503.6143592286988,1,MEDIUM,-461.5568864571404,0.9082231113128358,0.15029964820226382
32.67397405891101,1557.0973778881103,67.18758094905682,96.4780073435945,1619.1232517297294,1432.569107505495,0,MEDIUM,1014.7546247184122,-2.729433653979868,-2.099385963594159
33.23014959368677,1995.0335729398598,131.05449856465071,97.91046505562488,1872.4795014634628,2017.0760399377962,1,MEDIUM,437.93619505174956,1.4324577120303843,0.5561755347757611
33.90174373456596,1148.0577067220343,202.0431388034991,99.0659939230567,1162.1909784716863,964.9408429152791,1,HIGH,-846.9758662178256,1.155528867431812,0.6715941408791934
33.94719169255762,1692.8019826220354,237.67909269619554,97.5280346985708,1540.886695218986,1825.1577316923428,1,HIGH,544.7442759000012,-1.5379592244858884,0.04544795799165513
35.002516133097885,1508.3899131215,30.74408345678022,96.34654118939503,1421.0153610058378,1610.2977200483892,0,MEDIUM,-184.41206950053538,-1.1814935091757803,1.055324440540268
34.72926310791295,879.3167633618298,116.78142093438885,97.26898959220085,952.9985714225519,783.9659974894158,0,MEDIUM,-629.0731497596703,0.9224484028058271,-0.27325302518493544
34.106210818185765,2112.000446944449,220.75526261720105,97.53110415379523,2233.849140061175,2177.7978565002313,1,HIGH,1232.683683582619,0.2621145615943732,-0.623052289727184
33.224955350589255,2803.95700760929,284.29555199578243,96.54955026988024,2543.748992796305,2860.7491044837866,1,HIGH,691.9565606648412,-0.9815538839149838,-0.8812554675965103
34.5271586662333,2174.0233325592753,71.54961950510976,98.63330958302981,2179.8660412964127,2038.958256916388,0,MEDIUM,-629.9336750500147,2.083759313149571,1.302203315644043
34.47948636222803,1688.2693262406328,12.901316886917623,100.0,1801.875554798386,1529.8919978647646,0,MEDIUM,-485.7540063186425,1.3666904169701866,-0.04767230400526756
34.23898934381306,2821.1307805072447,211.68034537275528,97.07060418670794,2767.197251649239,2837.8746594453346,1,HIGH,1132.8614542666119,-2.929395813292061,-0.2404970184149704
35.14003308574415,1644.825094414841,166.4748851724405,97.91656524901298,1788.2793661488477,1740.231826173018,1,MEDIUM,-1176.3056860924037,0.8459610623050366,0.9010437419310904
34.349362700752,729.8600651639914,12.557143756562757,99.45212201295806,693.0788316349565,699.1010260330984,0,LOW,-914.9650292508496,1.5355567639450811,-0.790670384992147
35.451025039213896,349.8429837030648,245.7939312876055,100.0,224.09312678636596,318.32132236562984,1,HIGH,-380.0170814609266,0.547877987041943,1.1016623384618924
34.373506128371936,1408.6668606891428,10.703184373171169,96.70695835922622,1318.1679021979592,1347.9993951175522,0,MEDIUM,1058.823876986078,-3.2930416407737795,-1.0775189108419596
33.88154473109467,988.1583728489536,266.3927797406946,97.30578769879236,1001.6973862566953,949.5279145988833,1,HIGH,-420.5084878401892,0.5988293395661373,-0.4919613972772652
33.63068895857361,1414.8401295348556,115.36145093079563,96.87191261902463,1435.3484319739778,1579.340055977213,0,MEDIUM,426.681756685902,-0.43387507976773065,-0.2508557725210636
33.600912241877744,1423.9078295744264,255.05581351627012,98.46334181398714,1539.3996822125448,1410.6131367968972,1,HIGH,9.06770003957081,1.5914291949625152,-0.02977671669586357
32.69947241721573,1696.6245534990358,140.01859208261888,98.73863872453948,1927.4013829491646,1502.721030281337,1,MEDIUM,272.71672392460937,0.27529691055234196,-0.9014398246620132
34.46498236936694,1412.9205514346609,220.66087774606933,96.0544838975462,1640.2149633971696,1306.6531414045485,1,HIGH,-283.7040020643749,-2.6841548269932787,1.7655099521512128
34.49489364805867,1489.9715807657863,214.98917076905465,97.92211989104597,1468.7330165269507,1317.611375813042,1,HIGH,77.05102933112539,1.8676359934997606,0.029911278691727716
33.812958660095674,1762.8971777687987,291.73880083280665,99.20496315914062,1766.6873280582756,1826.2359778837167,1,HIGH,272.9255970030124,1.282843268094652,-0.6819349879629968
33.120305298109876,1770.5826540741482,214.62296408434435,96.09464643340306,1945.5396243950577,1869.437604898799,1,HIGH,7.685476305349539,-3.1103167257375617,-0.6926533619857977
35.353301798529124,2368.849388493895,106.99688607940188,97.1557617258417,2412.25981597261,2538.320834756802,0,MEDIUM,598.2667344197466,1.061115292438643,2.2329965004192474
32.911014279822616,1757.3688295564416,235.15661130631761,96.68749034917889,1697.5620902700175,1888.9308900576746,1,HIGH,-611.4805589374532,-0.4682713766628126,-2.4422875187065074
33.875270492773794,1016.5738037303772,295.23397394707257,97.75013978081705,911.8589601293675,1034.8055905273875,1,HIGH,-740.7950258260644,1.0626494316381638,0.9642562129511774
33.951264455647234,621.1415928046523,209.72761616295895,98.91225381307048,576.7805144120981,688.5304588661413,1,HIGH,-395.4322109257249,1.1621140322534274,0.07599396287344007
32.95564631164171,3785.1146161554843,119.44788197285112,96.63346629408149,3724.5543229091645,3716.5019764235285,0,HIGH,3163.973023350832,-2.2787875189889917,-0.9956181440055261
34.99373215941846,597.5777047753487,129.58986392916367,98.99295996092007,510.04259699879543,726.3600497599189,1,MEDIUM,-3187.5369113801357,2.3594936668385884,2.038085847776749
35.13083664618605,1173.6465874520472,98.84285231589962,99.18331246776079,1188.7278068705027,1161.4367491724122,0,MEDIUM,576.0688826766985,0.1903525068407106,0.13710448676759057
34.70635510135351,1804.9009605108363,156.49229028953297,97.70576419442075,1876.6454709018014,1597.4089059726934,1,MEDIUM,631.254373058789,-1.4775482733400338,-0.4244815448325383
34.99016873151659,1660.6086840304524,10.573176860320572,97.03728254732177,1601.5829546642062,1566.4423478136353,0,MEDIUM,-144.29227648038386,-0.6684816470989858,0.28381363016308114
34.31675812000676,2162.174500055966,130.317607373496,98.05840265101332,2089.3436244335135,2194.8914467518575,1,MEDIUM,501.5658160255134,1.0211201036915583,-0.67341061150983
35.894562296000686,2484.149329958867,141.26425603616104,98.07609375851605,2664.4886050564683,2319.2691246469144,1,MEDIUM,321.9748299029011,0.017691107502727732,1.5778041759939256
34.414318286809454,1117.3817297766377,218.50665178618468,97.9111815980363,1348.409984671965,1132.6871576328704,1,HIGH,-1366.7676001822292,-0.16491216047975854,-1.4802440091912317
33.80714256943682,1087.9562981310273,246.83271777178985,96.31242211102264,1053.089294535517,1227.4801087668811,1,HIGH,-29.425431645610388,-1.598759487013652,-0.607175717372634
34.88609405440065,2725.2719602367374,187.74128233899071,98.04223457500639,2750.2629944774308,2760.9403416082732,1,HIGH,1637.31566210571,1.7298124639837482,1.0789514849638309
33.62653042782721,1301.1670978631362,173.02259073982108,97.36886372559563,1295.8840542950827,1210.6479060560139,1,MEDIUM,-1424.1048623736012,-0.6733708494107589,-1.2595636265734385
32.37649422460725,1482.2003274239723,94.53374327793827,99.68607870097698,1326.42639934941,1277.7739555926262,0,MEDIUM,181.03322956083616,2.317214975381347,-1.2500362032199632
35.202319849617474,2023.0862175826212,286.0098889329903,96.4120194815721,1913.6409773921546,1944.4677361305874,1,HIGH,540.8858901586489,-3.274059219404876,2.825825625010225
33.56501031592208,1376.3003477895943,267.6301459538949,96.68775138115109,1434.6290895468749,1547.7818311866606,1,HIGH,-646.7858697930269,0.2757318995789859,-1.6373095336953938
33.47992929014834,194.9697081489866,200.57821926687342,97.46354634783171,306.5896168327212,49.154077894833485,1,HIGH,-1181.3306396406076,0.7757949666806212,-0.08508102577373933
36.13885002442518,1406.8539910620507,217.98542410989833,98.18849151142011,1338.3841758277756,1313.1064207897348,1,HIGH,1211.884282913064,0.7249451635884014,2.6589207342768404
34.16862527450694,1358.3057903891327,230.73948092598712,97.07349197599702,1297.2611617807177,1260.003304509397,1,HIGH,-48.54820067291803,-1.1149995354230953,-1.9702247499182448
33.02917065134738,3174.9806371138834,42.87884470998697,96.81338464647658,3253.2822387985407,3267.910393364453,0,HIGH,1816.6748467247508,-0.26010732952043725,-1.1394546231595584
33.8572054423803,1166.497838750765,161.92026249992549,99.30557876201766,1258.6126856695928,1113.2271355862283,1,MEDIUM,-2008.4827983631185,2.492194115541082,0.8280347910329198
35.32916512504296,2209.138543030307,226.0480894972189,96.73373411476027,2106.7420182279184,2290.8388571261908,1,HIGH,1042.6407042795422,-2.571844647257393,1.4719596826626642
34.504652195657044,1085.2648797649304,1.5040245487581094,98.80378484745695,861.6958397872805,1045.9851805016606,0,LOW,-1123.8736632653768,2.0700507326966857,-0.8245129293859179
33.95993551661021,1815.0489979663398,46.23022577179011,96.5549169265982,2000.2303121273765,2053.421257159824,0,MEDIUM,729.7841182014095,-2.248867920858757,-0.5447166790468358
35.50495601766875,742.1992397568549,142.14398885635882,95.48342694865768,450.15011428473736,705.984979252715,1,MEDIUM,-1072.849758209485,-1.0714899779405158,1.545020501058545
35.35651177752321,1311.4612886445661,92.31205555608008,97.99481804301854,1448.6567450215332,1322.7368635300918,0,MEDIUM,569.2620488877112,2.51139109436086,-0.14844424014554392
34.32931927250975,1527.0206710226003,102.01472246495479,96.95118306804021,1526.850915567512,1345.3792250499778,0,MEDIUM,215.55938237803412,-1.0436349749783318,-1.0271925050134598
33.970251167323056,168.22037177809443,91.31097493541931,99.3635242357875,455.4579839048008,249.20022737326335,0,MEDIUM,-1358.8002992445058,2.412341167747286,-0.35906810518669374
35.068990192107634,2637.1885566670294,249.00570052545683,98.31168626807731,2531.2304466446444,2839.422151229377,1,HIGH,2468.968184888935,-1.0518379677101848,1.098739024784578
33.46526958882534,1598.7728736104843,269.8799541947419,99.71618217693498,1760.6827843873061,1651.0903841351799,1,HIGH,-1038.415683056545,1.404495908857669,-1.6037206032822908
34.720028259486284,88.07755860912019,176.30741696555927,97.85438190276402,-165.66321098086974,-177.57296515009705,1,MEDIUM,-1510.6953150013642,-1.8618002741709603,1.2547586706609408
34.759546497327094,1481.3140977310727,66.3466143657445,96.61436381393258,1171.5168582354775,1244.2945424282584,0,MEDIUM,1393.2365391219525,-1.2400180888314338,0.039518237840809434
34.1861918458339,2076.9359063874213,218.3420602240435,97.47384194612675,2154.0440498083217,2090.653324339253,1,HIGH,595.6218086563485,0.8594781321941696,-0.5733546514931902
34.747290448189815,1895.5098424344833,248.60816531648075,95.48633389661663,1802.576168911902,2048.7201578090007,1,HIGH,-181.42606395293797,-1.9875080495101258,0.5610986023559121
34.44766856541272,1229.0958977024318,230.94289245542657,98.82744677618514,1247.8806999915253,1333.175074325484,1,HIGH,-666.4139447320515,3.341112879568513,-0.299621882777096
35.03317259599072,1163.664125054273,257.32191174625723,100.0,1203.478440287546,1203.2987162404515,1,HIGH,-65.43177264815881,1.1725532238148588,0.5855040305780008
34.99415971022767,290.3930951457405,159.74474963291343,100.0,328.69336913180587,402.8903613218667,1,MEDIUM,-873.2710299085325,0.0,-0.039012885763050065
35.08101932821076,2218.1219041665145,147.17273397100405,96.73316237031811,2344.1978315720794,2207.385590710998,1,MEDIUM,1927.728809020774,-3.2668376296818877,0.08685961798308739
34.19323013859395,1444.8711034172447,254.55548262461892,98.70920163753807,1565.1976417429314,1468.4978570871017,1,HIGH,-773.2508007492697,1.97603926721996,-0.8877891896168109
34.68237812532729,1223.358267246295,32.388271264948045,98.95805149531922,1373.4195678930012,1311.8592335023034,0,MEDIUM,-221.51283617094964,0.24884985778115265,0.48914798673334303
34.853015416769125,2975.5396171939155,43.391246235913556,95.48211646978945,2893.758370672119,3007.6542060024494,0,HIGH,1752.1813499476204,-3.475935025529779,0.17063729144183526
33.684361727667024,0.0,209.75917223234194,99.25561732246192,57.39543814274029,65.20242368636438,1,HIGH,-2975.5396171939155,3.77350085267247,-1.1686536891021007
33.7947045791608,1314.8156819183996,236.0535668784306,98.91351905518296,1219.7425456818607,1466.8316712151807,1,HIGH,1314.8156819183996,-0.3420982672789563,0.1103428514937761
34.155757009345294,824.5032036247115,42.3028789049961,98.12711945325448,745.86931556,499.34017307233614,0,LOW,-490.31247829368806,-0.7863996019284798,0.3610524301844933
34.5069894653979,416.9211718954729,130.23496660657926,98.6801937147769,322.42736481122665,569.9316270459478,1,MEDIUM,-407.5820317292386,0.5530742615224256,0.3512324560526068
33.875115949012454,711.8682108686621,285.05406414323835,97.42570884435641,660.0593018173015,644.3978309442787,1,HIGH,294.9470389731892,-1.254484870420498,-0.631873516385447
34.244735925246204,0.0,300.0,99.3317247733826,82.44862504323132,143.35528325984205,1,HIGH,-711.8682108686621,1.9060159290261964,0.36961997623375
33.55768779740181,821.0631956930711,51.008960459469506,98.29651000254688,749.2578353926427,681.7507797770361,0,LOW,821.0631956930711,-1.0352147708357222,-0.6870481278443918
33.96603851088853,923.9979986870962,3.54125377484562,98.79098382080764,987.6023791257439,996.0967804990106,0,LOW,102.93480299402518,0.494473818260758,0.40835071348671903
33.619073232214696,1917.3493675045554,43.5348420708133,98.24873228516753,1809.6567958548953,1990.1042375048903,0,MEDIUM,993.3513688174592,-0.542251535640105,-0.3469652786738351
34.58020737066164,694.4442550127874,9.052301845755213,96.00405920982003,607.3038134965572,465.61334954787225,0,LOW,-1222.905112491768,-2.2446730753475066,0.9611341384469441
34.87176106301513,1142.512468270133,114.13383267639483,97.57136305558572,888.9460165878534,1030.6725285658033,0,MEDIUM,448.06821325734563,1.567303845765693,0.2915536923534887
33.98877525301694,1253.011399634429,243.58081393448518,97.76166549938547,1221.5465847703663,1244.19665129071,1,HIGH,110.49893136429591,0.19030244379975159,-0.8829858099981891
34.88020190097844,1587.5076213210102,299.22434304955556,98.30638381300052,1821.723502194756,1890.7328494744202,1,HIGH,334.4962216865813,0.54471831361505,0.8914266479615023
35.92821267384549,1862.1837947488414,223.19891502438628,99.07263036396962,1896.2259979842343,1886.546961232928,1,HIGH,274.67617342783115,0.7662465509691003,1.0480107728670518
34.075901704348794,2419.2017742853423,204.9952328025142,95.80417575963821,2629.926772236854,2500.0590252711945,1,HIGH,557.0179795365009,-3.26845460433141,-1.852310969496699
34.72942503271933,912.1465604203862,108.78139659647476,100.0,823.9204195061445,1034.5076552358971,0,MEDIUM,-1507.055213864956,4.195824240361787,0.6535233283705324
33.27705192889575,1575.8574246454452,103.37795487616901,99.17593592868252,1630.443640386619,1348.8077923850344,0,MEDIUM,663.710864225059,-0.8240640713174798,-1.4523731038235752
33.33875469447261,1796.6857152111984,12.71874826252986,98.69812650762388,1717.4980129622795,1611.6253601053693,0,MEDIUM,220.82829056575315,-0.47780942105863744,0.06170276557686094
34.342581408625215,1740.042832465998,124.48208521094372,98.21573304129652,1645.6601330102608,1699.7385801185237,1,MEDIUM,-56.642882745200495,-0.4823934663273661,1.003826714152602
33.90483354596392,1024.729125575557,186.68427750769126,96.65621625861922,1001.0906282985728,1239.7081626953445,1,HIGH,-715.3137068904409,-1.5595167826772922,-0.43774786266129695
35.53030289011743,790.6833711587111,142.19316820511537,97.93478264913652,821.0498419209566,763.3423731415304,1,MEDIUM,-234.04575441684585,1.2785663905172981,1.6254693441535153
33.21773490635721,3086.4884714470168,220.75161744717883,98.04624706546895,3153.7631395063217,2983.4611633009695,1,HIGH,2295.8051002883058,0.11146441633242432,-2.312567983760225
34.34701234907234,906.5333019919035,5.43019242420262,97.23035185711609,828.6287668859527,829.6940010978722,0,LOW,-2179.9551694551133,-0.8158952083528561,1.1292774427151286
34.47075706521382,32.15941338962573,33.778865631535126,99.05698380923157,-91.35658433427324,93.6251516163895,0,LOW,-874.3738886022778,1.826631952115477,0.12374471614148064
35.17555974127616,1520.4253048987769,138.06659172116937,99.00736961604451,1544.8994952502271,1489.999006467441,1,MEDIUM,1488.265891509151,-0.04961419318705396,0.7048026760623429
34.28787581767019,2837.409017720641,144.0448766921244,96.0232609172299,3098.4659402056113,2765.3958546478593,1,HIGH,1316.983712821864,-2.984108698814609,-0.8876839236059695
34.07372411177835,3072.2066766478683,123.38873971566494,96.10438916987337,3251.8498268487056,3072.021187008306,1,HIGH,234.79765892722753,0.08112825264346668,-0.21415170589184385
34.25410171187869,1431.8404821718404,143.2763359786523,98.4975674670644,1521.054670067167,1261.432755345348,1,MEDIUM,-1640.3661944760279,2.393178297191028,0.18037760010034276
34.18047898819014,422.2303164403346,46.750893905131235,99.49053607945231,569.6211081003761,346.75352024546436,0,LOW,-1009.6101657315058,0.9929686123879122,-0.07362272368855116
34.786937710563414,1036.5323687345885,187.96386868060432,97.67512120230703,1327.427008558709,1113.0525574003402,1,HIGH,614.3020522942539,-1.8154148771452867,0.6064587223732758
34.5963572328417,1378.5216788056575,142.0601032318702,98.93508721937927,1479.8881773449461,1435.622004863007,1,MEDIUM,341.989310071069,1.2599660170722444,-0.19058047772171705
34.37514712887997,517.9867179992901,34.07718953164989,97.58830078143572,345.7462530832074,250.51254225248906,0,LOW,-860.5349608063674,-1.3467864379435497,-0.2212101039617238
34.393768407924206,1846.4466600225005,249.53527869237476,96.2040572694839,1954.714414476343,1887.2756769520643,1,HIGH,1328.4599420232103,-1.3842435119518228,0.018621279044232608
33.393890148876366,68.24474463071209,197.88271194241034,98.67153612808909,159.54852658729777,-24.91877463339543,1,HIGH,-1778.2019153917884,2.4674788586051903,-0.9998782590478399
34.43177148102697,1396.7159226850592,227.15948597600377,96.10222058426451,1530.5943217796846,1320.3712659757946,1,HIGH,1328.471178054347,-2.5693155438245725,1.0378813321506044
35.01628379414055,1690.4568400830358,145.65174184397998,96.99058100540938,1506.857738326009,1890.3826533027866,1,MEDIUM,293.74091739797655,0.888360421144867,0.5845123131135779
34.82862947966746,3520.3752132485674,156.94617490001693,94.59737000404874,3541.7149062334247,3384.918375719491,1,HIGH,1829.9183731655316,-2.3932110013606405,-0.187654314473086
35.28632320458359,1117.049715131476,277.49226555117525,97.83959002010747,946.4556389734327,1077.8916873583983,1,HIGH,-2403.3254981170912,3.242220016058724,0.45769372491612614
34.32467992999817,2152.6649592779395,3.0573521002723725,95.61987943793002,2175.738631109191,2097.9683062994536,0,MEDIUM,1035.6152441464635,-2.2197105821774414,-0.9616432745854198
34.950551777460795,257.2618888596378,116.42230103139661,98.00085157972048,241.1648238584031,214.42006777033754,0,MEDIUM,-1895.4030704183017,2.3809721417904512,0.6258718474626264
33.78846423898519,1723.9057907768597,139.80108531644964,95.79055304608792,1837.0566078577338,1552.5879770057006,1,MEDIUM,1466.643901917222,-2.210298533632553,-1.1620875384756033
35.31044457337568,1387.0939704268349,289.7066911918565,98.69746196245309,1394.7358530616598,1179.4589812092336,1,HIGH,-336.81182035002485,2.9069089163651682,1.5219803343904914
34.771895397949216,1689.123377783595,159.53315353847123,98.27452555547373,1671.4584538109066,1848.6781734246522,1,MEDIUM,302.0294073567602,-0.4229364069793604,-0.5385491754264677
35.607356301515814,995.6579043271022,256.2083833214018,98.16578836522764,1004.2905699553626,907.1700844602144,1,HIGH,-693.4654734564929,-0.10873719024608874,0.8354609035665987
34.408846053966336,678.8634253407616,152.8761783319533,100.0,912.637344635534,745.8859043174831,1,MEDIUM,-316.79447898634055,1.834211634772359,-1.1985102475494784
35.22412648820307,1770.3958714053372,128.15002635620323,98.14527420638196,1700.7877793538328,1865.1968271018488,1,MEDIUM,1091.5324460645757,-1.8547257936180443,0.8152804342367332
34.56315267192785,1399.0634816217143,172.88856820744073,98.05971469029417,1605.1899732966149,1372.5057697984882,1,MEDIUM,-371.33238978362283,-0.085559516087784,-0.6609738162752166
34.51556374486858,1600.2951706044464,119.57607172509861,98.24878216173526,1653.0389537789754,1700.799601996824,0,MEDIUM,201.23168898273207,0.18906747144109204,-0.04758892705927309
34.50800733384713,1448.0216986717874,300.0,98.09843778176148,1523.2432871192923,1518.8002290879617,1,HIGH,-152.27347193265905,-0.15034437997378802,-0.007556411021447218
34.443648218096186,2142.2880372513064,46.53185424104936,98.28633840364505,2110.8218778940195,1920.9186099345557,0,MEDIUM,694.266338579519,0.18790062188357126,-0.06435911575094622
33.881853849388364,2256.8766510745954,200.98367525679217,96.96547837498996,2074.2565372054746,2466.7079581044395,1,HIGH,114.58861382328905,-1.3208600286550904,-0.5617943687078224
35.08902936523277,1988.7398545571689,90.64898924356034,95.20736643722655,1924.4771019863579,2013.9818924664146,0,MEDIUM,-268.13679651742655,-1.7581119377634025,1.2071755158444049
34.990188767972434,2558.651696368598,286.5755994680514,96.55391950821732,2454.512877967342,2846.9521115240414,1,HIGH,569.9118418114292,1.3465530709907654,-0.09884059726033456
33.6806388846849,1614.4892697977743,255.11463462826356,97.28982873807026,1607.0269889050548,1572.6968303919427,1,HIGH,-944.1624265708238,0.7359092298529362,-1.3095498832875307
34.3795092939566,1034.7142221750291,41.79045345592506,97.95213116645031,1105.9252708008494,954.9265025169879,0,LOW,-579.7750476227452,0.6623024283800589,0.6988704092716986
34.67042848816343,1113.5766439439747,38.6517065696019,97.7381302547179,1409.1305884854214,1161.5944039167246,0,LOW,78.86242176894552,-0.21400091173241265,0.290919194206829
33.80375443393309,477.36404614034814,224.0876385694575,98.97413797481113,616.1767514545313,487.96362009147003,1,HIGH,-636.2125978036265,1.2360077200932267,-0.8666740542303373
34.632487370194994,2586.3476403089835,240.94526208323876,96.29249814045454,2488.0690950691246,2658.375067988081,1,HIGH,2108.983594168635,-2.681639834356588,0.8287329362619005
35.78705515774281,1533.9013123705881,292.8667709414862,97.87710686400223,1419.4369855282434,1543.6662521857968,1,HIGH,-1052.4463279383954,1.5846087235476887,1.154567787547819
34.35559411099349,3791.262527588129,282.6196365698177,95.58633686264865,3886.015675623432,3829.335169764419,1,HIGH,2257.361215217541,-2.2907700013535788,-1.4314610467493196
35.04829968776715,873.3137502889789,17.4108411059665,97.66911224625474,773.7523207872684,724.2457534752039,0,LOW,-2917.94877729915,2.0827753836060907,0.6927055767736547
35.27659709059337,968.0877384525372,124.24514212453023,98.26024688799565,772.2396626654273,855.779762252681,1,MEDIUM,94.77398816355833,0.5911346417409078,0.22829740282622168
34.53248012976597,375.5071955993298,9.858885031365352,99.9610515136737,357.1942911584607,436.67563647561104,0,LOW,-592.5805428532074,1.700804625678046,-0.7441169608273981
33.316172724507354,747.081558890141,136.24200352534365,97.92523257471726,515.8738807243086,950.9781432704211,1,MEDIUM,371.57436329081116,-2.0358189389564387,-1.2163074052586182
33.10570687680298,1468.7795656537953,288.7880604714274,94.17876671846018,1526.496637025066,1355.244011846351,1,HIGH,721.6980067636543,-3.7464658562570747,-0.21046584770437704
35.211871198628764,2201.941735476795,139.73496949957772,99.47917838928775,2294.4957737519,2374.1644970274842,1,MEDIUM,733.1621698229999,5.300411670827572,2.106164321825787
35.54515619902555,1994.9135786458423,115.09406857968561,98.2788387365392,2345.587344017521,1976.0470686657206,0,MEDIUM,-207.02815683095287,-1.2003396527485535,0.3332850003967849
35.018565363886104,1512.197748139431,67.10081036853681,98.47027523047338,1356.3876124877515,1449.405490945288,0,MEDIUM,-482.7158305064113,0.1914364939341766,-0.5265908351394444
33.60036678241871,1949.3570245105375,16.035805754127136,97.34702997169362,1866.5202059486608,2271.357040378383,0,MEDIUM,437.15927637110644,-1.123245258779761,-1.4181985814673936
35.423877465837464,1687.7701095901864,227.31038648043176,97.42843530003843,1646.631369332802,1547.4405144300638,1,HIGH,-261.5869149203511,0.08140532834481462,1.8235106834187533
35.58307496786515,1481.6722337811677,226.5110635335928,96.81313155170078,1369.4126406123528,1554.2843907536073,1,HIGH,-206.09787580901866,-0.6153037483376522,0.15919750202768768
34.013505638796474,1843.6677771428328,24.040274388537192,96.73787411381485,1818.4779000886574,1721.1412118644143,0,MEDIUM,361.9955433616651,-0.07525743788592365,-1.5695693290686776
33.71224760491147,1414.9062494307511,59.12358797259507,96.93804207950615,1304.6026727551953,1485.4326458477324,0,MEDIUM,-428.7615277120817,0.2001679656912927,-0.3012580338850057
34.72175161394278,1927.556236341603,40.266036228713254,95.92805298148983,1741.0689052373089,2024.8436576143222,0,MEDIUM,512.6499869108518,-1.0099890980163195,1.0095040090313105
34.74997667096585,3304.0372299856053,0.0,96.39409431807675,3239.393170874745,3338.4226213778475,0,HIGH,1376.4809936440024,0.46604133658692604,0.028225057023071543
35.095623804485214,2849.58419824333,213.19839750886086,95.54069276386524,2805.5517576582292,2861.793293655038,1,HIGH,-454.45303174227547,-0.8534015542115156,0.34564713351936405
34.790422874638836,1666.1287262966953,252.2245266975585,97.08795006726213,1440.983952614461,1655.0202536862125,1,HIGH,-1183.4554719466346,1.54725730339689,-0.3052009298463787
33.37921280681006,1534.145003399213,148.63184827715668,98.44698322670452,1633.727570009309,1374.9209990590293,1,MEDIUM,-131.98372289748227,1.3590331594423901,-1.411210067828776
33.75143267343105,2467.021417088343,168.47785080383855,96.90313576950257,2237.474808856742,2470.032756141974,1,MEDIUM,932.8764136891298,-1.5438474572019487,0.3722198666209877
34.96406047161272,2106.4153009449797,172.22396147478565,95.50378821066765,2130.3485257073016,1941.2628146135596,1,MEDIUM,-360.6061161433631,-1.3993475588349185,1.2126277981816713
33.84029015567209,2385.2896263467737,54.13094106549242,97.50789888263179,2376.8360993086376,2194.858382778492,0,MEDIUM,278.87432540179407,2.004110671964142,-1.1237703159406252
33.24009792095899,1851.3183536360134,38.36175867385149,95.91260258676066,2023.515335326596,1888.5864660744896,0,MEDIUM,-533.9712727107603,-1.5952962958711367,-0.6001922347131057
33.68456232494974,1654.0134145482255,108.02945785375707,97.72190758023723,1692.5412840599565,1888.0955577575335,0,MEDIUM,-197.30493908778794,1.809304993476573,0.44446440399075016
34.09017051153127,846.5197071069202,99.62852603225873,97.35560471803312,711.6442924883196,926.5372840636857,0,MEDIUM,-807.4937074413052,-0.36630286220410824,0.4056081865815315
33.35000454959763,1442.6373073175516,223.3926340159614,99.90869052228958,1266.1930198686273,1379.382522804361,1,HIGH,596.1176002106314,2.5530858042564546,-0.7401659619336414
34.8307742187186,835.8432623864638,248.2344882539858,96.18485359090785,822.9630589814614,802.4845974760419,1,HIGH,-606.7940449310878,-3.723836931381726,1.4807696691209742
34.634924791232706,975.9556151926973,239.63661419528617,98.59991688936991,1198.1528048840416,753.7930872550506,1,HIGH,140.1123528062335,2.4150632984620586,-0.1958494274858964
33.64167245776883,1682.502060797286,146.52765179819494,96.88058154545972,1492.6275222700826,1703.1680921237678,1,MEDIUM,706.5464456045887,-1.7193353439101884,-0.9932523334638788
33.37403465646839,1000.1175424951016,200.77623914237688,99.6355456581811,949.5885269054965,977.3894758307698,1,HIGH,-682.3845183021845,2.7549641127213818,-0.2676378013004381
34.4579506599395,2456.2607855745287,130.49924126097332,96.78900688145728,2577.873688822776,2562.8941590754835,1,MEDIUM,1456.143243079427,-2.8465387767238184,1.08391600347111
33.369530472441134,0.0,0.0,98.21520471639658,56.917526445155104,113.14367571948907,0,LOW,-2456.2607855745287,1.4261978349393019,-1.0884201874983646
33.36329866777419,2249.326049930149,183.42036123435165,97.74682686548579,2531.6208621399455,2372.4786659337333,1,HIGH,2249.326049930149,-0.4683778509107981,-0.006231804666946061
34.698250134160595,2615.28149072486,25.32710025146107,96.23543380656561,2774.3023124473066,2550.2045761137792,0,HIGH,365.95544079471074,-1.5113930589201772,1.334951466386407
34.29224324128798,997.4413002146399,136.0532043673537,96.67367021952074,840.8018635136214,884.1882770522823,1,MEDIUM,-1617.84019051022,0.4382364129551348,-0.40600689287261815
34.82276444933166,2269.852399406039,281.1882274684109,97.11346650093488,2146.7833602561855,2316.770232722434,1,HIGH,1272.411099191399,0.4397962814141323,0.5305212080436803
34.72699084123075,1332.768722805183,107.53906899618376,98.94870097189806,1325.907706176515,1195.2689930474041,0,MEDIUM,-937.0836766008558,1.8352344709631865,-0.09577360810090596
33.91854399199448,2893.1753018154536,104.33090146653907,94.167542636012,2754.1396078011903,2747.1536315496364,0,HIGH,1560.4065790102707,-4.781158335886062,-0.8084468492362689
35.013939738665755,3456.4936435992126,75.36884124008449,97.94094000739996,3510.774721218501,3575.4338022880474,0,HIGH,563.318341783759,3.773397371387958,1.0953957466712723
34.466299820752056,626.2443450085101,61.34397217885126,98.51229348919776,745.5231312505323,739.1108332731035,0,MEDIUM,-2830.2492985907024,0.5713534817978001,-0.547639917913699
34.112221510765295,380.697743825419,87.34366798693706,98.26979626508165,332.2216797778235,380.77835280319715,0,MEDIUM,-245.54660118309107,-0.2424972241161072,-0.35407830998676104
35.36485977475611,2202.418445124873,79.5845996961954,96.96481680790995,2151.814736667478,1929.612483818761,0,MEDIUM,1821.720701299454,-1.3049794571716973,1.2526382639908178
34.55403619987556,1158.4552280011205,69.29478635744022,97.40282584227346,1338.842847684108,1251.4325958523802,0,MEDIUM,-1043.9632171237524,0.43800903436350325,-0.8108235748805512
33.20949285026829,1410.9684370919556,279.22077363123884,96.79403154893821,1504.9285701712445,1354.0244424326359,1,HIGH,252.51320909083506,-0.6087942933352508,-1.344543349607271
33.96599309661318,1717.13285098275,213.4101134662599,95.21716660284494,1675.3280474969831,1789.109493834932,1,HIGH,306.1644138907943,-1.5768649460932664,0.756500246344892
34.18819975988288,1719.0406133722374,112.33309589016028,97.5051297229256,1721.9305798234939,1812.9328361453006,0,MEDIUM,1.907762389487516,2.2879631200806614,0.22220666326969507
35.256468213714776,985.3542588374889,72.24378925794049,95.12694284133853,971.1916205106943,906.8944246266517,0,MEDIUM,-733.6863545347485,-2.3781868815870695,1.068268453831898
32.677035320965196,2043.3745828878923,157.59577439059208,95.77265866904405,1971.5569502006547,2051.552807426264,1,MEDIUM,1058.0203240504034,0.6457158277055157,-2.5794328927495798
34.65299527941929,1934.363444089406,78.2674561347777,97.88759748156413,2018.6566976463068,1802.2275696784225,0,MEDIUM,-109.0111387984864,2.11493881252008,1.9759599584540908
34.246441732801486,3302.145986228884,42.89895994764175,97.03675523821636,3467.5386195177884,3345.9012921301364,0,HIGH,1367.782542139478,-0.8508422433477705,-0.4065535466178005
35.14691199981972,888.4785238577964,221.81991487918657,98.78071421490131,870.9477546946605,767.8768998865629,1,HIGH,-2413.6674623710874,1.7439589766849508,0.9004702670182354
33.78507514395855,2749.6996013780167,276.32350376502166,95.23698202107033,2758.4646054062173,2807.1922744563662,1,HIGH,1861.2210775202202,-3.5437321938309765,-1.3618368558611706
32.73945186638285,16.66511248137043,268.8445476635044,99.53493856593892,-84.39635678202436,-212.9141459089705,1,HIGH,-2733.0344888966465,4.297956544868583,-1.0456232775757002
34.54304636078007,1459.0572123346271,153.12579021722036,97.36660505830582,1493.335633640411,1514.1477092389953,1,MEDIUM,1442.3920998532567,-2.1683335076330934,1.8035944943972169
34.13768700819743,0.0,177.2964568521881,98.38905073079742,-403.8133820897085,-110.37011676000387,1,MEDIUM,-1459.0572123346271,1.0224456724915996,-0.4053593525826358
33.659330105817034,1960.9462647800085,26.8715177957214,98.77335522624078,2007.6553631507072,2024.6719231170177,0,MEDIUM,1960.9462647800085,0.38430449544335943,-0.47835690238039774
34.165741078358096,1442.844879017178,206.8509810529352,96.97971851843825,1406.9173546915217,1541.7159934853973,1,HIGH,-518.1013857628304,-1.7936367078025341,0.5064109725410617
33.90152221416817,1988.4738670774,17.80290621901642,97.44021268687608,1956.39105267705,1926.479126301361,0,MEDIUM,545.6289880602219,0.4604941684378332,-0.2642188641899281
33.56275383298241,3080.2761840338926,123.98941713371859,96.0328249920045,3053.197289587142,3057.677882700063,1,HIGH,1091.8023169564926,-1.4073876948715736,-0.33876838118575847
33.47048765147751,1356.2246766276721,276.0626411011992,98.76805119015226,1341.125600514661,1275.0803243553887,1,HIGH,-1724.0515074062205,2.735226198147757,-0.09226618150489685
34.79071052198489,291.9069233408155,267.9778456240168,97.60958594757734,68.97660300737601,466.63206838576673,1,HIGH,-1064.3177532868567,-1.1584652425749198,1.3202228705073793
34.552349619675695,1990.3953094754806,73.91654034769101,97.93291940408065,2087.2763742993566,2065.4316110563013,0,MEDIUM,1698.4883861346652,0.32333345650330614,-0.23836090230919638
34.73587648645531,75.89911515668528,128.3245387834306,100.0,37.27777915664,-25.095007309184588,1,MEDIUM,-1914.4961943187955,2.06708059591935,0.18352686677961572
33.00830756630456,2316.072836401538,191.80096746085874,96.46945325850226,2356.129133614968,2442.172283052192,1,HIGH,2240.173721244853,-3.5305467414977443,-1.7275689201507518
34.61864897660895,1869.3464752185673,196.183117565147,99.44098381003221,1721.600506965765,2079.6478593059255,1,HIGH,-446.7263611829708,2.971530551529952,1.6103414103043932
33.90462333463935,291.5528301211579,192.68963272780866,96.99636566308207,281.92920974235795,-13.941457836216287,1,HIGH,-1577.7936450974094,-2.444618146950134,-0.7140256419695987
34.6008506838762,461.0552705994044,257.1628036211449,99.7012822150284,446.1691128715831,629.4080484657031,1,HIGH,169.5024404782465,2.704916551946326,0.6962273492368496
34.996793468979305,830.6211440327319,261.1974169328294,99.13276045524735,844.829650296174,741.500905524934,1,HIGH,369.56587343332745,-0.5685217597810492,0.3959427851031023
33.793551761881474,585.116532540618,230.87852144263286,98.94538382224346,580.0271918660767,870.1997982848177,1,HIGH,-245.5046114921139,-0.1873766330038933,-1.2032417070978312
33.843683639378916,0.0,176.03685604487433,99.80844546577252,-119.7864382691365,107.43165135965786,1,MEDIUM,-585.116532540618,0.8630616435290648,0.05013187749744219
35.20790331169883,1335.1712537634453,177.44792217608335,96.78639682265376,1192.881805277955,1479.4746407060566,1,MEDIUM,1335.1712537634453,-3.022048643118765,1.364219672319912
34.54216808998464,2189.516748886023,184.84360441622303,95.53979844563774,2256.626832736443,2094.984291228295,1,HIGH,854.3454951225776,-1.2465983770160136,-0.6657352217141863
34.04896420658271,2020.4923437392285,214.1532218708835,94.16961859664373,1979.8662537213033,2022.8338874309952,1,HIGH,-169.02440514679438,-1.3701798489940131,-0.49320388340193233
33.45715103691477,2189.722901284218,157.68735608837602,95.96704915602025,2128.8010987530124,2487.185932570598,1,MEDIUM,169.23055754498955,1.7974305593765223,-0.5918131696679367
33.903903496922084,951.0182028715941,181.43344243566423,97.04254304812248,886.9124631867686,1087.2242488233492,1,HIGH,-1238.704698412624,1.0754938921022301,0.4467524600073105
33.973640735127326,2627.640459139519,232.24003846270193,96.73311777332017,2564.697694451073,2414.337056741895,1,HIGH,1676.622256267925,-0.3094252748023081,0.06973723820524214
35.09404363073943,1972.8495596015484,140.80310265889537,97.27806312724422,1896.2854909575929,2058.2024164468558,1,MEDIUM,-654.7908995379705,0.5449453539240494,1.1204028956121022
33.82907294221898,989.3819093230196,129.01878402563827,97.22506316053205,1057.0952718752887,1058.6407161377738,1,MEDIUM,-983.4676502785288,-0.05299996671217855,-1.2649706885204495
33.65921747979781,3035.383776724145,269.2379413113713,97.04569623219786,3011.0153018154833,3091.908812387861,1,HIGH,2046.0018674011253,-0.17936692833418988,-0.1698554624211681
33.370660217019115,1831.9485426808997,145.4163522093906,96.54445273255767,1927.9809279191832,1908.6649663021512,1,MEDIUM,-1203.4352340432451,-0.5012434996401822,-0.28855726277869564
35.01799596560726,630.2009211488811,287.7430347428741,99.29043306315519,680.2138114279489,343.54823694816076,1,HIGH,-1201.7476215320185,2.7459803305975186,1.647335748588148
35.08990679842969,0.0,164.25630795203983,98.31408409250496,17.798939356843896,40.04423710010605,1,MEDIUM,-630.2009211488811,-0.9763489706502355,0.07191083282242516
34.67790672131522,865.3043610790926,201.32040790697823,97.71365735845653,969.8675951314154,789.2199587612484,1,HIGH,865.3043610790926,-0.6004267340484262,-0.4120000771144703
34.5710786958415,1220.6440256838298,47.68510161726378,97.6354795873219,1215.1322775119606,1121.439997800039,0,MEDIUM,355.3396646047372,-0.07817777113463364,-0.1068280254737175
34.475020575549884,2697.1708260858295,137.07208223479984,96.12319433244252,2681.412986304693,2786.639778590621,1,HIGH,1476.5268004019997,-1.512285254879373,-0.09605812029161598
34.706762124622664,2304.5551227878805,112.52721547958343,95.90415638887102,1990.364622207781,2355.584183833582,0,MEDIUM,-392.61570329794904,-0.2190379435715073,0.23174154907277966
34.58678852628143,0.0,89.9426327582536,97.16133458912607,-26.734075717797012,-50.52936991880668,0,MEDIUM,-2304.5551227878805,1.257178200255055,-0.11997359834123245
35.76681271506067,1097.2021546073447,190.2912891854754,100.0,1067.6498961047987,1042.504962146161,1,HIGH,1097.2021546073447,2.8386654108739293,1.1800241887792353
34.19484649139283,894.1508975590432,104.97150710513448,98.9877069341461,769.2524303277227,756.6397924694193,0,MEDIUM,-203.05125704830152,-1.0122930658538962,-1.571966223667836
33.41188221986363,596.0041072134131,2.419349139943783,98.01111329982137,471.5394623308248,552.8719236507715,0,LOW,-298.14679034563005,-0.976593634324729,-0.7829642715292024
34.54923782158893,1806.797091691102,91.79995786441815,97.94964780426047,1907.623586491982,1790.0799445741227,0,MEDIUM,1210.7929844776888,-0.061465495560909744,1.1373556017253037
34.28126681746317,2130.7604283887204,273.11096870199157,98.51470649942166,2104.7645925116394,2333.959459378429,1,HIGH,323.9633366976184,0.5650586951611984,-0.26797100412576214
34.7010836379449,4000.0,27.118277008617586,96.75646689593512,4337.401255942031,3847.2419610003944,0,HIGH,1869.2395716112796,-1.758239603486544,0.41981682048172786
33.65542839365352,1665.8578052506844,9.90928563003634,99.20251729577002,1436.931885153918,1661.818444919702,0,MEDIUM,-2334.1421947493154,2.4460503998349026,-1.0456552442913747
34.746516959272945,2099.5908192288757,8.668913739019342,96.38442709793826,2049.8268136427864,1990.7826723005687,0,MEDIUM,433.73301397819137,-2.818090197831765,1.0910885656194225
34.926837620301,2294.2252647233618,148.7440982384029,97.95785985403067,2389.84372716457,2257.7207377743234,1,MEDIUM,194.63444549448604,1.5734327560924157,0.18032066102805544
33.91175531204987,203.14943675337554,146.5460723151908,98.24691902191523,94.49870266429302,61.06879772744571,1,MEDIUM,-2091.075827969986,0.28905916788455954,-1.0150823082511309
33.991150573683036,2429.80217553835,135.98044973987933,96.6934753976084,2373.332598388309,2341.770608837647,1,MEDIUM,2226.6527387849746,-1.553443624306837,0.07939526163316657
34.10633086962897,1827.7231637377863,235.1112870114658,96.55235524676036,1720.2851320059929,1617.319156508064,1,HIGH,-602.0790118005639,-0.14112015084803886,0.11518029594593315
34.20852277911829,2205.5750423556137,43.61179492634953,96.80079982198221,2159.3309432567853,2046.031335012492,0,MEDIUM,377.8518786178274,0.24844457522185337,0.10219190948932066
34.00524937780168,575.9098079680581,295.47169057494017,100.0,455.0278655860549,496.6374282101142,1,HIGH,-1629.6652343875558,3.19920017801779,-0.20327340131660776
34.0964507877679,1311.5288001289111,107.57663420678735,98.62057587600671,1470.122040684478,1258.2645669680044,0,MEDIUM,735.618992160853,-1.3794241239932887,0.09120140996621728
33.630457287642976,1764.8689143682789,33.101677820246344,99.53858688486099,1712.655765765786,1961.4164476978315,0,MEDIUM,453.3401142393677,0.918011008854279,-0.4659935001249238
34.446020405875984,2687.246306445977,199.2924902557414,96.58284641449211,2938.8729731809344,2644.775594689503,1,HIGH,922.3773920776982,-2.9557404703688803,0.8155631182330083
33.91558037313846,1747.8582976238436,286.9474598389038,97.45649879945336,1843.7191875403157,1657.757844363403,1,HIGH,-939.3880088221335,0.8736523849612468,-0.5304400327375234
35.085383409778856,2676.657650090816,43.04107997687816,96.75538406758163,2923.3337527586264,2545.430620468799,0,HIGH,928.7993524669723,-0.7011147318717263,1.1698030366403955
34.91947433364248,2979.6291857099604,78.8736439547128,96.00210660257206,3011.684269940827,2910.5756634168138,0,HIGH,302.97153561914456,-0.7532774650095746,-0.16590907613637285
34.44432226918653,2781.85916263743,227.72769057392296,96.17267652341343,2595.4861032335552,2742.745025808575,1,HIGH,-197.77002307253042,0.17056992084137335,-0.4751520644559548
35.17207359115557,1857.5120722117795,209.31854229591414,96.76047724783288,2151.7417969901185,1602.7389264700944,1,HIGH,-924.3470904256505,0.5878007244194521,0.7277513219690448
33.6427570662076,2101.676690334841,134.92951884138824,97.12748921143861,2262.9722107873754,2019.9079437900527,1,MEDIUM,244.1646181230617,0.3670119636057336,-1.5293165249479728
33.324649824110395,770.3337433843224,279.0706994429265,98.6011577628051,941.9942425322228,850.7480333814194,1,HIGH,-1331.3429469505188,1.4736685513664867,-0.31810724209720576
33.56955377910001,1036.3264110039765,265.4020595396204,95.28189307901819,767.5653216362443,1168.944042293474,1,HIGH,265.9926676196542,-3.319264683786912,0.24490395498961703
33.7437475315735,0.0,6.617191380511106,99.14886792704378,236.6422476189186,-53.27318421980156,0,LOW,-1036.3264110039765,3.866974848025592,0.17419375247348512
33.273879360158475,205.17839087808966,46.6659052686301,97.89500057032026,204.4686215280748,85.39627436898581,0,LOW,205.17839087808966,-1.253867356723518,-0.4698681714150226
34.66731430547212,2331.555035279863,236.4780542849743,96.93663470966294,2209.945674935531,2075.323682290887,1,HIGH,2126.376644401774,-0.9583658606573238,1.3934349453136434
35.259844389297086,4000.0,19.660364735911717,96.50591515483357,4032.922572535374,3940.981299429807,0,HIGH,1668.4449647201368,-0.4307195548293663,0.5925300838249683
34.256027686360135,1826.2650120627845,233.4272228075362,96.34852697891517,1797.5509827836124,1894.1975998293415,1,HIGH,-2173.7349879372155,-0.15738817591839904,-1.0038167029369518
34.32171927771254,3169.4239861051215,222.65639387456054,97.0872085811405,2963.8855050275897,3250.165554563392,1,HIGH,1343.158974042337,0.7386816022253271,0.06569159135240454
33.70285619229148,1427.8048967098684,128.2495195478215,97.25534576097519,1251.5261899364857,1465.8411123964972,1,MEDIUM,-1741.619089395253,0.16813717983468734,-0.6188630854210615
34.3464487164656,674.3385129042505,224.40495804110896,97.05193232783921,765.6272153497206,768.8896842494217,1,HIGH,-753.466383805618,-0.20341343313597804,0.6435925241741245
35.658269527684176,2514.724229099694,100.19368559122243,96.96922743109127,2326.796618848479,2537.094119684452,0,HIGH,1840.3857161954438,-0.08270489674794135,1.311820811218574
33.02145316301453,674.8872094189096,290.3462500151347,97.28716303618702,662.4553223641952,507.3797633116986,1,HIGH,-1839.8370196807846,0.31793560509575514,-2.6368163646696487
34.90395402005293,2687.6875129519726,120.24689157410116,95.2684105050332,2619.786052568104,2853.9066326549732,1,HIGH,2012.800303533063,-2.0187525311538224,1.8825008570384014
34.19876516491341,1837.023483742563,230.8262323790901,97.61192967411793,1703.17999913249,1616.4126874982821,1,HIGH,-850.6640292094096,2.343519169084729,-0.705188855139518
34.993328644292895,1218.6829614901405,91.40991219403898,96.31746242299711,1133.684875485662,1151.418357031143,0,MEDIUM,-618.3405222524225,-1.294467251120821,0.7945634793794838
34.599548370154785,1330.2330447172048,14.224076777429897,97.70451556857157,1398.7568905795456,1358.3418568373052,0,MEDIUM,111.5500832270643,1.3870531455744555,-0.3937802741381091
35.59584122628304,2726.2894249854253,265.5122622627947,97.21043756530781,2597.791342062825,2724.0095421203832,1,HIGH,1396.0563802682204,-0.49407800326375195,0.9962928561282567
35.35400468021229,838.6833566416127,21.64334791843521,99.09613576192316,699.0759415885998,793.8538435001967,0,LOW,-1887.6060683438127,1.8856981966153512,-0.24183654607075056
33.405647635001436,956.9010363502102,149.8373363319032,96.6873911500616,911.5082970948356,1051.9230884736382,1,MEDIUM,118.21767970859753,-2.4087446118615645,-1.9483570452108552
35.13302874417673,2770.9187432982935,101.53984863044002,94.90150707315117,2761.53398270367,2866.835744061538,0,HIGH,1814.0177069480833,-1.7858840769104347,1.7273811091752904
35.30109884431539,914.8873847014083,154.1978687773126,100.0,926.4236448942991,755.522629916434,1,MEDIUM,-1856.0313585968852,5.098492926848834,0.16807010013866375
34.475168573804986,2099.8857845002763,38.87981750417089,95.73607914543938,2301.6040769618976,1933.6405883730956,0,MEDIUM,1184.998399798868,-4.263920854560624,-0.8259302705104048
33.95879685420753,1861.1888726455738,300.0,97.0621028065707,1880.71187379482,1744.5216697502867,1,HIGH,-238.69691185470242,1.3260236611313303,-0.5163717195974584
35.11275080013899,381.72026268755974,27.329638353835296,99.39137764695283,418.26116842283716,316.9162342018101,0,LOW,-1479.468609958014,2.3292748403821264,1.1539539459314625
34.928555944805545,620.8083758318605,64.13653809701376,99.26181462619871,732.7143690522416,640.3620947755932,0,MEDIUM,239.0881131443008,-0.1295630207541194,-0.1841948553334447
34.40230726673823,1035.397335336811,84.9520155428823,96.88005811090737,992.8896365117051,1031.4612908584063,0,MEDIUM,414.5889595049505,-2.381756515291343,-0.5262486780673186
34.47880298189404,1870.2522261076294,191.68935522568327,96.64106977684541,1917.1055450319657,1781.1746613652967,1,HIGH,834.8548907708184,-0.23898833406195763,0.07649571515581499
35.566418122189795,1057.2184722408697,255.00090012988124,97.71397181925353,1364.0100621266843,1327.6860707615122,1,HIGH,-813.0337538667598,1.072902042408117,1.0876151402957532
33.56210310372108,2243.9991133037715,219.58389064679633,95.55345118879258,2187.2856563676214,2520.7698366157642,1,HIGH,1186.7806410629019,-2.160520630460951,-2.0043150184687164
34.63301698938652,1282.945887450603,184.89708308942875,98.17331554622523,1354.4682691584785,1189.844016095542,1,HIGH,-961.0532258531684,2.619864357432647,1.0709138856654405
34.857296444749,653.6719379554438,294.79540599319245,99.2900248654515,489.0891218214929,618.5080527314495,1,HIGH,-629.2739494951593,1.116709319226274,0.22427945536247762
35.11568188448851,551.9317421268087,110.70102847087814,99.2023755212901,468.6813752452986,521.0716619996907,0,MEDIUM,-101.74019582863514,-0.0876493441614059,0.2583854397395129
34.06481400995873,678.3908808034458,246.53130146640618,98.33787613144302,751.3214461534369,812.542716194354,1,HIGH,126.45913867663717,-0.8644993898470688,-1.0508678745297786
35.92555952850312,1062.5832072620128,66.24118377474187,97.51106386065626,848.4052042131647,856.3168388348817,0,MEDIUM,384.192326458567,-0.8268122707867605,1.860745518544391
34.697191564804605,0.0,54.11405756790955,97.96129095905607,124.9703868215396,18.65759212351319,0,LOW,-1062.5832072620128,0.45022709839980735,-1.228367963698517
34.74039048368059,1270.7879426561142,189.96120975870815,98.305842605499,1110.921282089521,1382.6946608281844,1,HIGH,1270.7879426561142,0.34455164644292324,0.04319891887598715
33.95769795955365,3338.0853780651437,56.01994626108187,96.74469149692382,3235.004446244214,3102.1496828430763,0,HIGH,2067.2974354090293,-1.5611511085751744,-0.7826925241269436
34.16730339780955,756.4203160018253,22.089313871154253,97.16904639609962,800.7847123530659,605.4824221500121,0,LOW,-2581.665062063318,0.42435489917579616,0.20960543825589895
34.426811424808456,3440.046386826926,16.761921912581883,98.92115438742131,3394.0008631457385,3408.8159791097683,0,HIGH,2683.626070825101,1.7521079913216937,0.2595080269989083
34.02904383203849,1636.2860744708905,261.97416904781244,98.45474028958854,1585.2375174653469,1589.5559412123746,1,HIGH,-1803.7603123560357,-0.466414097832768,-0.3977675927699664
32.900359671616556,1753.4373238283395,216.20275651137888,96.94753473594405,1632.4293871558957,1718.397475402938,1,HIGH,117.15124935744893,-1.5072055536444964,-1.1286841604219333
33.56131964238506,520.704137838483,292.5251908088065,98.00745880386091,515.9989581414777,384.20543489150214,1,HIGH,-1232.7331859898563,1.0599240679168673,0.6609599707685021
34.72724266847412,1298.4653287588235,46.743323728734836,98.44519179881192,1255.3550115638284,1227.1813331380802,0,MEDIUM,777.7611909203405,0.4377329949510056,1.165923026089061
34.06501805373818,2068.3138937147373,232.07090263324176,97.60677586793672,2236.7535004417177,1955.8829863658334,1,HIGH,769.8485649559138,-0.8384159308752004,-0.6622246147359405
34.143261597755576,1156.729668509268,133.72030907507678,96.50232682098819,1261.155801871044,1163.5009942141505,1,MEDIUM,-911.5842252054692,-1.104449046948531,0.07824354401739697
33.152032696556034,1741.6369124654511,156.5149923377982,98.86254558634207,1758.6547925710424,1905.6920416614748,1,MEDIUM,584.907243956183,2.3602187653538778,-0.9912289011995412
34.53779096625854,89.9217153684709,175.50380676459656,99.26706978094488,94.70625383576947,305.7954246717213,1,MEDIUM,-1651.7151970969803,0.4045241946028142,1.3857582697025066
34.691222001357275,301.5809618289266,282.0892279931828,99.30270017190536,390.1833253612617,274.8560820206674,1,HIGH,211.6592464604557,0.0356303909604776,0.15343103509873401
33.63607821456067,870.8426358074084,193.83108905029096,98.12331958704934,922.4402699007276,935.7913697995132,1,HIGH,569.2616739784819,-1.1793805848560197,-1.0551437867966058
33.867772375433475,1195.5088779128462,61.85765542192541,97.97995918178196,1255.2991725739298,1211.1274159947393,0,MEDIUM,324.66624210543773,-0.14336040526737293,0.2316941608728058
34.4915434730148,766.8245305437883,100.59951083593381,100.0,873.7782467351374,533.7749667865006,0,MEDIUM,-428.68434736905783,2.0200408182180354,0.6237710975813258
35.13791844867838,1627.0815635477143,44.979893295853536,96.84584236999271,1774.373083813827,1624.0756346598164,0,MEDIUM,860.2570330039259,-3.1541576300072904,0.6463749756635764
34.4146945295736,1449.2234793983716,41.41183632251983,98.59021163855051,1421.526261466928,1397.6869230850452,0,MEDIUM,-177.85808414934263,1.7443692685578043,-0.7232239191047753
33.46022882570123,1619.8962129929769,77.1454127232076,98.37323105000348,1537.367302553755,1647.0884403331593,0,MEDIUM,170.67273359460523,-0.21698058854703106,-0.9544657038723727
35.23496499855026,136.65116901630114,142.9860191983567,98.15257134144167,43.183778388629115,107.88128475429107,1,MEDIUM,-1483.2450439766758,-0.22065970856181139,1.7747361728490318
34.339101857320486,1383.329948928787,245.20584384139195,98.3326447415851,1361.8438810628331,1506.7464265402748,1,HIGH,1246.6787799124859,0.18007340014342788,-0.8958631412297748
34.12109519887572,1387.0961458426843,192.08407988547415,97.28906032185498,1577.443197139131,1506.6519589246686,1,HIGH,3.7661969138973745,-1.0435844197301236,-0.2180066584447644
33.77425233459854,1566.6450360609185,32.73664775996779,96.13663211659822,1540.9084982199126,1548.7516277533368,0,MEDIUM,179.5488902182342,-1.1524282052567543,-0.34684286427717836
35.01013179295899,1254.4461926227748,47.7896919682424,97.61388493641927,1431.6719400967452,1283.180695211221,0,MEDIUM,-312.19884343814374,1.4772528198210466,1.2358794583604436
34.1615133290766,2256.0475146256354,102.67526104042638,97.9631793187169,2304.8346694059755,2140.509050284884,0,MEDIUM,1001.6013220028606,0.34929438229762866,-0.8486184638823886
34.99591459795916,2591.5224008623545,162.25141464193675,97.83187777143841,2459.702745306174,2507.372817180121,1,HIGH,335.47488623671916,-0.13130154727848264,0.8344012688825586
34.23075180254314,2174.5760343105712,273.68381132789364,97.00004068573239,2321.572959022777,2291.7970934383957,1,HIGH,-416.9463665517833,-0.8318370857060273,-0.7651627954160176
34.91226760209123,1948.2478737885701,243.26424479133485,96.19369848328132,1932.9773524689851,2005.3452870621572,1,HIGH,-226.3281605220011,-0.8063422024510629,0.6815157995480874
33.675301350326116,2094.9718493187725,237.04755174904878,96.2559252069553,1920.2236979212335,2203.661392826829,1,HIGH,146.72397553020232,0.06222672367397308,-1.2369662517651108
33.48030419215759,1883.9679020756525,245.9946621689109,96.83704992417344,2019.9790744513373,1650.0421229025774,1,HIGH,-211.0039472431199,0.5811247172181453,-0.19499715816852614
33.721701502626466,1711.8446762636117,228.35105608990165,98.04433723102349,1925.5571041597361,1530.4509138791002,1,HIGH,-172.1232258120408,1.2072873068500485,0.24139731046887647
33.44685640454332,2980.2654555869008,230.46714671161163,96.169708702011,3035.2120332729787,2981.5539582485785,1,HIGH,1268.420779323289,-1.8746285290124973,-0.27484509808314783
34.148785830805934,1224.9672438652797,18.506915439875918,96.56699688149408,1355.1793771863947,1031.1503100606787,0,MEDIUM,-1755.298211721621,0.39728817948308404,0.7019294262626161
35.627749439465326,1996.755624858449,110.84132162076044,96.20664291263552,1929.4544608048525,2025.5449618140287,0,MEDIUM,771.7883809931693,-0.3603539688585613,1.4789636086593916
34.67821718334182,152.07384228788862,97.01583590554749,100.0,-12.923842295744514,58.60234748730404,0,MEDIUM,-1844.6817825705602,3.793357087364484,-0.9495322561235042
34.62900712857064,2210.1956381148375,164.86243944747625,96.46987843500315,2112.308478983152,2245.635687265359,1,MEDIUM,2058.121795826949,-3.530121564996847,-0.04921005477118001
34.69869597714649,2093.532116817587,30.43313142984184,97.17131343360812,2085.5650496826283,2284.26865036315,0,MEDIUM,-116.66352129725055,0.7014349986049666,0.06968884857585067
35.09995389869045,1515.6519382404226,228.40711613297307,97.79302124014401,1624.23467782748,1514.7521004519456,1,HIGH,-577.8801785771643,0.6217078065358947,0.4012579215439587
33.93414694346479,907.6611714197217,267.45517148690186,97.56828788394937,866.8219563654372,993.135325191705,1,HIGH,-607.990766820701,-0.22473335619464763,-1.165806955225662
35.29471738148408,1008.6377316762778,221.09454337448992,99.46649555709007,866.8050473912623,1137.7301160093266,1,HIGH,100.97656025655613,1.8982076731407034,1.3605704380192876
34.56674753770944,3166.9403777346,271.5179386513449,95.31218879997886,3221.1637842733144,3306.8854845777096,1,HIGH,2158.3026460583224,-4.154306757111215,-0.7279698437746376
34.58824619540816,848.913949782194,76.8547556900189,98.13277258782605,742.149872288605,849.4152411642349,0,MEDIUM,-2318.0264279524063,2.820583787847198,0.0214986576987215
34.586917071844255,830.2519030835459,144.51448528299593,97.9838919917081,839.1676617631102,635.2325093936934,1,MEDIUM,-18.662046698648055,-0.14888059611794802,-0.0013291235639059096
34.05676726683178,1526.2181583018953,203.79415344865436,97.66346176002712,1578.834104528309,1675.3304012974368,1,HIGH,695.9662552183494,-0.3204302316809873,-0.5301498050124778
35.50389476312924,3312.8760516528932,288.17301920144064,95.33111465378342,3346.208346711405,3351.484298184916,1,HIGH,1786.657893350998,-2.3323471062437022,1.4471274962974618
35.33120738662306,1570.1890350009874,185.45545310432576,96.30609748880723,1770.996786697954,1650.925381704255,1,HIGH,-1742.6870166519059,0.974982835023809,-0.17268737650617538
34.89319315648131,1753.16240762956,64.04007210942609,96.02586214663256,1790.9212858781314,1729.2639081005898,0,MEDIUM,182.97337262857263,-0.28023534217466306,-0.43801423014175356
35.12074428764578,3950.1076073169597,157.02145851462132,95.19119753462161,3989.016490836643,4026.4458243540853,1,HIGH,2196.9451996873995,-0.834664612010954,0.2275511311644678
33.98178109540602,1540.029720779146,211.37880133575737,95.98428770992106,1536.3505858090923,1680.4381468610568,1,HIGH,-2410.077886537814,0.7930901752994544,-1.138963192239757
34.5272441369531,810.4637544618876,19.99113821227069,98.3739639943303,1009.9083262773831,817.1957055349941,0,LOW,-729.5659663172584,2.3896762844092336,0.5454630415470803
34.080397485155,1982.05649019989,280.14872974643345,98.42327408727377,1984.8209409833726,1789.8526204328336,1,HIGH,1171.5927357380024,0.04931009294347177,-0.44684665179810423
35.07139489728126,1091.934176057077,238.83158787613928,97.17406644497684,1154.3587460837539,1123.9769745253654,1,HIGH,-890.1223141428131,-1.2492076422969234,0.9909974121262621
34.147314124790064,1673.2397021938837,72.79124978929886,98.60421132473955,1481.8337524625779,1750.9918109348948,0,MEDIUM,581.3055261368067,1.4301448797627074,-0.9240807724911946
34.81390445740203,1530.2426010933386,81.41085680456241,98.1585673694246,1414.8058073041395,1384.6430542438259,0,MEDIUM,-142.99710110054502,-0.4456439553149494,0.6665903326119675
33.34199061968792,2333.9220422252847,145.16312576019843,98.57482470473602,2105.4891043341554,2359.187440914354,1,MEDIUM,803.6794411319461,0.41625733531141407,-1.471913837714112
34.91777630386528,2009.997168123243,112.95066680872941,97.36206846664669,2067.3378928799075,2001.2545768393118,0,MEDIUM,-323.9248741020417,-1.2127562380893266,1.5757856841773616
33.565613824894925,2526.4845919441764,132.85267694689088,100.0,2714.9165164925093,2580.463811477375,1,HIGH,516.4874238209334,2.63793153335331,-1.3521624789703566
33.63446132859231,622.8226711706869,213.48262724440065,99.80813216745683,904.7485879396559,577.9087848965507,1,HIGH,-1903.6619207734893,-0.19186783254316708,0.06884750369738413
33.88291482933758,0.0,5.64167336446899,100.0,122.13414725090023,194.26254407391417,0,LOW,-622.8226711706869,0.19186783254316708,0.24845350074527062
34.76478747747192,2834.414436260582,277.13299267317143,96.63996630713373,2900.997034902151,2738.408851661639,1,HIGH,2834.414436260582,-3.360033692866267,0.8818726481343404
35.557178072532714,1654.425667642564,179.39399912291918,97.92040831690596,1595.7588638175919,1680.0930879401785,1,MEDIUM,-1179.9887686180182,1.28044200977223,0.7923905950607946
33.61747567887138,622.7212195546715,225.12697533284057,99.6293259707441,449.80012501581757,504.0146388809786,1,HIGH,-1031.7044480878924,1.7089176538381423,-1.9397023936613351
34.140163758834134,411.703428131955,37.84097874643678,97.77584150492854,166.46638996543274,504.5765773239341,0,LOW,-211.01779142271653,-1.8534844658155691,0.5226880799627551
34.28185951027245,1659.7643827524614,270.61618658461003,98.78488826320937,1619.609409345961,1939.5155863382552,1,HIGH,1248.0609546205064,1.0090467582808316,0.1416957514383128
34.79500900232406,194.41929738158274,103.94917606166581,98.60588668167335,308.45035106475206,63.23764477092339,0,MEDIUM,-1465.3450853708787,-0.17900158153601353,0.5131494920516104
33.32821699558634,498.028700840523,281.4315646021613,98.41292365492693,516.8530066388016,698.0066899792133,1,HIGH,303.6094034589403,-0.19296302674642618,-1.4667920067377196
34.27741139405187,877.9887729717713,121.27813003540382,99.86667160649661,734.4908204590344,838.9173486359819,1,MEDIUM,379.96007213124824,1.4537479515696816,0.9491943984655293
34.21583551269622,1479.1816039492737,27.259653629661337,97.0399282300833,1185.5481391599183,1447.9608451667666,0,MEDIUM,601.1928309775025,-2.8267433764133045,-0.06157588135564396
34.26273275523621,846.214168634802,194.4072782030765,98.73196142398363,864.4207330439652,889.9118421708334,1,HIGH,-632.9674353144717,1.692033193900329,0.04689724253998406
34.1287009499029,2297.6129163074097,104.34647602974665,98.78832649882479,2259.5915392765055,2252.3320565119566,0,MEDIUM,1451.3987476726077,0.05636507484115327,-0.13403180533330783
33.85533030751677,912.0155733776755,145.82910593295827,99.81703546111655,998.1702912446266,690.6156446544102,1,MEDIUM,-1385.5973429297342,1.0287089622917591,-0.2733706423861264
34.58712701628364,694.6326283651899,4.988640946974192,99.1700404002719,726.1775385197693,586.6628999967527,0,LOW,-217.3829450124856,-0.6469950608446453,0.7317967087668649
34.06341704716659,2607.126456677151,114.23921390686213,96.5445616270288,2491.7027914467626,2519.4050838852586,0,HIGH,1912.4938283119611,-2.6254787732431026,-0.5237099691170499
33.74060636076079,593.6540251387654,191.4117449183257,100.0,561.875296315741,637.9832920081329,1,HIGH,-2013.4724315383855,3.4554383729712015,-0.3228106864057949
33.83686375493452,1288.8317591337664,134.44536715560366,98.01277595927226,1114.579194041493,1293.7220306306945,1,MEDIUM,695.177733995001,-1.9872240407277388,0.09625739417372614
34.607816001870546,1442.7127202463296,249.51435455625472,98.9930260807879,1461.657473638289,1630.421518326326,1,HIGH,153.88096111256323,0.9802501215156383,0.7709522469360266
34.39563726503803,2066.9066594845663,104.86552507069986,99.03852403152776,2049.8605875637977,2139.493814025708,0,MEDIUM,624.1939392382367,0.04549795073985763,-0.21217873683251298
34.214835808753655,204.10735423158619,228.59808075121632,97.51723996833519,-117.46807439771862,219.97117013465618,1,HIGH,-1862.79930525298,-1.5212840631925673,-0.18080145628437805
33.915461780568464,1467.5191909513835,89.84506076612467,100.0,1436.1842717671632,1403.1258895743842,0,MEDIUM,1263.4118367197973,2.48276003166481,-0.2993740281851913
33.73850670323743,1351.4335081966922,253.16389632919547,97.05656014443498,1243.4260508007412,1376.6017688968857,1,HIGH,-116.08568275469133,-2.9434398555650176,-0.1769550773310371
33.793496640811604,1771.1990182877555,200.66808692302132,97.3675230131373,2080.6178550950253,2045.4295898253351,1,HIGH,419.76551009106333,0.31096286870231893,0.05498993757417736
33.39216763709518,1001.471763234918,81.18995182489863,98.80083510877375,992.282573973347,1170.088245346562,0,MEDIUM,-769.7272550528376,1.4333120956364525,-0.40132900371642677
33.48592321282668,1762.1457138263536,300.0,96.41431056282842,1806.68820732642,1540.9606153883474,1,HIGH,760.6739505914356,-2.386524545945335,0.09375557573149962
36.26858069430563,2369.2913380845707,220.45090595049447,96.35950557984698,2330.4252392334847,2271.2972802905506,1,HIGH,607.1456242582171,-0.05480498298143743,2.7826574814789566
34.432386336211344,2226.6504768036516,283.31072096068,96.48995839940463,2269.5998160068634,2247.021723300264,1,HIGH,-142.64086128091913,0.13045281955764665,-1.8361943580942892
34.80259811860897,539.463749731844,230.56483652642254,97.26788447098795,265.60858560751296,515.8359922682738,1,HIGH,-1687.1867270718076,0.7779260715833232,0.3702117823976252
35.07423108943207,1990.9807749695635,147.3443825934389,97.88903870910154,1940.294628608298,1933.5583613938074,1,MEDIUM,1451.5170252377195,0.6211542381135899,0.2716329708230987
34.34952604251915,2214.653535272573,296.81304347790183,97.34920005450124,2074.2758794012175,2247.2150842825013,1,HIGH,223.67276030300968,-0.5398386546003024,-0.7247050469129164
35.261851945384784,1043.493445352671,224.75625807126661,97.1733767214803,1258.1211563843954,1088.0358419769136,1,HIGH,-1171.1600899199022,-0.17582333302094355,0.9123259028656321
34.31721773886003,973.8317185930467,101.0067094438859,98.3951395284195,917.4490766231156,878.5366383147066,0,MEDIUM,-69.66172675962423,1.2217628069392106,-0.9446342065247535
34.470180235350846,1643.5495765719002,262.92623890711985,98.0691978606342,1796.9087280845729,1554.7087719242866,1,HIGH,669.7178579788534,-0.3259416677853011,0.15296249649081517
34.444005115634845,1538.7609382932706,29.913602393207288,97.83646232027245,1668.5421160232165,1366.907312848593,0,MEDIUM,-104.7886382786296,-0.2327355403617588,-0.02617511971600095
34.630485686512976,462.6629016789476,3.9592053830158696,96.89548953685008,289.64925508464,411.672212801294,0,LOW,-1076.098036614323,-0.9409727834223673,0.18648057087813186
33.40962912167418,1242.460861918339,94.41829446869347,98.36700480225815,1367.6278007882083,1300.4868213192299,0,MEDIUM,779.7979602393915,1.4715152654080725,-1.2208565648387975
34.95084237269149,2045.7224125958599,212.13903151848638,97.01244928537805,2232.0353520527224,2025.2595666391771,1,HIGH,803.2615506775207,-1.3545555168800973,1.5412132510173109
33.86691212577838,984.6919254677298,267.3581698817889,99.63933014459452,984.8346259771603,1137.7349902871038,1,HIGH,-1061.03048712813,2.6268808592164703,-1.0839302469131127
32.96848188585799,2375.160768264064,33.85944634291234,97.11466395144046,2330.1151491121936,2316.8657090022443,0,MEDIUM,1390.468842796334,-2.5246661931540615,-0.898430239920387
35.134274172188924,794.8974419396249,187.31133201529116,98.775329880162,939.1670626392802,1057.9381003919361,1,HIGH,-1580.2633263244388,1.6606659287215422,2.165792286330934
34.70038951840896,1528.528907249348,179.23759400246516,97.64319847493648,1183.9763613569808,1505.996507750562,1,MEDIUM,733.6314653097232,-1.1321314052255218,-0.43388465377996255
33.79539964013879,2364.6506740088585,149.02080443390713,96.2881392004991,2453.557606990743,2321.4833812649354,1,MEDIUM,836.1217667595104,-1.3550592744373802,-0.9049898782701717
33.68271911442157,1114.7716082226643,111.76215941584134,99.53818014543123,1105.3644788942206,948.6328642471444,0,MEDIUM,-1249.8790657861941,3.250040944932124,-0.11268052571721654
33.69148810020376,142.7809378785044,240.62812073286946,99.21804912721103,302.12420434602245,87.95525087965689,1,HIGH,-971.99067034416,-0.3201310182201951,0.008768985782189986
32.94010465964181,2175.871950053151,283.0325442785983,97.05758649433658,2213.78347797964,1885.3720652193747,1,HIGH,2033.0910121746467,-2.160462632874456,-0.7513834405619519
34.80571967485143,73.84256606661187,173.68211349597016,98.86464916535479,-35.96633922873246,26.175272104619566,1,MEDIUM,-2102.0293839865394,1.8070626710182154,1.8656150152096203
33.51034857112187,257.5537829906973,87.52168189077727,99.18177624315788,115.30054157015552,69.67638726927969,0,MEDIUM,183.71121692408542,0.317127077803093,-1.2953711037295648
33.66242120621313,1367.6799612436946,170.06452179892153,97.62576685545103,1340.0905418099694,1163.2194206065435,1,MEDIUM,1110.1261782529973,-1.556009387706851,0.15207263509126534
33.12245657150084,3661.3278752348147,149.00741255330007,96.51464210340956,3640.2234351017573,3574.657837862972,1,HIGH,2293.64791399112,-1.1111247520414764,-0.5399646347122911
34.700723237013655,1453.159459932094,149.7519558717733,96.75274225499986,1270.7233319896873,1385.8966356055107,1,MEDIUM,-2208.168415302721,0.2381001515903023,1.578266665512814
34.841673108543134,1792.4587253827824,286.8992326748277,99.2357262876475,1512.2578069097663,1831.3471115554203,1,HIGH,339.2992654506884,2.482984032647636,0.1409498715294788
34.35289048906509,3348.446710646168,120.25209156488563,98.24961079151142,3381.9254905521548,3493.544041518748,1,HIGH,1555.9879852633856,-0.9861154961360796,-0.48878261947804447
34.31410934353773,1664.8156745957556,296.76531759290793,97.30554746068796,1782.968371280402,1701.7901019812891,1,HIGH,-1683.6310360504124,-0.9440633308234538,-0.03878114552735923
35.154887671183516,2771.7769069588658,127.26856738694724,96.1681584302987,2892.4680760877695,2805.3395747843965,1,HIGH,1106.9612323631102,-1.137389030389258,0.8407783276457863
34.465899179594416,993.5866449839483,235.61414855071018,99.91399230538944,1188.7568564146127,1118.4278159408088,1,HIGH,-1778.1902619749176,3.7458338750907387,-0.6889884915891002
34.83213593203529,1246.9984629516575,101.75221672924296,96.61638690645457,1148.577991892573,1296.6171359789357,0,MEDIUM,253.41181796770923,-3.297605398934877,0.3662367524408765
34.37665212392347,1226.2302510369095,67.93945446471139,96.87184187238269,1284.377906459021,1325.5987907129308,0,MEDIUM,-20.768211914748008,0.25545496592812356,-0.455483808111822
35.15589242183447,1845.477944083187,62.096310298725605,99.18430010530155,1963.7639986983204,1756.4462489798757,0,MEDIUM,619.2476930462774,2.312458232918857,0.7792402979110022
34.165689578091865,2796.6980808781846,56.16196009878764,95.7958412578239,2818.5302963743006,2793.1271529006212,0,HIGH,951.2201367949976,-3.3884588474776507,-0.9902028437426083
34.67894687447064,2224.005726582494,26.968366858202696,97.90682017087178,2224.4970733821797,2181.997761434554,0,MEDIUM,-572.6923542956906,2.1109789130478873,0.5132572963787752
35.23310075995958,1166.5898044043838,183.13128448234966,99.80067893448008,1197.5684080946423,978.0147745061327,1,HIGH,-1057.4159221781101,1.8938587636082929,0.5541538854889367
34.351210636404055,1183.1612588506337,186.0527019944656,96.07580261713022,1430.7664779443824,1035.522953506721,1,HIGH,16.571454446249845,-3.724876317349853,-0.8818901235555217
34.90834383697939,958.4564707222007,197.20243318983267,99.45585232504769,922.2916225106894,1070.8911220513107,1,HIGH,-224.70478812843294,3.3800497079174647,0.5571332005753362
35.54935837098811,2312.085171242239,98.17944810710836,98.96303260087997,2251.6521218314015,2535.730635132388,0,MEDIUM,1353.6287005200384,-0.4928197241677168,0.6410145340087183
34.71250486615332,1470.5917736952745,121.1677525795237,97.96950870483762,1679.6886665482898,1416.237797376316,1,MEDIUM,-841.4933975469646,-0.9935238960423476,-0.8368535048347923
34.1516593988297,1542.2398930902627,30.72417093850809,99.82999375992489,1379.9087385122864,1512.8214292741534,0,MEDIUM,71.64811939498827,1.860485055087267,-0.5608454673236167
35.75178726224565,3945.5077875283596,33.46254503053957,94.97118958665666,3905.315584280786,4028.726624595566,0,HIGH,2403.267894438097,-4.858804173268226,1.600127863415949
34.59974106248351,2067.4744855153563,133.83151870886655,97.31226050929797,2039.8471021456164,2113.7936933977917,1,MEDIUM,-1878.0333020130033,2.3410709226413076,-1.1520461997621396
33.47975559396455,3146.6666197043987,253.59198892773455,96.37934200135207,3058.3192390554295,3123.0766569212565,1,HIGH,1079.1921341890425,-0.9329185079458995,-1.119985468518962
33.591263074961276,1014.2050316893461,13.151746441886026,98.13861464112607,1141.659646571791,880.2375463814925,0,LOW,-2132.4615880150527,1.7592726397739966,0.11150748099672825
34.65577011484994,793.3230233857182,52.312611213486356,97.57398404059933,808.328784238777,822.7775443233847,0,LOW,-220.8820083036279,-0.5646306005267405,1.0645070398886674
35.00720886343304,318.76566725293156,175.72323411936435,98.3442727274341,270.36904045853856,282.4734182945325,1,MEDIUM,-474.55735613278665,0.7702886868347747,0.3514387485830994
35.124520918526294,1387.4244697506613,205.86166023904332,100.0,1425.854733884602,1403.9735611021763,1,HIGH,1068.6588024977298,1.6557272725658976,0.11731205509325093
34.05919466666179,2040.8325096642106,295.95591210648064,97.51189104859701,2112.8254658650408,2081.1927564223433,1,HIGH,653.4080399135494,-2.4881089514029924,-1.065326251864505
33.92598228825435,1905.6918773699824,113.58055891817304,97.00229445402948,2041.038523205767,2052.781776207043,0,MEDIUM,-135.14063229422823,-0.509596594567526,-0.1332123784074355
34.76426396847511,1973.0872312632616,276.0548752295177,96.56510379826118,1880.2443922732853,1828.1064488077527,1,HIGH,67.39535389327921,-0.43719065576830474,0.83828168022076
34.74141862188452,3066.801172955987,169.12245243451605,97.21265011338977,2943.379966263165,2905.266134015625,1,HIGH,1093.7139416927255,0.6475463151285936,-0.022845346590592897
33.947612563960455,0.0,233.78341375454397,98.75270314532911,88.56970294724879,-124.37182283525392,1,HIGH,-3066.801172955987,1.5400530319393368,-0.7938060579240656
34.65459105542767,1482.001495599329,158.65198583902065,97.52556208710828,1357.2289906725052,1546.8602559135093,1,MEDIUM,1482.001495599329,-1.2271410582208233,0.7069784914672184
35.285440448659195,1844.0401499859117,252.51949869214567,97.6099073423078,1792.4273719047956,1876.3137619623565,1,HIGH,362.0386543865827,0.08434525519952274,0.6308493932315216
34.32243257275315,970.7064814922953,207.39864374153228,97.72152373785246,721.2603356110768,961.6367282594797,1,HIGH,-873.3336684936164,0.11161639554465808,-0.9630078759060439
33.62523004848794,2116.3871088391197,222.7082571122433,96.51936458999057,2318.483054310103,2281.17126690101,1,HIGH,1145.6806273468244,-1.2021591478618916,-0.697202524265208
35.25069488135439,2794.1959194146134,272.6696280105224,96.50070498717368,2861.549169009042,2849.24514412817,1,HIGH,677.8088105754937,-0.01865960281689638,1.6254648328664487
33.686569465920506,700.5462566471844,105.95920052819959,96.5906868426053,633.218485211211,768.7042524987517,0,MEDIUM,-2093.649662767429,0.08998185543161696,-1.5641254154338853
34.969673658225396,1427.3843043422214,89.27646941146789,97.35013810548232,1519.5010964220567,1146.9498352566202,0,MEDIUM,726.8380476950371,0.7594512628770218,1.28310419230489
33.60898233885825,1867.6107012307532,137.24712527181018,95.57848167997011,1831.879684833716,1596.1155097342657,1,MEDIUM,440.2263968885318,-1.7716564255122051,-1.3606913193671488
34.997452541796434,2127.812807899324,14.00053197550682,97.35343804990111,1980.0925708961659,2172.53980390784,0,MEDIUM,260.2021066685709,1.7749563699310045,1.388470202938187
34.36908430070038,1827.365069840986,74.9296105139128,95.59355833736325,1855.5192711665716,1624.2526065428083,0,MEDIUM,-300.447738058338,-1.7598797125378667,-0.6283682410960552
34.599665832462904,696.4309254597925,178.42699008392538,98.41524627380467,724.9707406100711,693.4137213595102,1,MEDIUM,-1130.9341443811936,2.821687936441421,0.2305815317625246
34.522702910425934,1038.85187554094,7.989954529688733,97.93404222428757,1217.0692850881899,1240.6652653557408,0,LOW,342.42095008114745,-0.48120404951710327,-0.07696292203696942
35.55944429136807,817.8838833869684,132.59812410367533,99.66238283253314,821.3714104351675,979.1837286906663,1,MEDIUM,-220.96799215397164,1.7283406082455741,1.0367413809421322
34.105774778516164,1447.8747024891647,129.2080330847296,96.85712860069317,1563.1456031323994,1512.2480044431045,1,MEDIUM,629.9908191021964,-2.8052542318399674,-1.4536695128519028
34.73685185342496,848.5835002796308,77.9168896091421,98.7143658167685,798.5343770781976,802.4393470154549,0,MEDIUM,-599.2912022095339,1.8572372160753332,0.631077074908795
34.74881580341524,1476.8447111105745,123.84951651695971,97.36593752614384,1452.9756115752602,1625.9403481059255,1,MEDIUM,628.2612108309437,-1.3484282906246676,0.01196394999028172
33.20994065263351,1490.4078253738883,274.7264701163991,97.41874550842479,1578.875970306495,1585.60535057661,1,HIGH,13.563114263313764,0.05280798228095307,-1.5388751507817275
34.707298583720984,2955.01862924817,191.00649707935034,97.56796097468632,2788.209667030226,2885.534640345168,1,HIGH,1464.6108038742816,0.1492154662615235,1.4973579310874712
33.98320737832274,2464.6981687296447,25.740965449064234,98.14927205664928,2357.921336086429,2369.0017458552006,0,MEDIUM,-490.3204605185251,0.5813110819629657,-0.7240912053982456
34.45309716611553,525.0107948980171,147.69201690082383,99.64321076685292,682.020698644834,560.754514381145,1,MEDIUM,-1939.6873738316276,1.4939387102036363,0.4698897877927948
34.25488143377049,1615.3329246703609,179.83164706321085,96.1934194138821,1456.4665441732127,1615.3063938160296,1,MEDIUM,1090.3221297723437,-3.44979135297082,-0.19821573234504086
34.410366214956476,696.7481175517509,276.492883222855,99.61056357017675,749.444956430655,494.30834406285163,1,HIGH,-918.58480711861,3.417144156294654,0.15548478118598297
34.079828967117464,1216.1629684090285,124.8029704203884,96.40946486743984,1353.509727836396,1375.8005917011908,1,MEDIUM,519.4148508572777,-3.201098702736914,-0.3305372478390112
33.304388381112815,2201.9271775691036,191.4857668209914,96.12114470617998,2035.8709329520466,2273.148799311944,1,HIGH,985.7642091600751,-0.28832016125986115,-0.7754405860046489
33.2194088129127,2297.893023053358,4.420752517755074,95.26432602383275,2298.2558578534035,2125.881405913011,0,MEDIUM,95.96584548425426,-0.8568186823472246,-0.08497956820011865
34.29512008634591,1746.5393855688978,182.27261200990256,99.77529279411584,1797.9020109691194,1790.170748297816,1,HIGH,-551.35363748446,4.5109667702830905,1.075711273433214
34.88439453967855,571.0338199718359,133.26148905808822,99.13543639874854,531.6175669703748,604.9776911956292,1,MEDIUM,-1175.5055655970618,-0.6398563953673033,0.5892744533326422
33.68049272948903,3651.2177202232037,132.56038417202245,95.9231065671442,3785.260597892557,3636.7788979257034,1,HIGH,3080.183900251368,-3.212329831604336,-1.203901810189521
33.187086998857055,1030.5910555123562,115.91896036616538,99.07807705359428,998.8398251711099,938.1649927353743,0,MEDIUM,-2620.6266647108478,3.1549704864500825,-0.49340573063197724
33.77412016086045,2442.1168331373756,203.0573069618918,95.27341843126752,2241.608577128875,2439.7115519309036,1,HIGH,1411.5257776250194,-3.8046586223267695,0.5870331620033937
33.22558963634726,960.4969448436852,9.852082344139426,97.28662871628721,914.9972833570102,624.5434509713343,0,LOW,-1481.6198882936903,2.013210285019696,-0.5485305245131897
34.2656962344273,1498.7594886892416,82.12177949237268,98.2802265228987,1468.3811602444105,1506.9505544518122,0,MEDIUM,538.2625438455564,0.9935978066114899,1.040106598080044
34.75022264116548,573.4092666739054,274.5766450556783,96.41176573493365,655.1716510520159,476.04369384768074,1,HIGH,-925.3502220153362,-1.8684607879650486,0.48452640673817626
34.628723272229074,1618.5247945892374,197.21552962153575,96.8753133286335,1627.7521712501334,1632.2918166470129,1,HIGH,1045.115527915332,0.4635475936998432,-0.121499368936405
35.51826505676534,0.0,239.9338022409021,99.80342019942093,-130.53498063053505,51.06044846354779,1,HIGH,-1618.5247945892374,2.928106870787431,0.889541784536263
35.26212762957893,1237.477252079172,279.7145161762514,97.82394858958669,1045.1760032377326,1141.5655737044146,1,HIGH,1237.477252079172,-1.9794716098342349,-0.25613742718640964
34.61619010082612,1367.5744118400203,61.24506152586085,97.22857244492408,1488.5122893165142,1354.5873060447275,0,MEDIUM,130.09715976084817,-0.5953761446626089,-0.6459375287528104
33.70956392722114,610.9930095165045,57.18187832899899,96.99261953451268,468.5669342157459,543.3089460848669,0,LOW,-756.5814023235158,-0.23595291041139888,-0.9066261736049768
34.26354185686652,187.72700908878664,230.6963513818946,97.71816464984344,109.36617692227043,345.4363704497307,1,HIGH,-423.2660004277178,0.7255451153307604,0.5539779296453773
35.07522826496711,1938.34244580949,261.52090794173824,97.38119670787007,1928.6315059428719,1750.3721852241695,1,HIGH,1750.6154367207034,-0.33696794197337,0.8116864081005914
33.49213237619223,999.0240648308809,264.04874008421604,97.29952770558835,925.8112444534133,1097.6857580585522,1,HIGH,-939.3183809786092,-0.08166900228172835,-1.5830958887748778
33.2623920482589,3323.906893571055,158.15695607925062,95.02730026475622,3301.782122311919,3288.991705009327,1,HIGH,2324.8828287401743,-2.2722274408321255,-0.2297403279333281
33.955925821922634,0.0,229.45986178345277,99.84669230215675,-25.054200966555094,161.84544422085835,1,HIGH,-3323.906893571055,4.819392037400533,0.6935337736637308
34.95798762752876,274.74447209824694,300.0,100.0,259.6993621366824,60.30725009207481,1,HIGH,274.74447209824694,0.15330769784324616,1.0020618056061252
34.71189082143481,554.6443179509495,282.45234578616595,98.56415623168297,431.58801964231316,571.2717379282254,1,HIGH,279.8998458527025,-1.435843768317028,-0.24609680609395213
34.97995745384523,0.0,15.668335643261301,98.77194146935132,-18.715262871675982,-43.17944552189455,0,LOW,-554.6443179509495,0.20778523766834667,0.2680666324104237
35.44678145591075,291.17936344967285,155.64252762772077,98.45417357216171,483.6046444050476,278.7563990221148,1,MEDIUM,291.17936344967285,-0.3177678971896114,0.4668240020655219
33.67479473742537,1548.505481256502,259.3956612440706,97.15174588292844,1675.0202970735945,1542.2571460147708,1,HIGH,1257.3261178068292,-1.3024276892332693,-1.7719867184853797
33.618064149525544,2230.519691569451,24.06630859235889,95.84477468963611,2055.4948831878296,2253.683723801093,0,MEDIUM,682.014210312949,-1.306971193292327,-0.05673058789982832
34.8273495222945,2322.106281259087,245.60500475708443,97.1710543085559,2355.12108750877,2484.6244799574542,1,HIGH,91.58658968963618,1.3262796189197843,1.209285372768953
35.919623627572705,2451.1837638117136,221.3766213595132,95.90823939658605,2528.145495258901,2315.629553013123,1,HIGH,129.0774825526264,-1.2628149119698406,1.0922741052782072
34.77213649432207,1494.3456983909211,277.5138730121636,98.68549636031304,1453.798446973123,1611.0371701012223,1,HIGH,-956.8380654207924,2.777256963726984,-1.1474871332506353
33.98457991392778,914.0256234258093,0.0,98.50528771889103,847.2078648708053,863.4248506694087,0,LOW,-580.3200749651119,-0.18020864142201276,-0.7875565803942877
34.63975212015568,1822.794201326808,108.31121041239513,98.51789640566606,1796.4922529212502,1729.7098531316053,0,MEDIUM,908.7685779009987,0.012608686775038791,0.6551722062278955
34.83117605009125,1390.1460136978505,258.97850399776746,99.37049289108346,1420.9428069098321,1427.8905507775357,1,HIGH,-432.64818762895743,0.8525964854173935,0.19142392993557422
34.64797075592491,590.1963344551851,140.02517875158557,100.0,271.25099207511084,443.2037444792643,1,MEDIUM,-799.9496792426654,0.6295071089165418,-0.18320529416634201
34.28781104568331,2289.9548321902657,139.21372084213712,96.5446038345143,2428.350533224111,2388.7597176425793,1,MEDIUM,1699.7584977350807,-3.455396165485695,-0.36015971024159654
34.8395925679897,1307.8777044244557,216.61851190146132,98.01948857252493,1250.2912792423415,1415.537860585263,1,HIGH,-982.07712776581,1.4748847380106298,0.5517815223063849
36.155272971377826,2060.7358077368654,239.28288104930107,97.483879772743,2205.4525109903243,1869.9101806326019,1,HIGH,752.8581033124096,-0.5356087997819401,1.3156804033881286
33.01294071408898,1542.294556070622,134.64500045107536,97.87650001020087,1647.4948267409618,1549.8209441764968,1,MEDIUM,-518.4412516662433,0.39262023745787644,-3.1423322572888495
34.455566813455306,802.9055879452559,156.79427309167846,99.46219516519515,796.1173361937705,742.22597818389,1,MEDIUM,-739.3889681253662,1.5856951549942835,1.4426260993663291
33.67173043138136,552.2189887807475,34.61442367078658,97.75314653107372,537.9886926298301,495.80910116992175,0,LOW,-250.68659916450838,-1.7090486341214302,-0.7838363820739431
34.467372684572304,3295.0596509227407,204.94114238237813,96.62518680845977,3294.1317409912463,3279.3186647175316,1,HIGH,2742.840662141993,-1.1279597226139515,0.7956422531909411
34.863598196825215,2211.033714992445,110.8303838631087,96.52933009533456,2386.967932561657,2386.0221147244533,0,MEDIUM,-1084.0259359302959,-0.09585671312521526,0.39622551225291147
34.1469979707887,3203.981873170734,277.9744843801053,96.17541215289813,3240.8557038515437,3223.0176285026882,1,HIGH,992.9481581782893,-0.35391794243642494,-0.7166002260365119
33.32234291857955,1817.4634258916658,245.19269887697817,99.09193440267312,1737.941218896521,1664.17013237967,1,HIGH,-1386.5184472790684,2.916522249774985,-0.8246550522091525
34.30478201162653,743.7895868607472,67.84963793522624,96.6813117939298,707.4324125523447,755.3265854244543,0,MEDIUM,-1073.6738390309185,-2.4106226087433242,0.9824390930469775
33.65983151517991,1673.4288399421907,118.35458769930906,95.74093567220471,1705.3045109971436,1714.2753027597896,0,MEDIUM,929.6392530814435,-0.9403761217250803,-0.6449504964466186
34.59807297662112,1794.1481614706945,256.89777166342026,98.27007269801156,2006.4470872260526,1798.3885546414526,1,HIGH,120.71932152850377,2.529137025806847,0.9382414614412085
35.001382359590906,2869.920188465385,259.7253310145454,95.1365735768287,2693.0018721587317,2965.958173582377,1,HIGH,1075.7720269946903,-3.133499121182865,0.4033093829697876
33.65863410480881,0.0,172.62313468440976,100.0,-155.6341335264831,16.345885431304367,1,MEDIUM,-2869.920188465385,4.863426423171305,-1.3427482547820944
33.35073514250592,1290.5039127980324,121.10353195070257,98.12715157547514,1091.0374750233486,1137.2955261970194,1,MEDIUM,1290.5039127980324,-1.8728484245248609,-0.30789896230289315
33.389308850233945,1179.723269713485,242.63216415129745,98.82670579912497,1387.4631822118345,1385.9208880296349,1,HIGH,-110.78064308454736,0.6995542236498267,0.03857370772802682
34.33759733312636,1127.476593493369,216.87658497135004,98.23358783365381,921.2310168713981,1188.418503450668,1,HIGH,-52.246676220116115,-0.5931179654711514,0.9482884828924156
33.94466089919424,2908.690135293293,189.24770377610275,97.1712547773815,2939.4602895309927,2848.2127046822748,1,HIGH,1781.2135417999243,-1.0623330562723083,-0.3929364339321211
34.85186839042247,1354.284008140935,147.89208085601038,99.1080537897212,1120.663345748561,1139.361343083728,1,MEDIUM,-1554.4061271523583,1.9367990123396908,0.9072074912282275
34.72176496086497,1585.9145558854682,142.56142498661833,97.85935921370185,1489.4361386695439,1676.314808155134,1,MEDIUM,231.63054774453326,-1.2486945760193464,-0.13010342955750076
34.79596278086538,1149.6733162055198,238.05739137330724,99.34383658419893,1330.2659226096528,919.3627675581015,1,HIGH,-436.2412396799484,1.4844773704970748,0.07419782000041408
33.75881455113435,792.8503058782545,130.7068241418178,97.31253950726739,870.4087952354506,739.8415800975228,1,MEDIUM,-356.82301032726525,-2.031297076931537,-1.0371482297310308
33.850837848999284,0.0,42.724456324514236,98.80284588981198,179.06894085741453,-34.784794795099984,0,LOW,-792.8503058782545,1.4903063825445884,0.0920232978649338
34.68491487305016,1452.9925055554784,188.81677729393886,96.98409680188539,1472.7395432675064,1648.5034558962723,1,HIGH,1452.9925055554784,-1.8187490879265908,0.8340770240508775
34.8280143056756,2097.747528818008,270.86136781676356,97.61093944267232,2195.583287893839,2216.493757495569,1,HIGH,644.7550232625297,0.6268426407869327,0.14309943262544067
34.338778610398855,1516.1375979433512,232.10878388518887,97.36416357200065,1413.9722998926309,1781.3249618131222,1,HIGH,-581.6099308746568,-0.2467758706716694,-0.48923569527674715
34.86708638405012,2428.380451921052,9.759389488415657,95.85178336367522,2516.495324474032,2657.8844550252975,0,MEDIUM,912.2428539777009,-1.5123802083254247,0.5283077736512638
33.66907278634236,1505.9661870929249,234.0528279433782,96.31513863140324,1453.3340247305523,1565.2754858517474,1,HIGH,-922.4142648281272,0.46335526772801927,-1.1980135977077566
33.473915871443964,2169.740587819931,272.26767352275243,96.5682095174222,2169.8236269962263,2323.809853061103,1,HIGH,663.7744007270062,0.25307088601896055,-0.19515691489839782
33.99781526345131,2662.0738935452177,202.84925843840742,95.62683332041105,2714.285099252565,2805.101069924934,1,HIGH,492.33330572528666,-0.9413761970111523,0.523899392007344
34.58657021131435,957.696958873565,243.1574581223467,98.06541497675653,942.5735458847855,1137.8102186750928,1,HIGH,-1704.3769346716526,2.4385816563454767,0.5887549478630447
33.948905051745314,437.05663114197864,110.56880241459751,100.0,260.94255036594603,440.8058518680382,0,MEDIUM,-520.6403277315864,1.9345850232434714,-0.637665159569039
35.05580293611161,1018.7186500913044,197.7880285020622,100.0,969.5529157252826,1157.9131647769475,1,HIGH,581.6620189493258,0.0,1.1068978843662975
33.44074024631595,2249.8832306379973,232.94027252826916,94.89493043256857,2250.978087049082,2397.008662438692,1,HIGH,1231.1645805466928,-5.105069567431428,-1.6150626897956641
34.047957436420205,2399.027448953215,103.08271130758713,97.46444948989311,2348.647051678653,2253.1466329807668,0,MEDIUM,149.14421831521759,2.5695190573245412,0.607217190104258
33.285299378599646,1755.6637444518478,80.60020679222212,97.58650810760925,1610.029828412926,1734.9166701407896,0,MEDIUM,-643.363704501367,0.12205861771613513,-0.7626580578205591
33.981212730061465,1263.2824250002677,177.0075182953917,98.1829286697409,1178.7203383930876,1215.5843183536115,1,MEDIUM,-492.3813194515801,0.5964205621316552,0.6959133514618188
34.485139020798954,356.0856341713875,247.36761382744217,97.30347380707605,384.2587509691833,98.50982755338947,1,HIGH,-907.1967908288802,-0.8794548626648577,0.5039262907374891
33.138872192313606,1805.7948401659573,132.09303454961537,96.99478060390314,1680.7583470022248,1799.9117508947988,1,MEDIUM,1449.7092059945699,-0.3086932031729077,-1.3462668284853478
34.57755847196254,1146.50577048082,24.582988649149364,99.08175238621509,1283.7334806062827,1243.8517856309952,0,LOW,-659.2890696851373,2.0869717823119487,1.438686279648934
33.90677818189341,2634.576840617687,230.24024285389962,96.38838367519698,2382.460680216297,2546.1457718921843,1,HIGH,1488.071070136867,-2.6933687110181097,-0.670780290069132
34.74875193563948,2869.6186329895168,44.900133792362354,97.51069773210928,2722.830142633313,2847.16023094192,0,HIGH,235.04179237182962,1.1223140569123018,0.8419737537460747
34.399464123912566,0.0,37.704971212393914,100.0,-85.87709774372499,-17.683467427989996,0,LOW,-2869.6186329895168,2.4893022678907215,-0.34928781172691714
34.32146015268514,1222.9638224692947,91.00759382568559,97.51346259707948,1279.9633335396386,1327.010809055208,0,MEDIUM,1222.9638224692947,-2.4865374029205185,-0.07800397122742453
34.09714639235155,2947.9654501892746,29.398613823200236,96.6572895571277,2998.0492780902396,2828.305417693543,0,HIGH,1725.00162771998,-0.8561730399517842,-0.22431376033359385
34.18733567646437,3154.7281780395406,165.38967254559734,96.58377417660158,3036.9117325599323,3239.5012533182294,1,HIGH,206.76272785026595,-0.07351538052611772,0.09018928411282445
35.87989160558499,1837.8754540103462,250.83207804405018,96.2945748021197,1822.2203082408414,1690.6883710774462,1,HIGH,-1316.8527240291944,-0.28919937448188193,1.6925559291206156
34.65841758111826,2516.810907404912,150.79036203023884,96.60386467157319,2567.79225768437,2461.305613882369,1,HIGH,678.9354533945659,0.3092898694534938,-1.2214740244667297
34.65766356168988,427.15254501246534,0.0,97.99260017032044,433.9067061845248,256.4477262803796,0,LOW,-2089.6583623924466,1.388735498747252,-0.0007540194283777168
33.66781055274785,979.2729322951935,151.11740410840406,98.40785358089714,1210.1018038079171,1030.7442945315943,1,MEDIUM,552.1203872827282,0.41525341057669607,-0.9898530089420277
34.04415812372812,2275.042957670931,84.16835267366832,98.14396031338444,2281.5210932555196,2023.9054781103782,0,MEDIUM,1295.7700253757375,-0.2638932675126995,0.37634757098026483
33.683525786895,2319.325069915195,208.40126432956478,97.71662356205745,2279.376109441975,2335.699801396702,1,HIGH,44.28211224426377,-0.42733675132699034,-0.36063233683312035
34.404128878728585,2258.4774869661956,187.82155373541218,98.1047144078082,2056.3200108185088,2324.903495368335,1,HIGH,-60.84758294899939,0.38809084575075303,0.7206030918335884
33.213003835530884,1137.2417474378092,9.596499198508472,96.5566367739373,1155.4790788890937,1034.040259969957,0,LOW,-1121.2357395283864,-1.5480776338709035,-1.191125043197701
32.59636243662495,2060.1016612467665,266.5920633273461,99.68036376553472,1954.121666628812,2114.3916601030974,1,HIGH,922.8599138089573,3.1237269915974224,-0.6166413989059336
34.51009131612963,2146.44576068446,290.3444158038891,96.29417012290632,2247.3291307027935,2274.644407266678,1,HIGH,86.34409943769333,-3.386193642628399,1.9137288795046814
34.412326842914524,2196.8731394283104,226.0717946857207,96.68595288575,2170.5372516866587,2136.8149056542748,1,HIGH,50.42737874385057,0.3917827628436754,-0.09776447321510773
35.036923273849915,2193.2597852321765,139.14727008036525,96.51455007442522,2212.3350747766995,2093.452133830179,1,MEDIUM,-3.613354196133969,-0.17140281132478208,0.6245964309353909
33.94768872722962,1874.2326831599962,220.4432916126685,98.21664532832006,1826.3699103084841,1904.6511188386762,1,HIGH,-319.02710207218024,1.7020952538948393,-1.0892345466202968
34.646054670880346,1671.1484145241648,21.08898383924729,99.44817865305976,1491.8607293421733,1726.8924609943983,0,MEDIUM,-203.08426863583145,1.2315333247397007,0.6983659436507281
34.68597275551542,2001.5149195065067,138.8462436825741,97.70624951532912,2047.0764423292308,2051.921066848329,1,MEDIUM,330.3665049823419,-1.7419291377306365,0.03991808463507596
35.460642113186495,1912.2427465917497,149.69373345841035,95.88260234246387,1947.4869841457134,1889.7404760586508,1,MEDIUM,-89.272172914757,-1.8236471728652504,0.7746693576710726
34.692065476464634,935.5104248463116,74.66713994773914,98.45740251699637,899.6251590228403,1096.012054664417,0,MEDIUM,-976.7323217454381,2.5748001745324984,-0.7685766367218605
33.7912956606953,2692.1664981644967,39.29615491209285,96.54416160980306,2525.7536562637206,2733.437237986442,0,HIGH,1756.656073318185,-1.9132409071933125,-0.9007698157693369
34.322469761229506,516.1988720140681,198.0868401234688,98.46414605586185,726.7293146622458,482.033939946499,1,HIGH,-2175.9676261504287,1.9199844460587911,0.5311741005342085
32.89226215439539,0.0,78.17814339704422,99.46116701556758,25.28173711288867,86.56175518475604,0,MEDIUM,-516.1988720140681,0.9970209597057362,-1.4302076068341165
34.353234630805176,1235.032739805356,224.98086708780053,100.0,1434.5739831746994,1345.3563354637033,1,HIGH,1235.032739805356,0.5388329844324176,1.4609724764097862
33.69349722037388,780.9411254617303,286.06566152655535,98.08923373015352,682.2676459469044,577.5357288513247,1,HIGH,-454.0916143436257,-1.9107662698464765,-0.6597374104312976
33.63365707256813,2158.0012893231897,93.08705295387126,97.47763681347233,2048.288852147671,2157.22583377819,0,MEDIUM,1377.0601638614594,-0.6115969166811936,-0.05984014780575109
36.0735796830057,1633.2559221395343,212.78242717784488,94.98817430805289,1591.3287816766265,1565.3377485462154,1,HIGH,-524.7453671836554,-2.4894625054194393,2.43992261043757
35.09409076878242,1196.9726553367957,35.913217190132364,98.7190026672289,1299.7954126631166,1184.3769533864922,0,LOW,-436.2832668027386,3.730828359176016,-0.9794889142232748
33.72154558555521,1723.1278090512778,274.508364704375,97.22239745033188,1607.6088372447705,1580.5522454340478,1,HIGH,526.1551537144821,-1.4966052168970236,-1.37254518322721
34.33208165873934,2013.4663075416704,213.02259387680675,96.43455817624162,2309.9703077754534,2208.0546827596763,1,HIGH,290.33849849039257,-0.7878392740902598,0.6105360731841287
34.2571036531432,844.6835027804988,163.8899478220956,97.52959453812973,882.738473965478,819.7167618120579,1,MEDIUM,-1168.7828047611715,1.0950363618881056,-0.07497800559614376
34.258959584749185,1011.7624714172724,213.50478917195682,97.27590501131341,955.2183315519349,929.7720549080145,1,HIGH,167.07896863677365,-0.2536895268163164,0.0018559316059878483
32.88061723181229,1216.1263209776228,64.61812935337365,97.1470993574277,1256.0219828210018,1437.438355165395,0,MEDIUM,204.36384956035033,-0.1288056538857063,-1.3783423529368974
35.08083950562039,2647.4415521210967,163.8787102861181,97.4996034207731,2610.3989953416385,2631.389742615872,1,HIGH,1431.315231143474,0.35250406334539264,2.2002222738081016
33.49818433993908,3231.5659820953615,107.42371688500715,95.53302509490463,3227.5361711459864,3222.354658572729,0,HIGH,584.1244299742648,-1.9665783258684684,-1.5826551656813095
35.27993733299391,2306.2741911682747,95.92825317962443,97.20886148134561,2265.2186078301133,2384.491477858654,0,MEDIUM,-925.2917909270868,1.6758363864409773,1.7817529930548304
34.11611130429149,4000.0,91.30859738707208,96.3332115923188,4198.856294957145,3872.853334519373,0,HIGH,1693.7258088317253,-0.8756498890268034,-1.1638260287024167
32.82347624997655,0.0,10.039379520272432,98.06866726548682,80.92658819270298,41.92337906690357,0,LOW,-4000.0,1.735455673168019,-1.2926350543149425
34.17408557944696,2143.2844661807853,268.75980664312476,97.41930879095382,2084.228056749757,2052.841488915158,1,HIGH,2143.2844661807853,-0.6493584745330025,1.3506093294704087
34.94249803879366,1882.5921988298896,267.1990793594027,99.19565565704768,1905.0356636979534,1710.347918053492,1,HIGH,-260.6922673508957,1.77634686609386,0.768412459346699
33.770276348160735,1319.873786895291,205.52052673135438,98.22110808405937,1162.1790678874067,1550.8137055059706,1,HIGH,-562.7184119345986,-0.974547572988314,-1.1722216906329237
34.729023749901955,2641.9655472712902,140.4480687430935,96.86591213313794,2846.7643680487768,2970.2566066352565,1,HIGH,1322.0917603759992,-1.355195950921427,0.9587474017412205
34.69184482123815,1617.5046745766238,292.0469174174429,98.2585650146733,1603.1749854996913,1635.0733245795652,1,HIGH,-1024.4608726946665,1.392652881535355,-0.03717892866380623
34.42299023577595,1465.6985816884844,208.8340215124375,97.57231969769367,1506.3327134426827,1182.7408540052245,1,HIGH,-151.80609288813935,-0.6862453169796225,-0.26885458546220065
34.771494470427555,0.0,232.26821127246075,99.41100022977359,164.59574942028084,-19.44033674338773,1,HIGH,-1465.6985816884844,1.8386805320799198,0.34850423465160674
34.66921855140508,458.6389391779318,222.44521220765142,97.78478175336362,387.16575349778645,221.42714707080717,1,HIGH,458.6389391779318,-1.6262184764099743,-0.10227591902247468
34.69019725330076,1226.71242349,162.92237485096905,98.40690640320234,1203.287648266134,1289.145198538227,1,MEDIUM,768.0734843120682,0.6221246498387245,0.020978701895678853
35.26712687134329,2055.7031636781653,17.7139105524963,96.99415669838817,2192.1998294820987,2099.738495371167,0,MEDIUM,828.9907401881653,-1.4127497048141748,0.5769296180425272
34.601560377180775,3311.7625119376976,194.143172265932,97.83255199134052,3314.6217788061585,3452.3039982647488,1,HIGH,1256.0593482595323,0.8383952929523559,-0.6655664941625119
33.846224122836006,994.3690376890094,169.50468152326482,97.66166965626756,1001.8736896195296,946.2410009255984,1,MEDIUM,-2317.393474248688,-0.17088233507296025,-0.755336254344769
33.36294625751645,764.873620985587,265.39978145470366,96.62088728521337,914.9137631988176,799.3937131430762,1,HIGH,-229.4954167034224,-1.040782371054192,-0.4832778653195575
34.26229468760721,1466.6914531707,228.43604028384698,97.9805463334494,1398.479620384449,1538.4352302726145,1,HIGH,701.817832185113,1.3596590482360256,0.899348430090761
35.78429432475239,2996.2572077300897,115.70973159644498,96.80232704970243,2981.9039216706233,2913.4338970882595,0,HIGH,1529.5657545593897,-1.1782192837469694,1.5219996371451785
33.72517730564303,2571.636054064101,123.07148969115995,95.37968879003392,2753.0789222780277,2347.0967553861296,1,HIGH,-424.6211536659889,-1.4226382596685028,-2.059117019109358
33.6345834612719,1493.461686153081,285.90918569657686,98.88599110939843,1567.6021536352455,1556.7052792223474,1,HIGH,-1078.1743679110198,3.506302319364508,-0.09059384437112783
34.44276813267168,981.7510060027741,0.0,98.10162913663153,922.7709067990942,975.7146124748698,0,LOW,-511.71068015030687,-0.7843619727669022,0.8081846713997791
33.54900917344415,881.2005162763568,58.75353995952603,100.0,955.6706866009971,896.3566181687415,0,LOW,-100.55048972641737,1.89837086336847,-0.893758959227533
34.984720100724914,1606.0029399075884,213.5732238396264,97.28168094181513,1463.1390242262623,1660.8968944274386,1,HIGH,724.8024236312316,-2.718319058184875,1.4357109272807662
35.46105507404681,1822.4595139104545,178.7801107533406,97.39623524378935,1788.8195016898744,1909.328280022078,1,MEDIUM,216.4565740028661,0.11455430197422345,0.47633497332189734
35.076793824406316,1574.4525492925636,232.9264792107964,98.54561983891115,1554.9948992004117,1654.1126492793805,1,HIGH,-248.00696461789084,1.149384595121802,-0.38426124964049535
35.55942256342671,1229.7637117217441,185.5346101850082,97.37990854422873,1173.2824722234075,1263.1394518913714,1,HIGH,-344.6888375708195,-1.1657112946824242,0.4826287390203916
34.851861397568996,2345.8640574633546,149.9600686946921,97.07288727476087,2298.2792130750195,2213.6203072795774,1,MEDIUM,1116.1003457416105,-0.30702126946785313,-0.7075611658577117
35.70372052877264,55.587890191343234,228.46788806992825,98.56659808468217,311.18157578618275,140.27138509873646,1,HIGH,-2290.276167272011,1.4937108099212963,0.8518591312036463
34.955642656608205,1025.8089925759343,196.02571852996627,98.67488204698665,904.9509875843952,905.0565989981193,1,HIGH,970.2211023845911,0.10828396230448334,-0.748077872164437
33.32888105791287,1009.3130855097303,192.11044875581908,98.67226794091297,1002.5165189633584,997.884364885085,1,HIGH,-16.49590706620404,-0.0026141060736790678,-1.6267615986953388
33.26761537794654,1392.5729176539724,125.366749141507,98.24008092364882,1282.656170268243,1347.340063898956,1,MEDIUM,383.25983214424207,-0.4321870172641553,-0.06126567996632559
35.246413402779424,2115.169863368458,240.69314553949587,95.47243467659749,2105.1916876420437,2224.614565116307,1,HIGH,722.5969457144859,-2.7676462470513314,1.9787980248328836
34.7940508560668,1802.2527916900335,254.7301127539718,97.99803580275136,1888.2293297706435,1657.281078923184,1,HIGH,-312.9170716784247,2.525601126153873,-0.452362546712628
34.33080557566394,1619.8966556693297,25.311540420511616,98.86809358049268,1948.5500347029242,1639.606325876433,0,MEDIUM,-182.35613602070384,0.870057777741323,-0.46324528040285884
34.168670298782665,2463.5847997152955,127.87933111594145,97.41711784098341,2444.8243232159766,2370.6944969014035,1,MEDIUM,843.6881440459658,-1.4509757395092748,-0.16213527688127272
34.41355926234131,1318.8173189873532,59.38760553922685,99.53240167771897,1224.750311392582,1317.0699578413435,0,MEDIUM,-1144.7674807279423,2.115283836735557,0.24488896355864398
34.17923118232961,2539.637217245984,287.12295682269405,96.5816436911293,2590.819935816222,2424.008052203627,1,HIGH,1220.819898258631,-2.9507579865896645,-0.23432808001170002
34.53711468755608,1821.0502773010637,156.63546943818722,95.94224996806125,1736.419073738292,1725.0122211809717,1,MEDIUM,-718.5869399449205,-0.6393937230680535,0.35788350522646795
32.69984523453253,1393.159781086801,58.82581075987838,97.5289425500572,1310.5014970942639,1270.3654989870888,0,MEDIUM,-427.8904962142626,1.5866925819959476,-1.837269453023545
33.744473802075376,625.8904338280768,195.76400604195285,97.74548852050954,753.2836095715287,538.5755842783352,1,HIGH,-767.2693472587243,0.21654597045234425,1.0446285675428442
33.30182175127786,1515.9732786471723,34.338193916621584,99.74784421428618,1472.053174189055,1400.1275841766612,0,MEDIUM,890.0828448190955,2.002355693776636,-0.4426520507975127
34.09121908479773,3604.0174855961454,287.87243507929844,95.89543497987094,3633.735957598744,3501.03846198754,1,HIGH,2088.044206948973,-3.8524092344152336,0.7893973335198652
34.097472526507765,2111.987787815002,287.16219927103975,97.18285908226557,2155.023683526815,2128.848782207423,1,HIGH,-1492.0296977811436,1.287424102394624,0.006253441710036611
34.56246665002986,2310.5288474267822,161.21379536606048,99.14792112989949,2355.341985725769,2290.4962630660693,1,MEDIUM,198.54105961178038,1.9650620476339213,0.46499412352209646
34.2074707570168,2675.111077258047,211.16768093793,96.54506106915096,2709.510242184489,2531.6671555385715,1,HIGH,364.5822298312646,-2.602860060748526,-0.35499589301306145
33.01889160550697,1861.3441493909174,90.49954181446445,96.23545944199117,1837.971901642304,1882.684513728624,0,MEDIUM,-813.7669278671294,-0.3096016271597932,-1.1885791515098276
33.296327847079795,1644.4081936478533,139.0938363728238,97.56766466590085,1651.4786708237832,1651.8421979851692,1,MEDIUM,-216.93595574306414,1.332205223909682,0.277436241572822
34.46953807643595,1750.655802083608,221.69923648910438,96.63028932252539,1552.618491757186,1476.7468327749586,1,HIGH,106.24760843575473,-0.9373753433754644,1.1732102293561582
33.675031997691434,2580.3826161880675,216.16168648816648,97.31192538151014,2360.3429809061636,2605.805840580208,1,HIGH,829.7268141044594,0.6816360589847505,-0.7945060787445186
35.587466208673604,2222.038196985396,268.43164916863526,95.64637848482577,1985.1246410539075,2367.587864521709,1,HIGH,-358.34441920267136,-1.6655468966843614,1.9124342109821697
33.962636457451886,1414.7285836824617,201.9182213829532,97.1232072620573,1399.6214951861507,1545.7112157700515,1,HIGH,-807.3096133029344,1.4768287772315318,-1.6248297512217178
33.25613483377503,415.06846045554386,126.84106614092835,100.0,294.59692476339853,289.3267812474426,1,MEDIUM,-999.6601232269179,2.8767927379426936,-0.7065016236768571
32.94791341089516,1017.8002634129108,135.21150047619022,97.93947185993241,916.1406826043964,874.9089471353575,1,MEDIUM,602.7318029573669,-2.060528140067589,-0.30822142287986765
34.18400370320825,532.0565254372052,40.30052941380898,98.6636891249646,570.6336203306462,652.0636607425412,0,LOW,-485.7437379757056,0.7242172650321947,1.2360902923130865
34.26886270569293,1805.5056850302778,209.83297393333555,96.32653005199295,1902.189030832899,1867.2905404881683,1,HIGH,1273.4491595930726,-2.3371590729716587,0.08485900248468425
34.940297715557605,3130.9032233632797,177.6156362139864,95.77720635146036,3407.412636390901,2978.016081924505,1,HIGH,1325.3975383330019,-0.5493237005325824,0.6714350098646733
34.83615430525034,1478.8677017349016,290.5650700942933,97.52747702960792,1670.0223059903183,1420.904449104659,1,HIGH,-1652.035521628378,1.750270678147558,-0.10414341030726604
34.839462658724564,1254.7170876364419,128.154205022154,99.72706715705678,1566.6866631612415,1081.9957775975777,1,MEDIUM,-224.15061409845976,2.1995901274488574,0.0033083534742246457
34.19978083268058,1783.660985008183,167.8119036754594,97.28346970549728,1767.8528133386412,1737.5045681054823,1,MEDIUM,528.9438973717411,-2.443597451559498,-0.6396818260439829
33.50741919821992,1537.900942776933,183.6398353828923,95.92414895819724,1467.2676758428831,1496.6229638757472,1,HIGH,-245.76004223124983,-1.3593207473000462,-0.69236163446066
35.55044712248126,405.08915717513565,123.96056031482243,97.91115702545031,417.0326001753238,327.93916917248333,1,MEDIUM,-1132.8117856017975,1.9870080672530719,2.043027924261338
34.801361196529584,1085.1625733934513,255.40016007008134,99.01642245801428,1109.5264328083726,1097.686199902971,1,HIGH,680.0734162183157,1.105265432563968,-0.7490859259516753
34.946341376670375,1303.3631297210516,52.01465665972953,97.77006040962863,1511.6808315981114,1220.0014426859511,0,MEDIUM,218.20055632760022,-1.2463620483856488,0.1449801801407915
34.1468966660763,1801.963686278284,111.21617923185354,96.27841686354873,2040.8037730175442,1779.8141266792998,0,MEDIUM,498.6005565572325,-1.4916435460798994,-0.7994447105940736
34.57393212113569,2368.629014600401,291.08347529535376,96.18767131719848,2217.1278253910477,2150.804828402259,1,HIGH,566.6653283221171,-0.09074554635024867,0.42703545505938934
34.822845667125534,1936.2340153963266,102.49252047503256,96.80049209181783,1771.6824054131444,2098.787807159316,0,MEDIUM,-432.39499920407457,0.612820774619351,0.2489135459898435
34.299794978599735,3485.781066740827,42.79166426174672,95.52168470535211,3263.316939118816,3397.2174124587355,0,HIGH,1549.5470513445005,-1.278807386465715,-0.5230506885257995
33.632378278174336,2436.2483384302204,271.48675398746224,97.12797527618693,2654.1214052185446,2602.166057232174,1,HIGH,-1049.5327283106067,1.6062905708348154,-0.6674167004253988
34.021220067017985,2093.088978189505,272.8314704672073,98.28908587046611,2136.83475774414,2146.922788574682,1,HIGH,-343.1593602407156,1.1611105942791795,0.3888417888436493
34.090136563217726,1733.8932397147216,51.515480552387885,98.13668177485908,1650.9240026653574,1830.612335699277,0,MEDIUM,-359.1957384747832,-0.15240409560702517,0.0689164961997406
33.209416159122476,1127.154281171488,167.61101472048804,98.37434815127664,1114.5758313941958,880.7843453130417,1,MEDIUM,-606.7389585432336,0.2376663764175504,-0.8807204040952499
34.704005278563216,1989.6432495008376,237.47463151399802,97.44110161319445,1891.3319351273483,2003.2454269115517,1,HIGH,862.4889683293495,-0.9332465380821873,1.4945891194407395
33.26450113046018,1615.7658315312528,176.00636102402666,99.54643235973735,1680.0526274803458,1655.3925242341522,1,MEDIUM,-373.8774179695847,2.1053307465429043,-1.4395041481030333
33.455983247320674,1858.0277393884394,257.5553003993797,97.02237052879521,1941.8011466326807,1896.4027704877801,1,HIGH,242.26190785718654,-2.524061830942145,0.19148211686049166
33.628612282627756,2742.9483971337527,102.28817859896856,94.53114600958232,2783.8719083350575,2715.3571479963944,0,HIGH,884.9206577453133,-2.491224519212892,0.1726290353070823
34.352308749679686,686.7857635244263,42.098638052052294,98.0382754914705,710.748194996291,729.5527257957108,0,LOW,-2056.1626336093263,3.5071294818881853,0.7236964670519299
33.83203212544196,1089.2575468274256,112.47852184364395,97.1244450705486,839.7770403257433,922.8598001318551,0,MEDIUM,402.47178330299926,-0.9138304209218973,-0.5202766242377237
34.40361590614155,2602.8313147127546,133.6847341557058,95.89803921971021,2567.9298444143324,2716.723752147688,1,HIGH,1513.573767885329,-1.2264058508383897,0.5715837806995907
33.55995881005818,2355.5852952012747,166.46205291670495,97.57270599056383,2482.616343587246,2375.7924647048776,1,MEDIUM,-247.24601951147997,1.6746667708536194,-0.8436570960833762
33.671887078222746,0.0,106.86918658659573,98.60347562541318,33.13404652651833,-169.78189927183098,0,MEDIUM,-2355.5852952012747,1.0307696348493494,0.11192826816456858
33.914000708621145,2458.2804721683156,75.8728854274541,97.04804653261348,2266.8831516255304,2622.557416871882,0,MEDIUM,2458.2804721683156,-1.5554290927996988,0.24211363039839995
33.974764613704664,651.0537701543618,29.777668560718965,97.54687421004739,449.06352151047764,822.7313843380344,0,LOW,-1807.2267020139539,0.49882767743390843,0.06076390508351892
33.32762954760745,1413.4747561459908,20.81495282655103,98.34995789225948,1566.6045911517683,1462.6064608407619,0,MEDIUM,762.420985991629,0.8030836822120904,-0.6471350660972135
34.04767514552874,2662.4933806329973,18.88521004592377,96.83040494114171,2705.0567587000946,2593.049959440636,0,HIGH,1249.0186244870065,-1.5195529511177739,0.7200455979212919
33.5910452919444,2848.2761804367174,184.33784775269407,98.96391772841922,2820.475296991237,2766.0891640614063,1,HIGH,185.78279980372008,2.1335127872775104,-0.4566298535843458
34.02048778170606,2148.6821864603476,136.04742397972126,96.63976655960168,2252.6988310287793,2183.28008910127,1,MEDIUM,-699.5939939763698,-2.3241511688175365,0.4294424897616622
34.645095953900245,1246.1671781285631,175.53433942125054,97.66563224016491,1334.3637089485653,1327.2909321870434,1,MEDIUM,-902.5150083317844,1.0258656805632285,0.6246081721941863
34.975926202730896,724.5695583367584,118.30507295471628,99.88862015782497,835.5589519950328,700.7731317355104,0,MEDIUM,-521.5976197918047,2.2229879176600633,0.33083024883065093
34.153024099804874,1527.3838124170456,55.49734545638959,97.62642325320428,1759.9455342436627,1720.0791974355898,0,MEDIUM,802.8142540802872,-2.2621969046206942,-0.8229021029260224
33.83992778242521,342.6338392138223,58.32227554088664,98.86654088516065,213.71474483107704,297.92161469596215,0,LOW,-1184.7499732032234,1.240117631956366,-0.31309631737966725
34.76365723486878,1958.458799452951,87.03380196591665,98.31326080379141,1974.6057180926052,1880.0066339073444,0,MEDIUM,1615.8249602391288,-0.5532800813692376,0.923729452443574
34.42176276172988,926.0673307240959,7.426523393066882,99.14773785786123,622.1319110114454,661.5081007647221,0,LOW,-1032.3914687288552,0.8344770540698221,-0.3418944731389004
35.2902179566458,1769.406980833111,288.4070537177074,96.81445551431486,1643.9434776196863,1527.4404358584418,1,HIGH,843.3396501090151,-2.3332823435463723,0.8684551949159172
34.659948015555,801.2019266735456,73.21189278117102,97.72119415139734,759.0268292002078,572.1601946724256,0,MEDIUM,-968.2050541595654,0.9067386370824835,-0.6302699410907948
34.67300544271758,1951.7104441267616,59.45653299565366,97.23897785539593,2053.224820509723,1834.148037951322,0,MEDIUM,1150.508517453216,-0.48221629600141114,0.01305742716257896
32.86080267844849,2762.0055114214115,207.83849320400702,95.77903330154514,2585.0485659410556,2874.1014515584534,1,HIGH,810.2950672946499,-1.4599445538507894,-1.812202764269088
35.783174330639056,1812.193032202846,41.819353420831874,97.24557065187346,1877.0640352519406,1763.079613457571,0,MEDIUM,-949.8124792185654,1.4665373503283234,2.922371652190563
34.350883464773744,3535.793427719219,267.67119290299456,96.39410085516681,3395.8524260808194,3589.5901056560133,1,HIGH,1723.6003955163728,-0.8514697967066525,-1.432290865865312
35.56492930815521,1626.0687942594134,76.93422148498051,97.76700527551534,1485.4569078207246,1809.5240012007798,0,MEDIUM,-1909.7246334598055,1.372904420348533,1.214045843381463
33.727222591691955,1949.749541414682,134.6713705277346,96.21484440603422,1998.2149951502163,1807.7447602091106,1,MEDIUM,323.6807471552686,-1.5521608694811277,-1.8377067164632521
33.75158511291018,2446.416240914201,184.24496887664662,96.64768542540315,2488.484167634518,2474.3744029362924,1,HIGH,496.6666994995189,0.4328410193689365,0.024362521218222355
35.061262564572544,1835.0130843139186,40.705542100793764,98.54367382062222,1997.855992651958,1723.1318505856373,0,MEDIUM,-611.4031566002823,1.8959883952190637,1.3096774516623668
33.25293086763262,1889.2433634952363,210.04125333302235,96.67267490756242,2073.383134070548,1844.6382124333443,1,HIGH,54.230279181317655,-1.8709989130597933,-1.8083316969399235
34.43792494896895,1648.203256447386,40.58720200564699,99.11644864500849,1689.809511324345,1621.6407513067559,0,MEDIUM,-241.04010704785037,2.4437737374460653,1.1849940813363276
35.53815662946675,727.6008331179873,140.0755706011985,99.95704864525167,706.1215850524221,713.9665826048615,1,MEDIUM,-920.6024233293986,0.8406000002431853,1.1002316804977994
34.48396413447592,525.5417774031262,277.14474564948864,97.64656563130048,407.78251350143944,654.0997540083547,1,HIGH,-202.0590557148612,-2.310483013951199,-1.0541924949908292
35.5048992256243,2597.0114416622378,104.1275749836379,97.64014646010523,2556.5560852562026,2806.4034899683516,0,HIGH,2071.4696642591116,-0.006419171195247486,1.020935091148381
33.88248717062345,1985.9196337520862,181.53226419604374,98.7186791129179,1924.515249207166,1897.7944998228857,1,HIGH,-611.0918079101516,1.0785326528126689,-1.6224120550008507
34.72454553542317,2013.3232229595812,266.3771350767883,96.95671290048845,1926.8435431288492,2028.645966971893,1,HIGH,27.403589207495088,-1.7619662124294422,0.8420583647997191
35.378989802391146,1781.968980524948,141.64782864077728,96.8997926167902,1734.6387115989462,1644.3239448817108,1,MEDIUM,-231.3542424346333,-0.05692028369826119,0.6544442669679782
33.02651447051831,2189.5109032938594,215.66051713951214,97.62746561483853,2271.176620500701,2231.1117899766164,1,HIGH,407.5419227689115,0.7276729980483339,-2.3524753318728386
33.13235209364177,1831.3717394635735,123.46205712092238,97.24870437804672,1897.8906590061495,1816.5742535886907,1,MEDIUM,-358.13916383028595,-0.37876123679180296,0.10583762312346323
33.88681719516681,2921.9701720017943,206.90098119500357,96.90926995226737,2999.370844222679,2661.2905969850635,1,HIGH,1090.5984325382208,-0.3394344257793591,0.7544651015250423
33.00785698740093,587.1065310080658,19.859155635435837,97.71310478038409,634.5292340486637,774.4157269484858,0,LOW,-2334.8636409937285,0.8038348281167202,-0.8789602077658856
35.27756300293283,1098.0239007740606,272.0466039785637,99.51036668836404,1049.5849698048205,1066.2351119443467,1,HIGH,510.91736976599486,1.7972619079799586,2.269706015531902
34.346270839715224,3328.6056464498247,225.63133817478933,96.07948767465281,3383.098739523994,3204.384521243066,1,HIGH,2230.581745675764,-3.430879013711234,-0.9312921632176057
34.396093873380714,683.0253156929496,163.69192500884515,99.84024694758278,599.1400458794358,577.4229523712723,1,MEDIUM,-2645.580330756875,3.760759272929974,0.0498230336654899
35.30780424530645,1920.8309820463821,179.35700882694962,97.28696288897308,1762.121617780397,1899.538229963106,1,MEDIUM,1237.8056663534326,-2.553284058609705,0.9117103719257358
34.16884754505124,1118.9982784403935,86.9958181694103,96.05771991262642,1323.6569663998764,1255.107282361052,0,MEDIUM,-801.8327036059886,-1.2292429763466544,-1.138956700255207
35.19872984774909,2018.3383943183846,45.00177290641161,96.41708511530453,2069.793256772995,2019.6505840188568,0,MEDIUM,899.3401158779911,0.3593652026781058,1.0298823026978496
34.220100236197695,1148.7428913354552,257.0766549660153,97.8821744776124,1055.1182299688621,1181.8965771898033,1,HIGH,-869.5955029829295,1.4650893623078645,-0.9786296115513977
31.98578360628741,1477.8187726087097,49.19008003382762,97.170708085411,1755.0951595228134,1455.7954483159438,0,MEDIUM,329.0758812732545,-0.7114663922014017,-2.2343166299102855
34.65303915188398,1980.290463366622,123.44572738951616,96.85996971152568,2061.877037335878,1925.7772573573866,1,MEDIUM,502.47169075791226,-0.31073837388531445,2.6672555455965714
33.62939366321363,2119.725744620824,42.95702280882423,97.18817042472614,2106.8533588796313,2257.534945967602,0,MEDIUM,139.4352812542022,0.3282007132004594,-1.023645488670354
34.267958757474936,229.30065192725868,154.91596729649865,99.93709270312625,73.56327721714902,325.25746857406796,1,MEDIUM,-1890.4250926935654,2.7489222784001157,0.6385650942613097
34.46864800008645,507.2916992784483,169.37103519551636,97.72606359673719,583.4797009153506,416.7539141394321,1,MEDIUM,277.9910473511896,-2.211029106389063,0.20068924261151722
33.36806997695942,612.0159213446329,194.32115373538713,97.65473416084245,638.8487423886874,567.5689595595659,1,HIGH,104.72422206618467,-0.07132943589473939,-1.100578023127035
34.58063648611501,0.0,119.86760762465889,99.53205741230703,-150.48107330859958,-120.68160295099551,0,MEDIUM,-612.0159213446329,1.8773232514645741,1.212566509155593
33.57583674883784,294.38943020735053,159.07684625338624,100.0,130.2362439328508,352.32892456591145,1,MEDIUM,294.38943020735053,0.46794258769297414,-1.0047997372771746
33.290509263701196,2390.0485698117645,205.3408669248317,96.54887735100898,2287.8479919703486,2461.206100489361,1,HIGH,2095.659139604414,-3.451122648991017,-0.28532748513664075
33.76929782872998,2317.8804351221966,151.95688823275296,96.68864618034353,2436.0216276740434,2359.906605586826,1,MEDIUM,-72.16813468956798,0.1397688293345425,0.4787885650287862
33.235043563119035,450.76693431942056,123.06764018272565,99.62305488445821,599.5895671586734,361.2152156678813,1,MEDIUM,-1867.113500802776,2.934408704114688,-0.5342542656109472
33.530141413855404,2254.260727708705,61.64509420201149,97.22720636631414,2048.4757107239884,2282.0239239857415,0,MEDIUM,1803.4937933892843,-2.395848518144078,0.2950978507363686
33.95142340491379,1770.802538137621,221.799545517908,99.03299183914258,1706.4021867399047,1744.989753369117,1,HIGH,-483.45818957108395,1.8057854728284468,0.42128199105838604
34.769631439574994,1691.43281537263,146.4694123824272,97.1599146284944,1833.0488068524226,1629.3597679123716,1,MEDIUM,-79.36972276499091,-1.8730772106481766,0.818208034661204
33.49635725170507,2573.778954885208,280.8686138833449,96.95450388193873,2572.5267332145795,2571.3799370839292,1,HIGH,882.3461395125778,-0.20541074655567115,-1.273274187869923
34.3275896844295,3463.468977515659,279.7239054694875,96.23176933792314,3341.3246310363693,3218.4733023900562,1,HIGH,889.690022630451,-0.7227345440155943,0.8312324327244269
33.4535932260263,1004.8631640335042,164.370570916646,97.51413523465781,961.987983216728,1127.3826646477805,1,MEDIUM,-2458.6058134821546,1.2823658967346745,-0.8739964584031981
34.82556183742108,1453.2425106744608,174.0285925285325,96.90616868700758,1332.0035483813142,1356.6955041140554,1,MEDIUM,448.37934664095667,-0.6079665476502356,1.3719686113947773
32.84265461257641,360.12348231478,164.73827997827365,98.55044365802424,194.19910498505197,370.5869822548696,1,MEDIUM,-1093.119028359681,1.6442749710166567,-1.9829072248446664
35.33297472390029,664.8941071112372,9.115117591893805,99.9276322696611,703.6878600351023,591.7933877081916,0,LOW,304.7706247964572,1.3771886116368677,2.490320111323882
34.14680488467235,1127.8307416337907,208.23262939504323,97.0871691401101,1166.197762452706,842.6027157715308,1,HIGH,462.9366345225535,-2.8404631295509972,-1.1861698392279436
33.97314896477266,1140.766077426547,148.44275494457204,98.212103287076,1149.9038701313586,1075.3356965543621,1,MEDIUM,12.935335792756405,1.1249341469658987,-0.1736559198996872
33.243729018125336,977.3038489134548,92.21419293371189,98.26406113953715,956.9220856373586,994.0954335806769,0,MEDIUM,-163.46222851309233,0.05195785246114326,-0.7294199466473259
34.02886327485219,2006.1931344679915,52.76583941497672,96.63848622928725,2313.266590256449,2241.2561923747653,0,MEDIUM,1028.8892855545369,-1.6255749102498953,0.785134256726856
34.322907870413836,1610.490002520595,9.259924339231473,96.76674775508957,1519.9166791737223,1505.3264490217716,0,MEDIUM,-395.7031319473965,0.12826152580231565,0.294044595561644
34.81358268665141,1529.7150826897398,284.3947404994054,97.02772331017181,1694.9767069629606,1751.996160303594,1,HIGH,-80.7749198308552,0.2609755550822399,0.49067481623757203
35.44311836281563,1994.6576340091738,76.41303575918376,95.24201179044319,2066.7404887311445,1934.5167355515566,0,MEDIUM,464.94255131943396,-1.785711519728622,0.6295356761642239
34.83169470632266,1997.4254509877749,68.98637537017719,97.82365554577858,1928.7742796354971,2129.885896842225,0,MEDIUM,2.767816978601104,2.581643755335392,-0.611423656492974
35.058589575026744,2121.704349254677,40.980169131272426,98.83082441355607,1870.5696562407254,2216.7357060885165,0,MEDIUM,124.27889826690193,1.0071688677774944,0.22689486870408615
35.040557138753634,2855.901604040634,190.3641440679617,95.36814769067689,2761.023152675583,2670.9010483382904,1,HIGH,734.1972547859573,-3.4626767228791806,-0.01803243627310991
33.46371804121007,2619.2967543802356,77.33302261059079,96.70028387724841,2606.7405435792175,2490.7524472704135,0,HIGH,-236.6048496603985,1.3321361865715176,-1.5768390975435622
34.80010016086976,1059.5001562692312,97.30806445687483,98.55408782834633,1176.3940745055968,845.255305383634,0,MEDIUM,-1559.7965981110044,1.853803951097916,1.3363821196596888
33.3710078587017,1233.3359561878053,149.54953702198702,98.15724714363981,1115.6719524627863,1130.4720322923488,1,MEDIUM,173.83579991857414,-0.39684068470651823,-1.4290923021680584
34.279252483418674,1418.4225412090916,277.4815520209542,99.19534682940431,1307.3709278856277,1428.542904404752,1,HIGH,185.08658502128628,1.0380996857645073,0.9082446247169713
33.80759157538397,513.1671588724384,57.94887861925819,99.24324943498974,486.1735156953255,299.55049080641345,0,LOW,-905.2553823366532,0.04790260558542059,-0.47166090803470695
33.89950607378549,2180.925202922001,116.39679095881526,96.69262978330845,2248.1060097314094,2236.884762826156,0,MEDIUM,1667.7580440495626,-2.550619651681288,0.09191449840152188
33.046718036882716,797.7293448370676,12.244148516138655,98.82246384007553,890.5084598005782,826.7213599701323,0,LOW,-1383.1958580849334,2.1298340567670806,-0.8527880369027727
34.77599381860134,1566.5399285766634,110.44800618169168,97.66884670874559,1422.7272774363855,1500.7689971170232,0,MEDIUM,768.8105837395958,-1.1536171313299377,1.729275781718627
33.64916162478482,430.01633812069053,242.4904787049628,97.61153512895758,269.2678375639062,627.9938786175636,1,HIGH,-1136.523590455973,-0.057311579788006384,-1.1268321938165258
34.46613962891087,2421.6924952613213,24.979515236802573,97.06184365441516,2418.3749944560304,2384.840116651156,0,MEDIUM,1991.6761571406307,-0.5496914745424277,0.8169780041260495
34.407234945899425,1322.2446323574113,264.40204794187713,98.27309746520628,1510.4779526198538,1350.0738358240383,1,HIGH,-1099.44786290391,1.2112538107911206,-0.05890468301144125
33.51253779519294,1993.4530798400208,169.39410561040376,98.54457886831791,1928.9157689914991,1987.4750506946639,1,MEDIUM,671.2084474826095,0.27148140311163615,-0.8946971507064845
34.42815456540915,653.3614501243867,32.08322540835694,98.43107886147436,768.6194941792257,432.2110188022361,0,LOW,-1340.091629715634,-0.11350000684355166,0.9156167702162108
34.99067971860518,1353.8883939424966,200.29596376973097,97.26152412129179,1369.2448647585202,1329.5517449598192,1,HIGH,700.5269438181099,-1.1695547401825763,0.5625251531960274
34.13556982773372,303.36503717255624,107.25293617194991,98.00655269938743,231.11314795109334,505.516291326092,0,MEDIUM,-1050.5233567699404,0.745028578095642,-0.8551098908714607
34.81472037025643,2410.7418990348547,219.865280967472,95.94598654901219,2202.874000160095,2457.088506453445,1,HIGH,2107.3768618622985,-2.0605661503752373,0.6791505425227129
33.83802155577493,2340.357344717281,72.2273410024597,97.23927596011528,2262.514088692824,2350.3791856816647,0,MEDIUM,-70.38455431757347,1.293289411103089,-0.9766988144815016
34.79855750652522,813.3091213606497,107.48798235095903,100.0,655.6808795726092,790.0499596178727,0,MEDIUM,-1527.0482233566315,2.760724039884721,0.9605359507502911
34.16770681318748,1942.6885825849488,183.728047545031,97.31486304388866,1860.7753638065485,1898.1698229226254,1,HIGH,1129.3794612242991,-2.685136956111336,-0.6308506933377416
33.46331306703777,127.95510020875604,252.81876463799725,100.0,162.74121387103366,100.897422687538,1,HIGH,-1814.7334823761928,2.685136956111336,-0.7043937461497123
34.444233175176564,2963.6653271972064,109.26998986795408,98.04451421660961,2961.850519134109,3128.439349405527,0,HIGH,2835.7102269884504,-1.9554857833903867,0.9809201081387968
34.728193915979794,597.2492607307975,0.0,98.31456431699972,468.7301536409119,520.4665364238912,0,LOW,-2366.4160664664087,0.2700501003901081,0.28396074080323075
35.00369892670363,2522.512295544091,221.10952262333504,98.21621592588599,2537.941353453906,2481.6891822226817,1,HIGH,1925.2630348132936,-0.09834839111373128,0.27550501072383327
34.77324372650374,1002.3512304247889,179.93653294785628,98.46764107422936,905.5905280819746,1052.7526932061132,1,MEDIUM,-1520.1610651193023,0.2514251483433725,-0.2304552001998843
34.327868985791305,1689.454880838356,205.75271561125646,97.95693087389725,1708.4164410884807,1582.343100391468,1,HIGH,687.1036504135672,-0.5107102003321131,-0.4453747407124382
35.13452662851657,1439.3073454273358,157.870772597064,97.77955633896985,1378.1634093340017,1612.8614682935124,1,MEDIUM,-250.14753541102027,-0.1773745349273952,0.8066576427252627
35.48557884884736,2253.0398312494717,42.409310990273376,96.84437350698897,2236.5036406177974,2559.633960131987,0,MEDIUM,813.7324858221359,-0.9351828319808817,0.35105222033079286
33.38010041159447,2032.6064317921728,73.41293538418506,96.05386176928677,2272.090310533455,2063.9651687656733,0,MEDIUM,-220.43339945729895,-0.7905117377022037,-2.1054784372528914
35.103035511928766,2457.694971923281,245.63401883756325,96.53918212101937,2685.738289569405,2220.5793087172374,1,HIGH,425.0885401311084,0.4853203517325966,1.722935100334297
34.205054383788486,2695.7062872890547,70.3798817210799,96.73057667198289,2545.3509956198586,2634.460968455837,0,HIGH,238.0113153657735,0.19139455096352265,-0.8979811281402803
33.63592238219296,1035.9510064756355,46.77628345295317,97.0471579363958,1177.6326754272777,1103.4887583389398,0,LOW,-1659.7552808134192,0.31658126441291756,-0.569132001595527
33.43781062698254,1212.080379624387,63.606877596291035,100.0,1396.6304536229686,1294.075493295677,0,MEDIUM,176.12937314875148,2.9528420636041943,-0.19811175521041946
34.40054907744355,1078.0189298140865,230.76901835486632,99.21816155225589,1049.4061874448935,1078.4165959393965,1,HIGH,-134.06144981030047,-0.7818384477441072,0.9627384504610106
34.93848785636291,1163.444972866794,234.02455081653682,97.65085531303937,1228.2169626718967,1374.669242280487,1,HIGH,85.42604305270743,-1.5673062392165207,0.5379387789193615
35.582383545522994,1871.1546034135422,172.7625291811901,97.21005180319794,1827.2619080733248,1981.5930736943956,1,MEDIUM,707.7096305467483,-0.44080350984143024,0.6438956891600824
34.96638973394837,601.0562065298536,243.13098452888372,99.48149978296557,602.0671812669925,603.5658800663189,1,HIGH,-1270.0983968836886,2.271447979767629,-0.6159938115746257
33.661355563902944,1201.5077411920126,215.84131059407272,97.83229085876775,1156.6168759912225,1123.1048674019196,1,HIGH,600.451534662159,-1.649208924197822,-1.305034170045424
34.895540607367195,2887.1768790716214,208.6460716121921,97.20538982904496,3024.0354864324577,3029.822448862446,1,HIGH,1685.6691378796088,-0.6269010297227879,1.234185043464251
34.191209790406894,1821.1786342064172,100.55630079424692,99.24748511035929,1664.5670380901636,1811.5166766203083,0,MEDIUM,-1065.9982448652042,2.0420952813143316,-0.7043308169603009
34.079660614260675,0.0,101.17230543693998,97.85409518168787,181.82568360817288,-55.26825388218403,0,MEDIUM,-1821.1786342064172,-1.393389928671425,-0.11154917614621951
34.86976902040261,3498.6105471264173,190.61854205260826,95.31702847662632,3528.943196293806,3634.458155117918,1,HIGH,3498.6105471264173,-2.537066705061548,0.7901084061419326
33.27429357930528,2680.3383638430237,270.3228992372403,96.01287883620063,2703.7677663835284,2669.1279878142736,1,HIGH,-818.2721832833936,0.6958503595743082,-1.595475441097328
34.45101456018703,1306.8932068092993,271.3135227090732,97.68919359390792,1055.9661634557497,1250.7763167912708,1,HIGH,-1373.4451570337244,1.6763147577072885,1.176720980881754
34.28878083713896,123.87612997807413,235.32582546934825,100.0,319.0658300297584,61.26410782160535,1,HIGH,-1183.017076831225,2.310806406092084,-0.16223372304807526
35.16972781449279,588.5221725995967,44.47556831584377,100.0,544.3566706764104,667.2730540464623,0,LOW,464.6460426215226,0.0,0.8809469773538297
34.819331095613364,1627.179271897599,159.23496595248176,98.55953084563293,1655.169738971418,1808.4580212143712,1,MEDIUM,1038.6570992980023,-1.4404691543670651,-0.3503967188794235
35.17673453496773,1611.1354585324273,216.16082103771555,98.3259491289506,1374.2161788227984,1716.0570523593885,1,HIGH,-16.043813365171673,-0.23358171668233751,0.35740343935436414
34.92994267408628,2050.389405079921,81.88338905696504,98.99925048380905,1761.072948522558,2125.5233095941867,0,MEDIUM,439.25394654749357,0.6733013548584523,-0.24679186088145144
34.56221765792662,1724.7186545153381,100.97282872791035,97.8551764305533,1704.0443015845935,1670.6764789494787,0,MEDIUM,-325.6707505645827,-1.1440740532557498,-0.36772501615966036
33.89501172386425,1417.8285850259804,72.20219898902717,97.94878158304961,1459.2371434953066,1346.33829683433,0,MEDIUM,-306.89006948935776,0.09360515249630907,-0.6672059340623662
35.476146274078644,1103.2976105458754,223.5494680155325,94.873658189359,1329.4447849207424,989.7170319787433,1,HIGH,-314.530974480105,-3.0751233936906033,1.5811345502143936
34.67804152541268,1323.210959730206,216.97027388561787,96.64212964974422,1123.614601139599,1439.0740571286894,1,HIGH,219.91334918433063,1.7684714603852143,-0.7981047486659634
34.06977500954734,0.0,99.23289618799826,99.6559068742695,-87.78691854388997,124.43696064692521,0,MEDIUM,-1323.210959730206,3.0137772245252847,-0.6082665158653384
34.10179636133743,467.45275925462914,99.74627240351052,99.92050198525736,579.429131590356,463.60418218020754,0,MEDIUM,467.45275925462914,0.26459511098785526,0.03202135179008536
34.046680408850555,4000.0,52.45389567546987,96.9735299903777,4068.20622342733,3997.142259495553,0,HIGH,3532.547240745371,-2.946971994879661,-0.05511595248687229
35.22443639580216,1180.1729427342916,63.120185863956145,98.41736180088697,1111.0535979306276,1242.0698898236637,0,MEDIUM,-2819.8270572657084,1.4438318105092662,1.1777559869516026
34.69789897144274,1054.0989402864955,270.38452780756944,99.63475248074876,1051.0388790977001,948.8440902534854,1,HIGH,-126.07400244779615,1.2173906798617935,-0.5265374243594181
35.11536317439494,1121.102939954279,281.31200684094966,99.55430385185298,1104.256440881914,1255.1566932688067,1,HIGH,67.00399966778355,-0.08044862889578042,0.4174642029522033
34.04641463671644,1971.4944232841303,63.74780981702845,98.48604218525598,1999.0629935902937,1943.6719528047138,0,MEDIUM,850.3914833298513,-1.068261666596996,-1.0689485376785015
33.56720553008515,3116.6405911487072,245.7115635932543,97.09816134977467,3035.6836054191263,3136.742023329947,1,HIGH,1145.146167864577,-1.3878808354813117,-0.4792091066312949
33.99861057587592,1794.8884965080779,54.320123873394316,98.52705428377755,1813.8300100607835,1813.690874347452,0,MEDIUM,-1321.7520946406294,1.4288929340028744,0.43140504579077543
35.454314526350856,1178.840662744067,239.1604434554437,99.44367184531116,1039.9997162513532,1210.3906508409568,1,HIGH,-616.0478337640109,0.916617561533613,1.455703950474934
33.079606211609786,2152.6628266245693,144.16079179981438,95.91244097876177,2292.8612007176403,2035.079661954277,1,MEDIUM,973.8221638805023,-3.531230866549393,-2.3747083147410706
34.4887149066684,1347.9548002479362,161.6989664921169,96.91281729492293,1311.0387824284608,1576.4804441417307,1,MEDIUM,-804.7080263766331,1.0003763161611658,1.4091086950586131
33.05450675089599,869.7853973971355,198.17119025352085,96.46869145743028,745.355559987215,725.1759402798899,1,HIGH,-478.1694028508007,-0.4441258374926491,-1.43420815577241
34.0395878478095,1320.8905175222687,148.31113612893827,97.58294562760183,1145.506982262978,1391.6762747641915,1,MEDIUM,451.1051201251332,1.1142541701715487,0.9850810969135111
34.967102821771526,2482.530351487437,245.03073481648437,95.85983941579653,2321.656958470695,2502.7678478836697,1,HIGH,1161.6398339651685,-1.7231062118053018,0.9275149739620261
35.215027084323694,2477.525836008917,86.26925584708393,96.95261096197018,2423.242469552381,2355.802356309574,0,MEDIUM,-5.004515478520261,1.0927715461736511,0.24792426255216782
35.02892141893205,1103.4989889741169,300.0,98.3941501007765,1031.763369572265,947.663515619063,1,HIGH,-1374.0268470348,1.44153913880632,-0.18610566539164353
33.74717377010806,202.41777331699626,106.08914855231588,100.0,98.63999266062979,71.16941732318496,0,MEDIUM,-901.0812156571205,1.6058498992235002,-1.2817476488239876
33.45377317080297,1398.9912259305559,7.704141967554786,100.0,1387.3051249592966,1657.118242546328,0,MEDIUM,1196.5734526135595,0.0,-0.29340059930509454
34.769365324001114,2448.36296808101,2.4711470350163642,97.75201627466446,2592.810488152193,2424.5989434478875,0,MEDIUM,1049.371742150454,-2.247983725335544,1.3155921531981463
34.148145783612385,2325.336569085302,77.01787245139525,95.27160728333322,2263.865970961067,1952.5376795784596,0,MEDIUM,-123.02639899570795,-2.480408991331231,-0.6212195403887293
35.086696798972625,1719.4239503974266,216.0805282037795,96.86567622715634,1789.645585568838,1753.5665779621856,1,HIGH,-605.9126186878755,1.5940689438231175,0.9385510153602397
34.56969326056893,1827.0760756493735,181.3898460553593,96.1034603028937,1878.0676158072717,1808.3961410045158,1,HIGH,107.65212525194693,-0.7622159242626481,-0.5170035384036922
35.14107436260026,618.3188755350692,196.256612347336,97.91739960037063,684.2557086473673,400.9326241907742,1,HIGH,-1208.7572001143044,1.813939297476935,0.5713811020313244
34.294445481997236,1203.315303666922,96.69184613384448,98.39075818193594,1189.6291122711696,1155.7431225783948,0,MEDIUM,584.9964281318529,0.4733585815653072,-0.8466288806030207
34.82644399707707,999.6231199777798,282.35192842265286,98.31755281536772,928.1149323328506,1104.4379116704768,1,HIGH,-203.69218368914233,-0.0732053665682173,0.5319985150798345
35.43444084662502,1595.5541067118438,211.20015978267662,97.791466226437,1508.6428247898025,1705.1354526397342,1,HIGH,595.930986734064,-0.526086588930724,0.607996849547952
34.23408480632226,1539.7983201738457,65.16184734344955,97.79016426491667,1522.3431247674177,1730.6153675240917,0,MEDIUM,-55.75578653799812,-0.0013019615203262447,-1.2003560403027649
33.28642942522107,315.3925752538249,11.369794541088595,100.0,467.37588439557237,435.4460180194199,0,LOW,-1224.4057449200209,2.209835735083331,-0.9476553811011854
33.584925790419916,2583.952788043119,242.27770526279548,97.93043942328048,2386.2270701443904,2698.7521243019396,1,HIGH,2268.5602127892944,-2.0695605767195246,0.2984963651988437
33.709697421446926,2498.8119908593176,293.09035974449176,97.09185966431626,2302.8620040707024,2396.16377191901,1,HIGH,-85.14079718380162,-0.8385797589642152,0.12477163102700928
34.64414692786961,889.7568187658896,260.50791266310944,97.45950021371962,966.1581806187583,675.6947298612994,1,HIGH,-1609.055172093428,0.36764054940336166,0.9344495064226876
33.75505019393693,2774.826164297031,264.68455562217366,97.29482527412034,2657.569772158024,2677.855451441507,1,HIGH,1885.0693455311414,-0.16467493959927992,-0.8890967339326821
34.284191163220235,1656.7316199291786,254.22403439205854,97.3324181836685,1662.04136820803,1564.6886978634332,1,HIGH,-1118.0945443678524,0.03759290954815242,0.5291409692833042
34.99449608317461,2946.334167745459,24.108136309203307,96.28221987002388,2838.208922849315,3039.1102404677877,0,HIGH,1289.6025478162805,-1.0501983136446142,0.7103049199543747
33.952481089617486,746.167832898635,180.49194659124788,98.198783085773,1093.473109008625,788.944233396532,1,HIGH,-2200.166334846824,1.9165632157491217,-1.0420149935571246
33.02812969151991,269.4083685836246,106.2946055887356,98.87642588153828,267.37041898010744,425.3472518191347,0,MEDIUM,-476.75946431501035,0.67764279576528,-0.9243513980975777
34.512211063983095,545.3304426009589,120.81037303734054,96.759191908164,660.6974645130084,567.7470547640442,1,MEDIUM,275.9220740173343,-2.117233973374283,1.4840813724631872
33.36996149448034,2149.562464888753,146.9246122215666,97.09416035927404,2392.518212210036,2140.260759688572,1,MEDIUM,1604.2320222877938,0.3349684511100435,-1.1422495695027521
34.31242914058904,0.0,236.03564478808298,98.17701402494336,-11.613152311197442,55.57908540652319,1,HIGH,-2149.562464888753,1.0828536656693188,0.942467646108696
33.59706660641966,1530.620343345831,192.12917784601848,97.397283008052,1635.324553084715,1714.963684173045,1,HIGH,1530.620343345831,-0.7797310168913612,-0.7153625341693797
33.10390101258613,2595.25709590009,63.39389369678052,97.82721648378131,2588.5040815324423,2731.2902223625083,0,HIGH,1064.636752554259,0.42993347572931384,-0.4931655938335311
33.92173409204584,1482.6908745745666,145.9037103189958,97.5466123615339,1864.61856471862,1603.8872646434295,1,MEDIUM,-1112.5662213255234,-0.2806041222474107,0.8178330794597102
34.49098690881368,151.95676118317658,26.405756100420607,99.96034204770275,203.44511039291342,257.53622796311316,0,LOW,-1330.73411339139,2.4137296861688498,0.5692528167678432
34.798190174210816,805.7673737417007,59.41762381097918,98.3927355211477,791.6211294346557,856.0800688203326,0,LOW,653.8106125585241,-1.5676065265550534,0.30720326539713483
33.652633733882766,1229.893722731682,75.37268234468438,98.88260746385414,1067.0478995265462,1122.0539942349453,0,MEDIUM,424.12634898998124,0.4898719427064435,-1.1455564403280505
35.1274269234001,1883.9243369058322,218.87870106112496,98.47675765389644,1576.5954295402817,1950.8025274294475,1,HIGH,654.0306141741503,-0.4058498099577008,1.4747931895173352
35.96924734472027,1307.2447810277945,212.0961487125408,97.60886282147719,1546.939203523847,1408.595114089592,1,HIGH,-576.6795558780377,-0.8678948324192532,0.8418204213201719
34.130009276461216,635.7145445587445,154.2884332403432,96.68558023902027,807.3272356878099,719.4125834291399,1,MEDIUM,-671.53023646905,-0.9232825824569204,-1.839238068259057
34.43928064566332,1556.699431014138,241.34672062855634,97.64340182948523,1684.3045237162492,1572.0682961266475,1,HIGH,920.9848864553936,0.9578215904649596,0.30927136920210074
34.727030875979054,943.7576655159771,48.27524065816349,99.0558137935604,863.2016172781075,948.1126527358836,0,LOW,-612.941765498161,1.4124119640751758,0.2877502303157371
33.82057532659098,1228.7849611218833,123.40509888439367,99.20774193841565,1261.2761459976214,1299.238964957142,1,MEDIUM,285.02729560590615,0.15192814485524764,-0.9064555493880704
33.624953078577796,0.0,181.26945802595725,98.11809354094186,102.52863775920221,33.42055160777714,1,HIGH,-1228.7849611218833,-1.0896483974737947,-0.19562224801318706
34.823316614024755,1170.1777396100622,18.25085439715068,98.14583604370169,1119.0398441242364,1105.3489027303442,0,LOW,1170.1777396100622,0.027742502759835475,1.1983635354469584
33.84103473935491,169.52302451911478,215.10582617596816,99.75764942282794,238.1964563009399,106.61672068859039,1,HIGH,-1000.6547150909474,1.6118133791262466,-0.9822818746698445
33.80435903497885,0.0,61.59530388111835,98.92978680914057,202.36879490170224,-103.23744202564743,0,MEDIUM,-169.52302451911478,-0.8278626136873726,-0.036675704376058604
34.832673757636684,0.0,216.26763415159706,100.0,38.02853325450228,1.393420687059315,1,HIGH,0.0,1.070213190859434,1.0283147226578322
34.30114941286467,3441.483976060716,142.28764983769855,96.81285953652174,3503.0434086914343,3430.9707703813588,1,HIGH,3441.483976060716,-3.187140463478258,-0.5315243447720164
33.610624990810095,0.0,30.296139763784083,100.0,-125.1544446444685,-133.48973481517612,0,LOW,-3441.483976060716,3.187140463478258,-0.6905244220545725
33.659878346862314,2180.96027832208,83.38757130397101,97.99539249596371,2220.8320396484737,2169.3857118838455,0,MEDIUM,2180.96027832208,-2.0046075040362865,0.04925335605221903
34.354389740217094,2273.288406701149,29.44505443124726,98.36525265864682,2370.576285421886,2277.0268826656315,0,MEDIUM,92.32812837906931,0.3698601626831106,0.6945113933547802
33.6958122848904,1615.196989581667,108.74165888311052,97.84629261839002,1557.9503492737379,1551.9931815026828,0,MEDIUM,-658.0914171194822,-0.5189600402568004,-0.658577455326693
33.255755459781014,3218.401744698541,75.8761463897553,95.48414245907814,3151.823647822486,3357.8623184745493,0,HIGH,1603.204755116874,-2.3621501593118808,-0.44005682510938726
34.2743281788394,1373.2568587775645,10.28200628602167,98.58994364334016,1390.2342173904003,1433.4809624796894,0,MEDIUM,-1845.1448859209763,3.1058011842620203,1.0185727190583833
35.09295222722134,0.0,48.558559499389006,98.8149950330014,-31.83529883255859,-113.67711944349115,0,LOW,-1373.2568587775645,0.22505138966123184,0.8186240483819418
33.79103563506224,1606.5754585775967,46.75967003064695,95.5985891535622,1509.4524539653994,1567.1344410511322,0,MEDIUM,1606.5754585775967,-3.2164058794391934,-1.3019165921591025
35.00912667784266,1109.8700701460602,83.63835849772093,98.47638617369614,1189.1107526425792,1014.0375686388786,0,MEDIUM,-496.70538843153645,2.87779702013394,1.2180910427804221
34.18306271882999,0.0,1.9096724999083854,97.84785313308754,-268.5146457190346,158.54544640310945,0,LOW,-1109.8700701460602,-0.6285330406086018,-0.8260639590126715
34.45146427139078,1423.3313480649551,204.76269794874733,100.0,1500.2996982766033,1650.5587335438072,1,HIGH,1423.3313480649551,2.15214686691246,0.2684015525607961
33.64020080683062,941.7373162300946,18.33901757024782,99.54065724319403,948.4689854279326,1062.248805928648,0,LOW,-481.5940318348605,-0.4593427568059667,-0.8112634645601631
33.99448793815279,651.6364821364776,228.12862596856237,97.24447272694859,606.914558378368,631.9443109660668,1,HIGH,-290.100834093617,-2.2961845162454466,0.3542871313221667
34.59252647502503,128.39617156163757,183.73588333181533,99.38807012988043,195.59571798631103,267.9599848671429,1,HIGH,-523.2403105748401,2.143597402931846,0.5980385368722452
33.81175454660488,1896.5365030386254,220.80561316715034,96.91529274698914,1915.1470673700856,1581.370926524141,1,HIGH,1768.1403314769877,-2.4727773828912945,-0.7807719284201511
33.7076609147284,2237.216258779579,121.88345779228572,94.94252568555216,2259.940559932202,2423.1547680362123,1,MEDIUM,340.67975574095385,-1.9727670614369828,-0.10409363187648069
32.593657966812906,504.02950929721624,285.41348174373957,99.71374315495515,637.8956788174255,419.58643786850746,1,HIGH,-1733.186749482363,4.771217469402998,-1.1140029479154947
35.053166822844645,420.5933912183681,170.2626746327308,99.17279056229422,348.4876016792338,410.05445705971795,1,MEDIUM,-83.43611807884815,-0.5409525926609291,2.4595088560317393
34.115393553497846,878.8918499407115,184.50389904058812,98.97724297279274,1078.0414134128257,1206.3084295682927,1,HIGH,458.2984587223434,-0.1955475895014871,-0.937773269346799
32.39314131407985,2228.217717314479,151.7543628154169,96.38335824359923,1981.8762437748317,2443.332430579465,1,MEDIUM,1349.3258673737678,-2.5938847291935048,-1.7222522394179975
34.161781655221745,3216.701518913088,120.87085063015675,97.84054314362463,3214.043346800441,3299.734946365076,1,HIGH,988.4838015986088,1.4571849000253962,1.7686403411418965
34.17573373117912,1495.9304190343871,34.104329119615336,96.1838247453426,1427.7857485988739,1540.7925426240492,0,MEDIUM,-1720.7710998787009,-1.656718398282024,0.01395207595737702
33.863444194492686,2297.4065992447217,108.49544484368207,96.88520081268153,2285.630353373539,2328.884004768079,0,MEDIUM,801.4761802103346,0.7013760673389271,-0.31228953668643555
34.790813658703684,2079.6476751147557,122.18315694289227,97.88195162254053,2263.41775829443,1987.1065785825651,1,MEDIUM,-217.7589241299661,0.9967508098589946,0.9273694642109973
33.22572737043666,782.8885791142053,82.22504019230978,97.8280011206545,896.3012455064212,592.4506322435659,0,MEDIUM,-1296.7590960005505,-0.05395050188602113,-1.5650862882670253
33.43143074284235,2706.3182844015428,279.80039612880984,96.14356075963113,2552.4607143600333,2692.300736620298,1,HIGH,1923.4297052873376,-1.684440361023377,0.20570337240569359
35.496405810456864,340.4014972096283,171.01385250152603,99.62099505464985,165.94990840550412,504.4722508152756,1,MEDIUM,-2365.9167871919144,3.4774342950187247,2.0649750676145118
33.937297576459954,2763.336280506872,177.99153377211573,97.15230431210135,2740.9821269953763,2808.453287039973,1,HIGH,2422.9347832972435,-2.468690742548503,-1.5591082339969091
34.30551891900097,1383.1580677147308,254.7856276333751,97.30624102149116,1606.7541334518914,1328.4939613086103,1,HIGH,-1380.178212792141,0.15393670938981074,0.3682213425410126
34.053160810720144,2418.3998073300863,106.89194162317945,96.26243848889692,2441.135933179427,2225.9067913928575,0,MEDIUM,1035.2417396153555,-1.043802532594242,-0.2523581082808235
33.9359313146244,1668.615571225776,5.098644395298352,96.51750691413584,1918.4802991240267,1776.0394435278815,0,MEDIUM,-749.7842361043104,0.2550684252389175,-0.11722949609574584
34.57141317618559,1815.9070630917001,124.67717663982924,95.84047950580234,1925.5115820933504,1941.7598779268128,1,MEDIUM,147.29149186592417,-0.6770274083335011,0.635481861561189
35.52641662394089,2423.4869674878073,264.96337075793053,96.6960732775064,2407.725319352941,2558.85608231024,1,HIGH,607.5799043961072,0.8555937717040649,0.9550034477553027
34.20622577557821,1513.4183711208289,139.12419893807004,95.42646343282793,1525.8226488887071,1487.7785371214122,1,MEDIUM,-910.0685963669785,-1.2696098446784703,-1.320190848362678
33.088586155990185,1649.1729986954356,273.56185270765144,95.86241999753008,1808.733090334549,1624.1366199825954,1,HIGH,135.75462757460673,0.4359565647021526,-1.1176396195880258
35.14685356024409,3227.459241574361,158.1717981429643,97.32481507397668,3244.697165248158,3044.305400182829,1,HIGH,1578.2862428789253,1.4623950764465974,2.058267404253904
34.35572141565908,1262.6737689276245,75.21142089038506,97.16702593854507,1395.928063446495,1149.1466216671688,0,MEDIUM,-1964.7854726467365,-0.15778913543161366,-0.7911321445850064
35.04468178147287,2113.6012611687615,194.24081794182794,97.35972502379511,2051.090650236452,2099.6387545797875,1,HIGH,850.9274922411371,0.19269908525004098,0.6889603658137844
34.552864006054044,2017.117538195694,180.27881008033347,94.81484738491227,2060.3612198266064,2104.5776139901945,1,HIGH,-96.48372297306764,-2.544877638882838,-0.49181777541882354
34.717495526965465,2147.010886322935,207.70547124249825,95.94649531752455,1896.1162711673571,2002.3753956255875,1,HIGH,129.89334812724132,1.1316479326122817,0.16463152091142064
34.530119398927475,2207.328865959267,114.06740973343994,95.70457255836524,2299.850391647381,2271.561332592311,0,MEDIUM,60.317979636331984,-0.2419227591593085,-0.18737612803798953
36.025441475631084,1481.9607732634224,229.3027305013287,97.731355751854,1426.752110092124,1486.1717008373153,1,HIGH,-725.3680926958448,2.026783193488754,1.4953220767036086
35.20031399741142,731.6305247979849,269.0560362461325,98.97029152938839,874.4095992451498,578.7689701778867,1,HIGH,-750.3302484654375,1.2389357775343939,-0.8251274782196631
33.43594538002221,1388.1134297048723,162.14561487836238,99.28821181261877,1323.3656898195802,1383.814709075858,1,MEDIUM,656.4829049068874,0.3179202832303787,-1.7643686173892092
33.29631182378878,907.0560784767985,266.411402438792,99.20564106016538,756.989209559694,911.494098637103,1,HIGH,-481.0573512280738,-0.08257075245339252,-0.13963355623343432
34.685020553484776,3122.9278159355745,26.979105106854725,96.25624388419374,3123.467887070131,3367.7745210098365,0,HIGH,2215.871737458776,-2.94939717597164,1.388708729695999
33.88827840941029,1923.4960873688733,288.4376873516478,95.89439362066496,2242.144091173399,2024.1476665426592,1,HIGH,-1199.4317285667012,-0.3618502635287797,-0.7967421440744857
34.81430979312074,1918.4615119151315,15.783767559679982,98.32980502825689,1909.835293965078,2067.076290369009,0,MEDIUM,-5.034575453741809,2.4354114075919284,0.9260313837104519
34.89051841564072,2379.1167575703207,21.66703358730601,96.56539007296344,2422.2385932875277,2353.0150775407587,0,MEDIUM,460.6552456551892,-1.7644149552934465,0.07620862251997806
35.421590311155406,2007.0255234969306,184.95586408672403,97.78897947528927,1998.3359376720489,1879.4899206398907,1,HIGH,-372.09123407339007,1.2235894023258282,0.5310718955146854
34.06521405413154,0.0,211.20634782847534,97.72547089030375,69.78164274443003,19.859831653646083,1,HIGH,-2007.0255234969306,-0.06350858498551304,-1.356376257023868
34.31317674020292,1537.5705913995175,55.855218070691876,98.33757947454576,1491.488545777384,1435.532678260579,0,MEDIUM,1537.5705913995175,0.6121085842420086,0.24796268607138217
34.237372125511314,1000.526572125392,108.74749943332088,98.6821851306607,1027.5856942641124,1105.3222648528276,0,MEDIUM,-537.0440192741255,0.3446056561149362,-0.07580461469160582
33.764182679703126,727.4528054994713,65.3798174083497,99.16942920189852,619.3139939467808,725.295076616545,0,MEDIUM,-273.0737666259207,0.487244071237825,-0.4731894458081882
34.96470873057609,1662.4480083080705,147.11290724145843,95.11974519885013,1667.6713073348774,1697.5210207568477,1,MEDIUM,934.9952028085992,-4.049684003048398,1.2005260508729663
33.8366182320645,638.8985930816342,74.87964246889702,97.5341421980693,690.9153618131002,849.1281694509547,0,MEDIUM,-1023.5494152264363,2.4143969992191785,-1.1280904985115896
33.43122602468734,2910.7255511767976,116.26113744888235,96.0406811805776,2928.905615823898,3037.957307269925,0,HIGH,2271.8269580951633,-1.4934610174917111,-0.40539220737716164
36.36798487764543,1278.0766454366699,245.08832558903475,98.52428428354503,1361.36244065821,1293.1545596933222,1,HIGH,-1632.6489057401277,2.483603102967436,2.936758852958093
33.98929355290121,1033.8050838736106,85.19724728308128,100.0,984.8406081782932,1027.2112467638315,0,MEDIUM,-244.27156156305932,1.475715716454971,-2.3786913247442243
33.8979379417257,1005.1791343813019,178.43463693512516,100.0,1046.2818660092812,934.8824940856763,1,MEDIUM,-28.625949492308678,0.0,-0.0913556111755085
33.20888830086058,1676.2846964748176,117.86684545696815,97.20722776035346,1652.6052196111496,1601.4677892519396,0,MEDIUM,671.1055620935157,-2.7927722396465384,-0.6890496408651217
34.490788728203654,1329.1736256140439,224.96433496882503,98.49873902185567,1433.9571585642655,1546.9279291462822,1,HIGH,-347.1110708607737,1.2915112615022082,1.281900427343075
33.89808447968352,501.72913724220257,293.68578506042513,98.6748996643206,643.0290085232783,468.5514249140016,1,HIGH,-827.4444883718413,0.1761606424649358,-0.5927042485201355
34.7036961368096,1386.5191985788897,1.2000903313050277,99.6799771406338,1395.6767064226551,1425.1902646601766,0,MEDIUM,884.7900613366871,1.0050774763131898,0.8056116571260787
35.154222995893655,611.101327111894,186.2328460426067,97.01997720330452,851.1137356607111,625.0851042451889,1,HIGH,-775.4178714669957,-2.6599999373292746,0.4505268590840572
34.81256394797367,1110.0455309925094,259.2222987662818,96.55000282261209,1124.0168314749171,1197.684378999546,1,HIGH,498.9442038806154,-0.4699743806924346,-0.3416590479199826
34.838896693418775,2072.9440484763186,193.7572364882238,98.35675095209665,2209.097817866796,1907.7323191185233,1,HIGH,962.8985174838092,1.8067481294845606,0.026332745445103
35.61031312501469,2767.655915150277,224.80273397177794,97.042767323232,2699.0973776373157,2714.8486082122145,1,HIGH,694.7118666739584,-1.3139836288646478,0.7714164315959167
34.321466766583534,1096.165552321991,297.0858203860673,98.99675687177522,1122.6562355524165,1252.7856432036124,1,HIGH,-1671.490362828286,1.9539895485432197,-1.288846358431158
33.45406139984275,2049.268440827524,288.9249063412886,97.4315888602999,2101.36941809176,2005.4141799655677,1,HIGH,953.102888505533,-1.565168011475322,-0.8674053667407833
34.05025026684016,1976.3993192815587,0.0,95.90039667758758,1852.8583417626137,1951.7074242873866,0,MEDIUM,-72.8691215459653,-1.5311921827123172,0.5961888669974087
34.6384680775654,2033.1747943167904,119.63529235664818,95.39767798770963,2067.8773381676665,2022.692023472259,0,MEDIUM,56.77547503523169,-0.5027186898779519,0.58821781072524
34.29485894292424,1086.6785199237252,30.51005862047768,98.02941394109602,1257.6544242320685,877.0199751645606,0,LOW,-946.4962743930653,2.6317359533863964,-0.34360913464115583
33.062363696589635,1334.7560039091409,274.5854887842566,96.94399798549865,1303.7660777649096,1595.3452580920898,1,HIGH,248.0774839854157,-1.0854159555973695,-1.232495246334608
35.87611586765311,2878.2120891665995,198.5620861949934,96.50969510036391,3003.854091537015,2829.8223164080778,1,HIGH,1543.4560852574587,-0.43430288513474125,2.813752171063477
33.65990028372385,2487.416251790796,29.305914444515704,98.37704394031506,2618.2998588429546,2641.7833979961315,0,MEDIUM,-390.79583737580333,1.8673488399511484,-2.2162155839292623
34.56346251236893,1017.9765961724434,0.0,99.9547456066576,1111.840289142755,956.8959185409037,0,LOW,-1469.4396556183528,1.5777016663425343,0.9035622286450788
34.44197039081081,2742.306364569069,34.56224777099322,98.42909290671017,2620.056132704622,2744.402449177271,0,HIGH,1724.3297683966257,-1.525652699947429,-0.12149212155811995
34.162866774277816,0.0,106.25356140945058,98.061806270732,-38.56236449781579,-117.73368008248696,0,MEDIUM,-2742.306364569069,-0.3672866359781608,-0.27910361653299276
33.62614165321711,1157.7296985092182,248.6923557790143,97.02420292347522,1272.9652967507266,1148.2123698572425,1,HIGH,1157.7296985092182,-1.0376033472567912,-0.5367251210607051
34.41719033448463,982.8240973255879,218.28868520457698,98.49074373326737,1109.5012880313432,1068.5747551325953,1,HIGH,-174.90560118363032,1.46654080979215,0.7910486812675188
32.75930820779386,1611.379535242947,141.52985602347857,97.81892598184511,1593.5599912888642,1641.586418206385,1,MEDIUM,628.5554379173591,-0.6718177514222532,-1.6578821266907724
34.49162498089427,238.34316338613905,115.4105497667624,99.02847590725654,295.7943442773028,222.94418740408213,0,MEDIUM,-1373.0363718568078,1.209549925411423,1.7323167731004148
33.93822558683484,828.9096602063398,90.50880700689859,99.18573345002282,911.0058916966876,802.0854778528011,0,MEDIUM,590.5664968202008,0.15725754276628834,-0.5533993940594328
33.613098428180464,1619.1828856844045,82.5054818396401,97.86787008462284,1520.2874032580962,1849.596026106023,0,MEDIUM,790.2732254780647,-1.3178633653999867,-0.32512715865437514
32.58605368357272,1736.3696674155528,31.50714813814955,96.97657848320904,1711.6917623763713,2032.1001615413513,0,MEDIUM,117.18678173114836,-0.8912916014137977,-1.0270447446077426
35.117115995147884,1380.0146862874337,43.968968834376355,96.63590640071467,1439.52470540968,1434.545065399423,0,MEDIUM,-356.3549811281191,-0.34067208249436476,2.5310623115751625
34.65200723854243,799.798330635284,290.43484603074825,99.36136145468612,664.8656332076733,755.7955212788074,1,HIGH,-580.2163556521498,2.7254550539714444,-0.4651087566054528
34.59032011854294,322.2476753991742,0.0,100.0,194.19404663214516,100.83581797269144,0,LOW,-477.5506552361097,0.6386385453138814,-0.06168711999949039
34.496188284311266,2388.3371510249544,127.09341771303305,97.48714071228918,2694.494391556684,2482.4623255367364,1,MEDIUM,2066.0894756257803,-2.5128592877108247,-0.09413183423167482
33.72326984977425,551.1912351415094,236.0238229805644,98.12773354318936,650.2792352301747,328.0350079695072,1,HIGH,-1837.145915883445,0.6405928309001894,-0.7729184345370186
34.34979045264771,554.9009059406569,231.43441227975737,98.91561360396074,374.2067382699991,644.4815967542729,1,HIGH,3.7096707991474887,0.7878800607713714,0.6265206028734625
35.41670980036678,914.1845681364548,277.43010009314537,97.85835829322657,987.6990352281198,847.7390732899778,1,HIGH,359.2836621957979,-1.0572553107341633,1.0669193477190717
35.05649947741342,0.0,13.513747149093145,98.91785277414216,-60.10007884785783,197.50770144737598,0,LOW,-914.1845681364548,1.059494480915589,-0.36021032295336397
34.58532489472377,530.4929915664843,79.47408821102371,98.51394469988946,505.8563187111276,485.8713082215746,0,MEDIUM,530.4929915664843,-0.4039080742526977,-0.47117458268964896
34.686953818640276,1141.5410420613734,91.04134522112784,95.96182258685477,1203.6799217077669,1043.732829741942,0,MEDIUM,611.0480504948891,-2.5521221130346987,0.10162892391650757
34.17470797691395,1537.481427365611,193.7330391247935,95.33438242646815,1478.5703038299212,1332.3718314934247,1,HIGH,395.94038530423745,-0.6274401603866124,-0.512245841726326
34.85318146062191,712.2266051899653,129.26016171135603,98.80849538906342,852.8493365685308,800.9417003600055,1,MEDIUM,-825.2548221756456,3.474112962595271,0.6784734837079611
33.744304333993526,1710.2160261611548,246.25303474687308,96.5568172470387,1726.779853474511,1602.0818309642855,1,HIGH,997.9894209711895,-2.25167814202473,-1.1088771266283857
34.52836251928744,364.4010416597284,218.71737243736277,97.51701355158498,446.4394713713105,426.28710444796025,1,HIGH,-1345.8149845014264,0.9601963045462867,0.7840581852939152
34.07135802343154,1470.9778683950533,199.8981242233306,97.45603767504198,1333.6383285060847,1333.798841786292,1,HIGH,1106.5768267353249,-0.0609758765429973,-0.4570044958558981
35.7217481861542,3183.7183775524813,278.22053956905677,95.53901856116067,3152.196514736386,3078.1798760546303,1,HIGH,1712.740509157428,-1.9170191138813095,1.6503901627226583
33.493597631946464,2412.288169141205,171.93977056851998,98.30813626648441,2523.450314676736,2192.4654475915427,1,MEDIUM,-771.4302084112765,2.769117705323737,-2.228150554207737
33.41192759176275,1360.633493971573,266.821358933506,96.62101697397904,1382.4508649312893,1217.0355281897941,1,HIGH,-1051.654675169632,-1.687119292505372,-0.08167004018371671
34.444410761712206,1382.5470817608734,268.1910532733233,97.79797916508237,1264.6740680919468,1635.343003297326,1,HIGH,21.913587789300436,1.1769621911033283,1.032483169949458
34.106704508628454,1453.4958803056636,206.6419951120416,97.38235677819316,1509.7023578397825,1483.6415207421014,1,HIGH,70.94879854479018,-0.41562238688921127,-0.337706253083752
34.38268720196164,2377.1226637072173,2.438688186895596,100.0,2453.0625709727465,2537.1426750109968,0,MEDIUM,923.6267834015537,2.617643221806844,0.2759826933331837
32.923524294016154,1854.206913287692,186.72492096238335,96.177055510355,1923.2018579248922,1857.0539553887522,1,HIGH,-522.9157504195252,-3.8229444896449962,-1.4591629079454833
34.299702917587545,826.7544227782467,203.1400201978388,99.37399428958919,790.7468754816764,555.1309589916052,1,HIGH,-1027.4524905094454,3.1969387792341877,1.3761786235713913
34.54754778361858,1293.9676777134218,253.15548403845304,98.0141914242545,1388.020517540199,1441.409036936025,1,HIGH,467.2132549351751,-1.3598028653346859,0.24784486603103772
34.42404266359299,2334.220261227348,129.29590136214088,99.33252461585218,2332.106564504261,2208.563063007945,1,MEDIUM,1040.2525835139263,1.3183331915976737,-0.123505120025591
32.96465489189378,2901.223485124714,46.579442714333446,98.08156758885303,2901.708466403191,2855.6057320032846,0,HIGH,567.0032238973658,-1.2509570269991457,-1.4593877716992125
35.05028462080187,3149.7370337821276,72.79235451195058,94.18201217592161,3120.864942065004,2932.7605203587736,0,HIGH,248.5135486574136,-3.89955541293142,2.0856297289080885
35.32319262795417,1243.5655307394536,174.41813969219223,97.69255861311406,1405.6131270868848,1127.7760146013914,1,MEDIUM,-1906.171503042674,3.5105464371924455,0.2729080071523029
35.39723539260362,2132.702513951349,182.42827476114502,98.25498314339406,2072.64476533032,2185.2846558148603,1,HIGH,889.1369832118953,0.5624245302799977,0.07404276464944815
34.61416219908336,1567.8855319067961,197.0434412658549,96.81672723561647,1653.9793889891187,1547.1738617588096,1,HIGH,-564.8169820445528,-1.438255907777588,-0.7830731935202593
33.202024353738906,1256.3108734295174,119.39361322238257,100.0,1339.5070596062615,1333.2676987470436,0,MEDIUM,-311.5746584772787,3.1832727643835312,-1.4121378453444535
34.52001995967599,1367.576467601798,67.47893142065674,97.65652197313665,1282.9637752353176,1366.4230167505355,0,MEDIUM,111.26559417228054,-2.3434780268633517,1.3179956059370852
34.395049365402905,2004.1043872581042,204.39504000810362,95.21571902245284,2034.8788038859575,1619.1883102579857,1,HIGH,636.5279196563063,-2.4408029506838034,-0.12497059427308699
34.55743214993867,4000.0,92.19239297780155,95.20085831574008,3984.1195006184207,4048.131433414439,0,HIGH,1995.8956127418958,-0.014860706712767069,0.16238278453576527
32.893287861517514,1216.8509479596053,234.22915045325774,97.51892248541317,1092.8267762144324,1120.0124636976036,1,HIGH,-2783.149052040395,2.318064169673093,-1.6641442884211557
35.00568929755991,3053.7458047211844,221.51646829733104,97.04949422034447,3147.2165010493077,3039.012786901243,1,HIGH,1836.8948567615791,-0.46942826506870006,2.112401436042397
34.13515278959002,2132.7549685986532,121.40453796146757,96.70547760700873,2063.531047700175,2211.7267694953025,1,MEDIUM,-920.9908361225312,-0.3440166133357394,-0.8705365079698879
33.40036161401031,1444.6228697498298,72.45333768910137,97.79658494959901,1592.4267341935185,1437.4180066513939,0,MEDIUM,-688.1320988488235,1.091107342590277,-0.7347911755797156
32.58130710821023,2210.886887575772,73.47538698622951,96.53648062092074,2344.8206835406636,2219.487786104255,0,MEDIUM,766.2640178259423,-1.260104328678267,-0.8190545058000751
34.433013362853785,1983.3931412772026,281.35105978777085,96.10393397912955,1979.2915541057896,1971.17261866241,1,HIGH,-227.49374629856948,-0.4325466417911912,1.8517062546435525
33.76559663234024,1116.7407372621547,118.43545409455774,96.31125112078416,1160.2532203866429,1282.73215431087,0,MEDIUM,-866.652404015048,0.20731714165461312,-0.6674167305135441
33.77930390952967,1183.4955353270238,77.93867831218022,99.09800727353293,1286.4170101319414,1098.8637643457148,0,MEDIUM,66.75479806486919,2.786756152748765,0.013707277189432432
33.426212717092284,1489.2213166336023,143.85148869753914,97.45552817836246,1734.9207328678222,1511.841739860292,1,MEDIUM,305.7257813065785,-1.6424790951704722,-0.3530911924373896
34.68336998812147,1544.4634386268342,134.02117480306725,99.28929383119304,1563.277143395618,1706.9331639465754,1,MEDIUM,55.242121993231876,1.8337656528305786,1.257157271029186
34.59826646429214,796.0241973258697,63.50614953292528,99.43503821153367,701.2549111247345,768.1718208552081,0,MEDIUM,-748.4392413009645,0.14574438034063064,-0.08510352382933206
34.92353045144402,2089.3384061754095,35.97008057745819,98.50948997009952,2109.707211017157,2018.4064027789625,0,MEDIUM,1293.3142088495397,-0.9255482414341429,0.3252639871518852
34.894948491030725,668.5040075557024,135.82815566067055,97.52391218266976,829.1239776852582,576.7464093798889,1,MEDIUM,-1420.8343986197071,-0.9855777874297615,-0.02858196041329819
34.857822477213766,1634.8690791461095,218.58449436748222,98.00966397894206,1764.4585494274543,1565.9207630422102,1,HIGH,966.3650715904071,0.4857517962722966,-0.0371260138169589
35.605135550095774,1208.4593316575663,266.40647006410796,97.30626197174442,1182.0740846446834,1221.3078226183086,1,HIGH,-426.4097474885432,-0.7034020071976386,0.7473130728820081
34.30314311396329,990.3533421464166,168.9912030815756,99.16094298678675,1055.0107118936198,940.135029940296,1,MEDIUM,-218.1059895111497,1.8546810150423312,-1.3019924361324868
34.39957383089353,1270.9721506777441,143.75212271581887,96.3737494453329,1259.3560822889544,1215.4490662981593,1,MEDIUM,280.61880853132755,-2.7871935414538456,0.09643071693024297
33.42367568987942,2782.02439642758,149.8903686067499,96.5630972582318,2741.5611490334877,2802.3364472099825,1,HIGH,1511.052245749836,0.18934781289890168,-0.9758981410141132
33.96102545703337,829.2791699566193,159.83183400566588,97.79626909228107,742.7420287882436,886.5936947039879,1,MEDIUM,-1952.745226470961,1.2331718340492586,0.5373497671539553
34.03788619262029,2480.5351369488544,230.63483449873183,97.16387953610062,2435.0201615720102,2519.3757355923567,1,HIGH,1651.2559669922352,-0.632389556180442,0.0768607355869193
33.6641037558079,1163.1337228508994,119.85270773346241,96.53843111627049,1408.4013890513036,1353.795027877612,0,MEDIUM,-1317.401414097955,-0.6254484198301355,-0.373782436812391
34.79044861391181,1566.324474962366,135.3257853745793,96.2994010785352,1270.9673421836026,1318.2250267639151,1,MEDIUM,403.1907521114665,-0.23903003773529008,1.1263448581039128
35.141144479723756,2488.7902051474102,77.61589281130385,95.82329634539923,2456.640601633016,2538.887709607381,0,MEDIUM,922.4657301850443,-0.4761047331359691,0.350695865811943
34.534413931732324,2147.310357808333,142.15197379806818,97.5537216511649,2004.0675903587598,2144.562682830362,1,MEDIUM,-341.4798473390774,1.730425305765678,-0.6067305479914324
35.41645522010157,2097.152569297629,160.30303662494862,96.47861797909665,2071.4087835177656,2033.134841500393,1,MEDIUM,-50.157788510703995,-1.075103672068252,0.8820412883692441
35.1348047455266,1990.877710763802,57.07198840233772,97.1720150641355,2040.5033710112305,1997.3388225198032,0,MEDIUM,-106.27485853382677,0.6933970850388391,-0.28165047457496684
34.30772979145273,1512.7625856159675,247.66788473444143,97.29291002513926,1622.1604136766223,1353.990200249081,1,HIGH,-478.11512514783453,0.12089496100377062,-0.827074954073872
34.73022053616418,1124.3669583161509,48.20989089239276,96.63608650430136,1190.255683577584,1055.5422452488087,0,LOW,-388.3956272998166,-0.6568235208379036,0.4224907447114532
34.32386515593196,2594.775667517357,125.41295325208777,99.29550103482002,2419.7676975092704,2615.353941828674,1,HIGH,1470.408709201206,2.65941453051866,-0.4063553802322204
33.27496394685632,830.1630215629692,194.15477575379575,96.89138033169895,811.5210607618696,871.1046744742877,1,HIGH,-1764.6126459543875,-2.404120703121066,-1.0489012090756447
33.728551213245076,2241.029913434992,158.50436276632922,95.46872429728819,2237.5343565207695,2207.8440721490197,1,MEDIUM,1410.8668918720227,-1.422656034410764,0.4535872663887588
34.30197004773617,1401.7273795776657,103.63260730883377,98.83224122864739,1314.919337340924,1321.279655784067,0,MEDIUM,-839.3025338573264,3.3635169313592,0.5734188344910933
34.089636633001604,2374.591911313739,77.73281763875761,96.13596115394856,2326.9463677649574,2417.9818606297026,0,MEDIUM,972.8645317360731,-2.6962800746988336,-0.2123334147345659
34.03001803513355,2188.699959929682,81.96444411674963,93.98078826737797,2120.2463207182454,1978.8123978258695,0,MEDIUM,-185.89195138405694,-2.1551728865705826,-0.05961859786805235
34.40100359356227,2359.0699217412534,271.6421852210717,99.52045623426713,2225.5002239160203,2366.7069133762066,1,HIGH,170.36996181157156,5.539667966889155,0.37098555842872116
34.67641538255588,2418.743737127121,261.4755200892538,97.26043950604922,2193.474651458029,2325.522305157081,1,HIGH,59.67381538586778,-2.260016728217906,0.2754117889936083
33.670639924417756,1774.5868676301814,91.90496024249761,96.86843415834304,1490.1456379813878,1708.6643316385957,0,MEDIUM,-644.1568694969399,-0.39200534770618845,-1.0057754581381246
34.66150890418164,1766.1515797869477,72.45072278821438,96.71870880631693,1702.0376748988813,1776.4883192298773,0,MEDIUM,-8.43528784323371,-0.1497253520261097,0.9908689797638814
34.17635201338618,1825.4529708225466,47.18089846870625,97.03988471868301,1786.5942404036941,1667.253170808726,0,MEDIUM,59.301391035598954,0.3211759123660869,-0.48515689079545865
34.60652006010745,1662.5623022474067,99.67116202238282,97.54724865524288,1642.1469894935149,1711.9833379235442,0,MEDIUM,-162.8906685751399,0.5073639365598694,0.4301680467212705
33.66890101100901,2674.6025446429912,207.40925369558394,98.17823888729208,2695.86008171264,2486.9323189910747,1,HIGH,1012.0402423955845,0.6309902320492,-0.9376190490984371
33.318015793646694,385.43235516296284,162.9928860509275,99.17258615786062,360.29541674793006,165.75954884693505,1,MEDIUM,-2289.1701894800285,0.9943472705685394,-0.35088521736231826
35.61275799714763,633.0946668818497,41.38009664182754,97.22347005903147,653.1778036227272,611.2457220527946,0,LOW,247.66231171888683,-1.9491160988291512,2.294742203500938
34.393826310577246,962.2550192899018,71.37279125177018,98.74149088003199,816.2559965695614,998.4622665336975,0,MEDIUM,329.1603524080522,1.518020821000519,-1.2189316865703859
34.95740694104492,299.97684375020566,79.1886638793321,98.85356385099381,295.2209413645789,283.1937330892978,0,MEDIUM,-662.2781755396961,0.1120729709618189,0.5635806304676763
34.98426513536737,902.8583861163681,0.0,100.0,1084.5617475570584,913.6344145918167,0,LOW,602.8815423661624,1.1464361490061918,0.0268581943224504
34.44441091908657,2089.1483053848146,183.82977388640842,97.834297427886,2282.3920944463475,2063.6012263682182,1,HIGH,1186.2899192684465,-2.165702572114,-0.5398542162808013
32.806084868095866,3051.029103186387,250.33229495626117,96.43127315178728,3052.755994277917,3106.7832199021727,1,HIGH,961.8807978015725,-1.4030242760987193,-1.638326050990706
34.61270588977126,302.5628933203891,196.92246272392498,99.7146397424163,373.02354966478947,305.8398766671441,1,HIGH,-2748.4662098659983,3.283366590629015,1.8066210216753973
34.586084789042,2694.019133920962,27.34436340107852,95.66456253268977,2780.7781963307975,2632.4808187443796,0,HIGH,2391.4562406005725,-4.050077209726524,-0.02662110072926538
35.00328315440314,772.3930858480902,11.983460119710962,100.0,672.0767779164146,833.0072153123022,0,LOW,-1921.6260480728715,4.3354374673102285,0.41719836536114485
34.19280119883193,1772.7392314659883,240.6724508031827,97.6663887081656,1857.018124643655,1885.4813464171611,1,HIGH,1000.3461456178981,-2.3336112918344014,-0.8104819555712126
32.89195742687577,1497.615212783609,208.45238861637912,95.81665218979353,1458.0056725980694,1324.0166970210976,1,HIGH,-275.1240186823793,-1.8497365183720689,-1.3008437719561599
33.22655432775225,1072.4769116641714,201.9407984619253,99.98431977436776,1229.6417331064881,1018.0796079493786,1,HIGH,-425.13830111943753,4.167667584574232,0.33459690087647687
34.203240028528455,1797.9430060251316,169.272236787333,96.6443611613034,1770.3065446364615,1705.419300606194,1,MEDIUM,725.4660943609601,-3.3399586130643684,0.9766857007762084
34.574428260274196,519.5296947744615,244.3495739221326,98.43902077099811,628.896839474229,550.8772395887117,1,HIGH,-1278.4133112506702,1.794659609694719,0.3711882317457409
34.236531631289985,1863.6388349047336,212.87969041643288,94.47808386921305,1867.3338833820567,2025.8966879299705,1,HIGH,1344.109140130272,-3.960936901785061,-0.33789662898421113
34.905033213050075,2020.1278788728325,296.4048850772267,97.51957828650679,2129.953848905453,2009.7100054178304,1,HIGH,156.48904396809894,3.041494417293734,0.6685015817600899
34.68813747184735,0.0,47.318610795639394,97.19216236519696,-40.10568302464705,-64.9019590325249,0,LOW,-2020.1278788728325,-0.32741592130982156,-0.2168957412027268
34.692997050609655,920.0323508119354,182.22824475819337,97.29013627352995,1060.6493216373128,1040.393607650319,1,HIGH,920.0323508119354,0.09797390833298891,0.004859578762307137
35.58772453066458,848.5184583557307,273.2490780733883,98.47175206326833,707.4984646094634,810.9065534710534,1,HIGH,-71.51389245620476,1.1816157897383732,0.8947274800549252
32.837571793241864,1096.2109387309515,300.0,98.01086956894524,1150.8763083992326,887.1468377538133,1,HIGH,247.69248037522084,-0.46088249432308714,-2.7501527374227166
33.809891057285654,1232.8759552433069,299.36175526158706,99.54432809435988,1318.1165034571832,1223.5559453772275,1,HIGH,136.66501651235535,1.5334585254146447,0.9723192640437901
33.81519985646311,465.59538592125824,71.79779751849337,96.40212409037476,524.510638237513,464.3880763547301,0,MEDIUM,-767.2805693220487,-3.1422040039851282,0.0053087991774560805
34.73892790935492,0.0,120.82303004848178,99.4941352085629,-60.28819636819,-70.78795922157848,1,MEDIUM,-465.59538592125824,3.0920111181881396,0.9237280528918106
34.08141538923977,0.0,295.65380278952205,99.06952285526603,237.19584774661857,195.15543421437104,1,HIGH,0.0,-0.4246123532968653,-0.6575125201151479
34.2805154917326,1241.6008516786376,46.5243676390037,97.20843407913884,1595.860995468234,1293.7098854663056,0,MEDIUM,1241.6008516786376,-1.8610887761271897,0.19910010249282806
34.82981063629033,1268.5919745578726,290.9441491595519,97.42992860430863,1204.552805460026,1236.2313216214231,1,HIGH,26.991122879235036,0.2214945251697884,0.5492951445577319
33.93399912569894,3465.3712357095505,144.93038263811815,97.66800069125686,3325.3117829998123,3343.2407213585407,1,HIGH,2196.779261151678,0.238072086948236,-0.8958115105913933
34.79911299403607,1959.7907715014092,116.30400645778857,96.61900530312363,1916.5524906593741,2189.488063329375,0,MEDIUM,-1505.5804642081414,-1.0489953881332355,0.8651138683371329
34.57757890852803,2106.956646851887,82.55474646403565,96.79333614207725,2050.4618558301445,2285.4157685333503,0,MEDIUM,147.1658753504778,0.17433083895362245,-0.22153408550803988
34.73117516194196,2434.396407065377,289.1149240425243,97.64829844991053,2490.405739677812,2365.6757663225612,1,HIGH,327.43976021349,0.8549623078332758,0.15359625341393013
34.46980599688581,1105.1899564058576,190.6904522687546,97.11948108472694,1050.997240014766,1140.9782428449807,1,HIGH,-1329.2064506595193,-0.5288173651835848,-0.26136916505615204
34.43518428857622,1792.7579326356667,154.11055202530977,97.16058940071686,1954.5524886867968,1678.7939719147028,1,MEDIUM,687.5679762298091,0.04110831598991638,-0.03462170830959366
34.23164622675053,2883.9969823304236,244.04978816300016,96.15911505009268,2748.12700979488,2674.1206557076744,1,HIGH,1091.2390496947569,-1.0014743506241786,-0.20353806182568945
34.236713600121895,1086.9292121739966,247.8356708967689,98.77066931805818,954.6881335555457,1224.9245461190123,1,HIGH,-1797.067770156427,2.611554267965502,0.005067373371367978
34.2239018876922,2224.7342883891433,200.22972400777473,98.59806354968684,2216.166226958627,2244.5158594491977,1,HIGH,1137.8050762151468,-0.17260576837134067,-0.012811712429694921
35.322187208595196,632.7995793614839,144.93639126825371,98.40389579463522,654.5916794556992,640.8855342730927,1,MEDIUM,-1591.9347090276594,-0.1941677550516232,1.0982853209029955
34.29000374274915,2573.3968840160705,6.140123399819963,96.74056987596217,2457.1190315412573,2560.133858969561,0,HIGH,1940.5973046545867,-1.6633259186730527,-1.032183465846046
35.059328685042814,2298.2623755338436,34.21810359844784,97.88772842431808,2205.0009085986476,2393.146808643291,0,MEDIUM,-275.1345084822269,1.1471585483559181,0.7693249422936645
33.79673815252828,2805.810716967895,80.99623544417865,97.18338549244247,2781.9587374101393,2636.5187382621616,0,HIGH,507.5483414340515,-0.7043429318756154,-1.2625905325145368
35.14712910491904,54.09479073949183,47.696112709114864,100.0,17.759946045543376,122.9961269886155,0,LOW,-2751.715926228403,2.8166145075575315,1.350390952390761
34.304016369996745,3203.3850748804275,40.683003960966616,94.93313992542335,3182.504564001638,3024.41660410315,0,HIGH,3149.290284140936,-5.0668600745766526,-0.8431127349222933
34.72828276459035,2179.432308900029,277.20393553140053,95.84104395302909,2211.166939734872,2169.3214408180825,1,HIGH,-1023.9527659803985,0.9079040276057384,0.4242663945936016
34.893824356751,309.66437269910347,68.28786249922834,99.67741569464222,312.86873645396685,356.79076825310375,0,MEDIUM,-1869.7679362009255,3.836371741613135,0.16554159216065045
34.137016080294025,2695.0453971046886,43.80814121064364,97.06020893768876,2601.248148064231,2768.492559528286,0,HIGH,2385.3810244055853,-2.6172067569534647,-0.7568082764569724
34.40017816804123,736.2331298589706,244.85561167310937,99.63202868120796,827.6534966782112,657.2659332909199,1,HIGH,-1958.812267245718,2.5718197435191996,0.2631620877472045
33.02997352650163,2990.5197080858884,10.321849178524308,97.46106485618125,2962.554198333431,3009.6410614306874,0,HIGH,2254.2865782269178,-2.1709638250267034,-1.3702046415396012
32.75885170018897,1347.1352435133197,267.7424096804685,97.16661512163174,1240.7610833741105,1200.9255362289582,1,HIGH,-1643.3844645725687,-0.2944497345495165,-0.27112182631265824
34.016046133459795,513.873181178674,40.48821237746934,98.16080771022135,302.8002303633357,717.0078253514124,0,LOW,-833.2620623346456,0.9941925885896126,1.2571944332708256
35.208694752741856,3026.779468985033,18.02754899073029,96.16387160520635,2994.0662495552137,3144.039064299996,0,HIGH,2512.9062878063587,-1.9969361050149956,1.1926486192820605
35.00553303010257,0.0,173.67258485346358,98.21157119808517,87.1283160533918,-168.85926641175547,1,MEDIUM,-3026.779468985033,2.047699592878814,-0.20316172263928678
33.6534763439521,1106.696042900584,252.73740729594653,97.46345902020015,1180.750632215848,1119.6297495858603,1,HIGH,1106.696042900584,-0.7481121778850195,-1.352056686150469
33.62196672986357,2068.7698867386644,240.14181664581497,95.81195211405974,2097.505559081526,2187.1534522549937,1,HIGH,962.0738438380804,-1.651506906140412,-0.03150961408852737
32.976206796747675,1691.9868804965276,68.38957420366101,98.41163671873244,1785.0223584688003,1849.5112443160726,0,MEDIUM,-376.7830062421367,2.599684604672703,-0.6457599331158974
35.00810256927627,647.1706988066403,91.1172884258455,97.60182079151839,729.4820807956928,539.8084165068669,0,MEDIUM,-1044.8161816898873,-0.8098159272140464,2.0318957725285927
35.28363270729863,2534.168684406786,230.6425331600309,96.56869500803036,2640.9663337446814,2452.3054341324437,1,HIGH,1886.9979856001455,-1.0331257834880319,0.27553013802236137
32.83666122830829,2607.525017204918,76.39080175151928,97.80587924143173,2540.387960826419,2649.89706418072,0,HIGH,73.35633279813237,1.237184233401365,-2.446971478990342
33.493291190079894,492.50467349148306,64.70863749104845,97.45056359416208,247.22059686271982,548.3826124615753,0,MEDIUM,-2115.020343713435,-0.3553156472696486,0.6566299617716069
33.45118709140933,2011.6053760909035,47.65598800131857,97.20544850894821,2338.9808691544276,1988.8857586009756,0,MEDIUM,1519.1007025994204,-0.24511508521386816,-0.04210409867056342
34.70357845450241,3054.8783079073505,172.55242953426793,95.66251648723609,3167.8433389511188,2908.9358365232824,1,HIGH,1043.272931816447,-1.5429320217121187,1.252391363093082
35.36571688020935,1505.5278804725713,290.670970297009,98.41225101384417,1727.7524613769367,1433.9798959570778,1,HIGH,-1549.3504274347792,2.74973452660808,0.6621384257069352
34.082263024567325,2315.44877776985,117.76367551054152,96.32958163806549,2380.1307009185925,2350.6007638109386,0,MEDIUM,809.9208972972788,-2.0826693757786785,-1.2834538556420227
35.33896118779087,459.1080629690564,113.38797954468592,98.54119433957605,449.56730518110993,659.1203885719763,0,MEDIUM,-1856.3407148007936,2.2116127015105604,1.2566981632235468
35.035828183198014,2596.838481381293,101.54888222753023,98.3019455175615,2608.430187568447,2689.6012353107717,0,HIGH,2137.7304184122368,-0.23924882201454523,-0.3031330045928584
32.90271651192616,783.1383080852409,264.10748549014727,100.0,809.5179961436331,783.0361235652157,1,HIGH,-1813.7001732960523,1.6980544824384936,-2.1331116712718554
33.932284090401446,2176.2111076570163,118.96599474995068,98.07308024044134,2082.629626581811,2160.970869443103,0,MEDIUM,1393.0727995717755,-1.9269197595586576,1.0295675784752873
34.51979462923801,1930.5686857841456,117.54010718422398,97.24210088043144,2009.0828921060609,1915.2004252321092,0,MEDIUM,-245.64242187287073,-0.8309793600099056,0.5875105388365611
34.81508735894223,1335.8618200462506,5.217689707771935,98.20023164924454,1386.3882214180767,1328.1903934672107,0,MEDIUM,-594.706865737895,0.9581307688131062,0.29529272970422227
34.775171735119685,2433.206981944491,123.32682249241202,97.94506626395032,2466.0259646402947,2574.109798226701,1,MEDIUM,1097.3451618982403,-0.2551653852942195,-0.03991562382254443
35.23239348909646,33.45964503906886,279.2654546662812,99.00646893120638,58.509305647356825,-34.63619135902192,1,HIGH,-2399.747336905422,1.0614026672560612,0.4572217539767749
34.574726653039995,2790.812452549107,191.65879237237274,95.59043263715317,2800.005395413126,2919.744346905182,1,HIGH,2757.352807510038,-3.416036294053214,-0.6576668360564639
33.44817296558827,812.1079974602594,89.47928104893023,99.01800122930797,898.6369778554596,984.1448554758757,0,MEDIUM,-1978.7044550888477,3.427568592154799,-1.1265536874517252
35.0400997142684,937.421276206742,264.6983042091735,97.89412236808427,643.9885680884555,740.8677223132302,1,HIGH,125.31327874648264,-1.1238788612237016,1.5919267486801303
35.0504460395183,2304.290484637591,85.91347986475877,99.63199070665067,2300.100094580006,2200.591352905497,0,MEDIUM,1366.8692084308489,1.7378683385664004,0.010346325249898314
34.978230740108565,721.8485878902725,164.7358111946625,99.16207857579835,752.2131860327141,723.4768792830595,1,MEDIUM,-1582.4418967473184,-0.46991213085232175,-0.07221529940973426
34.03434467812267,2149.324398381533,248.8254873193549,99.16088942913814,2125.123205677013,2194.7964152854033,1,HIGH,1427.4758104912603,-0.001189146660209417,-0.9438860619858929
33.59300980933201,1471.2426549749373,23.93324533313013,96.80798271747757,1440.254920238786,1417.1421243398327,0,MEDIUM,-678.0817434065955,-2.352906711660566,-0.44133486879066197
33.10800632190109,2468.9725045122573,67.11508777137075,98.45983191962765,2153.9385165632866,2510.513808779849,0,MEDIUM,997.72984953732,1.6518492021500748,-0.48500348743092303
34.2218579934715,1747.2671483357744,40.81959691152971,99.35451012944115,1773.6370828245447,2006.7908755850176,0,MEDIUM,-721.7053561764828,0.894678209813506,1.1138516715704156
33.5703148299248,2764.581197952456,255.09785063139384,95.80432737851598,2775.808514988171,2660.1243647917486,1,HIGH,1017.3140496166816,-3.550182750925174,-0.6515431635467053
34.815266630708635,981.7772270344846,218.54124900812968,98.36051386777567,986.6176008054327,997.2619757344157,1,HIGH,-1782.8039709179716,2.5561864892596873,1.2449518007838378
34.510152725778994,1334.6750606543014,191.901891635532,96.41478062571623,1297.2182685884602,1280.5036726566304,1,HIGH,352.8978336198169,-1.9457332420594327,-0.30511390492964097
34.84359553236802,1763.05026630378,52.31374283769476,97.11689943297654,1524.9222950960618,1666.830891105057,0,MEDIUM,428.37520564947863,0.7021188072603053,0.3334428065890265
33.95052787018121,1677.7678015525705,170.25831626016665,98.0729171191232,1859.2987054772527,1550.6253051559986,1,MEDIUM,-85.28246475120955,0.9560176861466658,-0.8930676621868088
34.87146223618403,1062.8618623449374,293.41224562274124,97.07330515669472,1050.2495911461685,1000.8145454280557,1,HIGH,-614.9059392076331,-0.9996119624284887,0.9209343660028182
34.877833475228584,2504.587044203484,202.98235071538346,97.92589609120333,2417.8540043697503,2633.447695965084,1,HIGH,1441.7251818585464,0.852590934508612,0.0063712390445545
33.877094675490156,1311.9247663661806,0.0,97.95219275690654,1304.7532109931797,1248.6462650694195,0,MEDIUM,-1192.6622778373032,0.026296665703213762,-1.0007387997384285
34.207672074941385,1058.9441236972928,123.81784353667726,98.42406537421388,1097.3437885748108,1114.2249936656526,1,MEDIUM,-252.98064266888787,0.47187261730734065,0.3305773994512293
34.53409161026813,1684.1780967893378,187.19776420318516,97.4353538258182,1569.0557875889415,1606.241420210521,1,HIGH,625.2339730920451,-0.9887115483956848,0.3264195353267425
33.966559112108506,1924.6000587030103,280.7520967492819,96.85143601261842,1820.6624437897494,1877.3005308296774,1,HIGH,240.42196191367248,-0.5839178131997755,-0.5675324981596219
33.48977180816107,2273.2998570062555,240.6071052728108,96.61819878166241,2118.9692655517943,2394.114800786548,1,HIGH,348.6997983032452,-0.23323723095600712,-0.4767873039474324
34.45227216740187,2890.1126558552533,261.84006201557645,98.17996882511878,3034.258859473526,2702.962405383305,1,HIGH,616.8127988489978,1.561770043456363,0.9625003592407992
34.91445420907655,0.0,116.62911699057204,99.40369826686849,-149.858392213012,-20.86449511891594,0,MEDIUM,-2890.1126558552533,1.223729441749711,0.46218204167468
35.00784209541305,1540.569852612557,75.27015441817646,97.4759747917825,1475.600241440265,1339.7783550504776,0,MEDIUM,1540.569852612557,-1.9277234750859833,0.09338788633649386
34.6999187599155,1773.0152740120036,111.41062961576694,97.68760454359509,1811.4657428143983,1726.324993406269,0,MEDIUM,232.44542139944656,0.21162975181258048,-0.3079233354975486
33.857920419943845,2628.959079322838,166.91259929624212,94.50240482815784,2753.4894619163324,2568.003867007703,1,HIGH,855.9438053108345,-3.18519971543725,-0.8419983399716529
33.82192956913553,2562.772764810751,40.28854459918353,97.03833644213671,2445.68216971491,2686.936827768848,0,HIGH,-66.18631451208694,2.5359316139788746,-0.03599085080831799
33.88814365573526,1644.7106178613576,39.82902429487836,96.78466393458788,1644.0959370904116,1632.7863925017693,0,MEDIUM,-918.0621469493935,-0.25367250754882775,0.06621408659973582
33.70530803101771,1705.9511970238018,190.242769988372,98.31861588889406,1612.3847144021333,1721.1338904756583,1,HIGH,61.24057916244419,1.5339519543061755,-0.18283562471755488
33.55301995597958,1172.687622627587,47.262004598968595,99.0586742503092,1088.069521684573,1190.30864601677,0,LOW,-533.2635743962148,0.7400583614151373,-0.15228807503812902
33.54304993072709,1976.075353359336,204.90992592172475,96.47993355922806,1892.4516434514496,2003.4137942106202,1,HIGH,803.3877307317491,-2.578740691081137,-0.00997002525248547
33.649551781217674,1716.7323277632486,160.38616987041138,97.94702521443651,1670.544744928748,1671.6972720685158,1,MEDIUM,-259.3430255960875,1.4670916552084492,0.10650185049058081
33.745140428454086,2916.760896707144,30.15267872558584,97.30339892435964,3034.7114731056326,3038.4237050248626,0,HIGH,1200.0285689438956,-0.6436262900768668,0.09558864723641136
34.51142237590571,652.0014657128839,8.800985911911042,97.47981915913299,479.27281968296916,607.1169576911939,0,LOW,-2264.75943099426,0.1764202347733459,0.766281947451624
34.61321549097536,2000.8976472931981,216.13206811134347,98.30318782359802,2102.5667820179797,2047.8579749647681,1,HIGH,1348.896181580314,0.8233686644650362,0.10179311506964694
34.341250599338544,3055.5379853573563,90.70021883397183,95.77325835254176,2847.316899028165,3213.7445839941274,0,HIGH,1054.6403380641582,-2.5299294710562634,-0.2719648916368129
34.16406849096241,1172.8444416862408,238.00731263793622,99.23927150865771,956.9823832144209,939.6644293169966,1,HIGH,-1882.6935436711155,3.466013156115949,-0.17718210837613668
33.208919126578806,0.0,209.80618099602628,97.41717655952169,91.69237477134934,158.38013519033788,1,HIGH,-1172.8444416862408,-1.8220949491360159,-0.9551493643836011
34.7273224954676,1674.6583463840448,176.23492227705844,96.25646848225018,1509.0431226315586,1808.1213744704946,1,MEDIUM,1674.6583463840448,-1.160708077271508,1.5184033688887908
35.397590367883375,1514.561040869485,104.86039907259011,97.48118972381194,1417.433678248468,1524.4710763226456,0,MEDIUM,-160.09730551455982,1.2247212415617525,0.6702678724157778
33.67953619186541,1730.027324793188,86.2197727883871,97.70005335296064,1923.9178267977925,1846.5672193617247,0,MEDIUM,215.46628392370303,0.21886362914870006,-1.718054176017965
34.33561792526315,986.378218445317,12.776241603867046,98.0752967460705,846.0923320831034,1102.2917374783565,0,LOW,-743.649106347871,0.3752433931098693,0.6560817333977411
34.31459957319856,2136.181664823371,211.01369017935642,98.12202706216956,2098.7471392472426,1947.6170220589745,1,HIGH,1149.803446378054,0.0467303160990582,-0.021018352064594126
33.788038418391665,2500.624826107505,90.73770649286375,97.04590677020231,2532.601089662138,2579.3445929422005,0,HIGH,364.443161284134,-1.076120291967257,-0.5265611548068918
34.14213511024992,907.4913420395221,194.30336185936653,98.52921875762569,867.8671787312499,1045.4786377245493,1,HIGH,-1593.133484067983,1.4833119874233773,0.35409669185825265
33.41687927388267,1923.2267140537722,258.5453246457828,96.88736447847754,1943.9424611256022,1946.062603843368,1,HIGH,1015.7353720142501,-1.6418542791481485,-0.7252558363672463
33.7989907289105,1311.26897421543,241.4486009867634,96.77309234345113,1040.9317011013761,1323.2498009561862,1,HIGH,-611.9577398383421,-0.11427213502641109,0.3821114550278324
33.364593622004996,2922.767820321904,213.20553812514342,96.86905755346858,3060.649370727339,2944.5515199457427,1,HIGH,1611.4988461064738,0.09596521001745373,-0.43439710690550726
34.79558062371469,0.0,221.84294876659482,99.14063767369457,101.50318522049672,-12.20801103652487,1,HIGH,-2922.767820321904,2.271580120225991,1.4309870017096955
34.86427838043254,429.48554615498995,253.26203462917965,100.0,438.18697279678224,706.2118262616168,1,HIGH,429.48554615498995,0.8593623263054297,0.06869775671784595
33.58593949653033,2081.303873409298,61.20734657184476,98.41120759950385,1987.6520282355236,2139.8189009349844,0,MEDIUM,1651.8183272543079,-1.5887924004961462,-1.278338883902208
33.749779947403,1884.4628144028632,191.04610642823192,98.31882497804035,1766.6422550266677,2002.5627043764455,1,HIGH,-196.84105900643476,-0.09238262146349996,0.1638404508726694
35.01883789006187,1071.6620348696401,173.53668123611396,96.20048443062848,1156.2507218506096,1057.4673353335588,1,MEDIUM,-812.800779533223,-2.1183405474118757,1.2690579426588684
34.4117553007481,1193.518263842978,253.37139055124464,98.61202531143549,1019.175164045662,1325.6211850421519,1,HIGH,121.85622897333792,2.41154088080701,-0.6070825893137695
34.83930491757136,3155.35518690633,93.66314960125932,93.61897037029938,3004.3314793655954,3148.607540441065,0,HIGH,1961.8369230633518,-4.9930549411361085,0.42754961682326353
34.70360288888509,366.26390804296796,120.33636207589089,98.66641255348476,351.8651847994222,135.78766266743952,1,MEDIUM,-2789.091278863362,5.047442183185382,-0.1357020286862749
34.38109770535853,0.0,208.70955098926495,96.03246409741307,-90.30739319997176,67.68641693121242,1,HIGH,-366.26390804296796,-2.6339484560716926,-0.3225051835265589
35.40616866101255,2618.5313549031234,142.00056678758952,94.69186688296368,2687.204205857178,2889.1514519886664,1,HIGH,2618.5313549031234,-1.3405972144493887,1.025070955654023
34.37312244128828,1210.5668752955053,248.19641943632968,98.2220121853811,1150.2074766666055,1235.7804019795692,1,HIGH,-1407.9644796076182,3.5301453024174236,-1.0330462197242696
34.12221646235307,1133.4856015855896,251.33122075198736,98.10841894771521,1166.7073338761747,1224.9963647142765,1,HIGH,-77.08127370991565,-0.11359323766589569,-0.25090597893520794
34.3089112665209,2046.0349329015626,163.29351410393753,96.29665390143035,1703.231105795432,2214.33744188054,1,MEDIUM,912.549331315973,-1.8117650462848616,0.18669480416782847
33.26421956840271,2008.2507133095264,272.7867847536671,96.28444674868469,1925.7759250153501,1839.723806770652,1,HIGH,-37.78421959203615,-0.012207152745659755,-1.0446916981181928
35.557199512418805,1283.5356463762137,188.79891792952856,100.0,1372.1954081257456,1333.5374111253855,1,HIGH,-724.7150669333128,3.7155532513153133,2.2929799440160963
34.29013379206846,1323.8839479779076,226.17114399138856,98.39978864798213,1421.7009328388458,1514.9635150721922,1,HIGH,40.34830160169395,-1.6002113520178654,-1.2670657203503453
33.62613997026171,1772.0183581529097,6.74017178225905,98.1348555372176,1866.6179038407759,2091.7949094011205,0,MEDIUM,448.13441017500213,-0.26493311076453097,-0.6639938218067485
33.48228655083676,1135.8058579610022,103.7063334766642,96.96401452094251,1028.4588813255573,1333.1119403543184,0,MEDIUM,-636.2125001919076,-1.1708410162750909,-0.1438534194249499
34.88930424090593,2419.3970711384104,147.10736218850286,96.94463021987859,2394.032248150369,2382.644982328096,1,MEDIUM,1283.5912131774082,-0.01938430106392275,1.4070176900691678
34.37360748708829,2761.8420620953952,176.30460726252772,98.39143377273255,2693.1172918710945,2675.995395574399,1,HIGH,342.44499095698484,1.4468035528539644,-0.515696753817636
33.42800573678413,2584.4478848973663,5.996300976123637,98.49511538152016,2772.025314254334,2378.073355954036,0,HIGH,-177.39417719802896,0.10368160878761046,-0.9456017503041636
33.59479312303282,1091.5959180112463,185.30054273966235,99.99480329981,1034.1514505250211,1150.9232442050911,1,HIGH,-1492.85196688612,1.4996879182898368,0.16678738624869283
34.04650926978637,1586.6738489724578,167.43556854901294,95.95916418982465,1738.3500473286103,1669.0994548632452,1,MEDIUM,495.07793096121145,-4.035639109985354,0.4517161467535473
35.025842229292294,0.0,250.64335679098528,100.0,114.29733743828433,65.17409054830661,1,HIGH,-1586.6738489724578,4.040835810175352,0.9793329595059248
35.44504433001181,1817.1088896468202,260.3347486467248,97.03292068707741,1800.4062703823856,1650.5396105511693,1,HIGH,1817.1088896468202,-2.9670793129225927,0.4192021007195166
34.52524682690283,859.6734207330816,41.49357459790517,99.38182532832052,853.9097953442905,891.4029858811602,0,LOW,-957.4354689137386,2.3489046412431094,-0.9197975031089811
34.30018922231164,1134.4476475991553,200.44890995038241,96.77009626244411,1078.6811473285659,1277.2308493384542,1,HIGH,274.7742268660737,-2.6117290658764034,-0.22505760459119273
34.459735135109185,886.3610200996197,59.041535232497324,98.54637114681242,883.0352032308712,857.8454116707163,0,LOW,-248.08662749953555,1.7762748843683056,0.15954591279754737
33.9730784731337,341.0242112004721,300.0,100.0,361.0226934105183,279.40301957537514,1,HIGH,-545.3368088991476,1.4536288531875812,-0.48665666197548774
34.03683845682683,632.4594610883083,53.02143421560565,99.49823361699009,702.9309484157378,764.5339859429719,0,LOW,291.4352498878362,-0.5017663830099082,0.06375998369313152
35.289820177581646,1720.2401657689577,96.04768398077113,97.86029573831424,1773.8427047563928,1659.0137505432701,0,MEDIUM,1087.7807046806493,-1.6379378786758565,1.2529817207548177
33.754854153756774,0.0,47.393678907793216,100.0,147.99717279081415,-0.09975266466393862,0,LOW,-1720.2401657689577,2.1397042616857647,-1.5349660238248717
33.90148662998328,816.5419770584309,167.97145031530482,95.67688712379942,775.5556456396556,767.111789796981,1,MEDIUM,816.5419770584309,-4.323112876200582,0.14663247622650744
34.05315886001129,997.1159434229877,207.11157390808955,98.6798892852501,1076.641125506714,945.6390334216586,1,HIGH,180.57396636455678,3.0030021614506808,0.15167223002800512
35.08290311055867,1192.0309558686643,98.06075117447948,96.16041376138287,986.8589055474197,1153.1960087156676,0,MEDIUM,194.91501244567655,-2.5194755238672286,1.029744250547381
34.797573450902696,1847.1840055863613,168.6329805704702,96.05255855643209,1924.7566671984048,2101.9279052581073,1,MEDIUM,655.1530497176971,-0.1078552049507806,-0.28532965965597157
34.02610191869059,229.8723820109996,193.81686082965007,97.9006843430288,166.35473639582122,252.2896187563537,1,HIGH,-1617.3116235753616,1.848125786596711,-0.7714715322121037
33.987154906607934,533.6119632242851,270.8563647004682,98.93583758485057,599.0240971140116,340.9026359872248,1,HIGH,303.73958121328553,1.0351532418217744,-0.038947012082658716
34.420256143341646,370.90148195993135,132.5875161247793,100.0,539.9812348330264,470.7452564037796,1,MEDIUM,-162.71048126435375,1.0641624151494256,0.43310123673371237
34.80199325772356,2356.2676535379383,234.0650635758066,97.26631072596041,2466.5123277178905,2274.6862861571626,1,HIGH,1985.366171578007,-2.733689274039591,0.38173711438191305
34.0186929537123,1981.5788176499461,225.84319202394556,95.60124818336934,1870.9291285166269,2073.4671943049107,1,HIGH,-374.6888358879921,-1.6650625425910732,-0.7833003040112558
34.82467748436687,2506.0856611869785,39.61747604417512,97.56099867281729,2444.0989415200615,2408.302752755883,0,HIGH,524.5068435370324,1.9597504894479556,0.8059845306545697
35.32543351716689,51.25721490328986,242.5343644404042,99.663492234774,-33.3184046348192,-61.28361314855081,1,HIGH,-2454.8284462836887,2.102493561956706,0.5007560328000196
34.44876091191731,1537.704072232453,149.36558878873646,97.53399342714951,1587.0395230245308,1373.8176889611364,1,MEDIUM,1486.446857329163,-2.1294988076244863,-0.8766726052495812
35.196167927484844,825.5733423688987,87.38925551715431,100.0,865.1303442426189,794.1840024402791,0,MEDIUM,-712.1307298635543,2.466006572850489,0.7474070155675321
34.19187101160712,1705.424506528613,249.0221742865273,96.90707278794694,1577.7119626474641,1926.3180356076361,1,HIGH,879.8511641597142,-3.0929272120530555,-1.004296915877724
34.015934283383395,2194.9163680406255,171.07952963328648,97.05920372141053,2171.213571004603,2162.351435742106,1,MEDIUM,489.4918615120125,0.15213093346358164,-0.17593672822372497
33.93504690914906,3162.6808354386535,16.127283485346364,97.91675220604837,3101.284463540239,3293.1155149096953,0,HIGH,967.764467398028,0.8575484846378458,-0.08088737423433656
34.478220623696636,1113.2498805926075,109.85729259870844,98.53394579258885,1110.067656292235,1099.2312615323904,0,MEDIUM,-2049.430954846046,0.6171935865404805,0.5431737145475779
34.88753854077957,2293.1813553335983,141.47802862693624,97.83674019858391,2296.440888826105,2297.2287900777187,1,MEDIUM,1179.9314747409908,-0.6972055940049415,0.4093179170829373
34.02623378714012,701.8721866612827,67.14897992417457,98.39159976597544,573.97658249195,621.534029428395,0,MEDIUM,-1591.3091686723155,0.5548595673915315,-0.8613047536394518
34.52761696489942,1235.8396890401582,123.4609849227324,96.87894840032523,1222.940258110199,1190.9455495868322,1,MEDIUM,533.9675023788755,-1.512651365650214,0.5013831777593012
35.707928060995066,1902.0131746193713,81.62805056482686,97.143426125378,1979.3050401443945,1847.533005480671,0,MEDIUM,666.1734855792131,0.264477725052771,1.180311096095643
34.9345609462282,2822.2622910625614,281.5783318660368,98.12897823802221,2705.011164794542,2626.734663628135,1,HIGH,920.2491164431901,0.9855521126442142,-0.773367114766863
34.95390805044242,1161.7079822633352,255.57562476938068,98.86371506101601,1068.2142843543616,1129.9764483427546,1,HIGH,-1660.5543087992262,0.7347368229937956,0.019347104214219257
33.56844633006984,2812.6443388712937,7.66840783448697,96.15993484350545,2794.688120370623,2796.586606050384,0,HIGH,1650.9363566079585,-2.7037802175105554,-1.3854617203725823
33.68537155182769,3180.2175829229104,273.1078577290185,96.18636528817217,3281.110696301582,3319.0237703372786,1,HIGH,367.5732440516167,0.026430444666715402,0.11692522175785314
35.24167845311539,1092.0222996467005,270.2606236458771,96.65970912410246,1002.8981605106475,1150.8197237415473,1,HIGH,-2088.19528327621,0.4733438359302937,1.556306901287698
33.37220642824807,1625.584186145318,174.08717678997738,98.45712014262482,1546.6042865815982,1862.118218177005,1,MEDIUM,533.5618864986175,1.7974110185223537,-1.8694720248673207
35.55039884228603,529.4949553042449,183.60735971718626,97.50310872845415,484.9090044880121,580.3728709715052,1,HIGH,-1096.089230841073,-0.9540114141706653,2.1781924140379587
34.398493868373315,774.3341082958482,59.71338545613977,99.29449622037075,753.4928770121318,730.4482810719336,0,LOW,244.83915299160333,1.7913874919165949,-1.151904973912714
34.02205338116136,1550.269528384509,120.48902504336908,98.05778687474601,1484.869324650671,1614.1259315223122,1,MEDIUM,775.9354200886607,-1.2367093456247318,-0.37644048721195134
33.51541874986601,198.75644404281076,173.291353082312,98.88200873616671,-3.4240830075005277,196.06986554590233,1,MEDIUM,-1351.5130843416982,0.8242218614206962,-0.5066346312953556
34.85513204268531,1828.7444797166625,221.66494431939464,97.006639223112,1659.1355548122124,1660.289905887482,1,HIGH,1629.9880356738518,-1.8753695130547072,1.3397132928193045
33.97271423204711,635.6106833507534,274.0517298665096,99.23374334792979,785.8222140980159,593.1078828778262,1,HIGH,-1193.133796365909,2.227104124817785,-0.8824178106382021
33.007085517242395,1844.6696660951295,62.74048205337742,98.16406473368929,1902.339644201449,1888.4498846587605,0,MEDIUM,1209.058982744376,-1.0696786142405017,-0.9656287148047156
34.0253728412108,540.3891357444234,126.35286033504305,99.27942275247325,659.5897146301792,516.4271176123262,1,MEDIUM,-1304.2805303507062,1.1153580187839651,1.0182873239684085
34.699429399690416,917.8861759486759,7.344975686414206,97.93625799495975,914.338184537087,780.2873383963206,0,LOW,377.4970402042526,-1.343164757513506,0.674056558479613
34.689343558897825,0.0,103.15852163291201,98.49552064081225,-69.06581055888358,51.54036108217171,0,MEDIUM,-917.8861759486759,0.559262645852499,-0.010085840792591227
34.69458244971228,1029.2211804797348,226.99441001263523,98.33427917007837,954.2578640967467,606.0779338470841,1,HIGH,1029.2211804797348,-0.16124147073387007,0.005238890814453612
34.68238386927322,1046.0585315760286,87.04239187100276,97.86978285004291,1132.5289859047869,1113.7306250704803,0,MEDIUM,16.837351096293787,-0.46449632003546526,-0.012198580439061857
33.367944816312075,2061.4662954529404,160.42460645502752,96.10988354625043,1860.1886081968896,1990.1430670188026,1,MEDIUM,1015.4077638769118,-1.75989930379248,-1.3144390529611414
34.159284935666435,464.9321415105237,31.817686872944716,99.31972080593775,380.87675344206696,373.1602939538324,0,LOW,-1596.5341539424167,3.209837259687319,0.7913401193543592
33.7078129008501,1264.8065731781735,119.89613277841936,98.06628114786751,1205.6908412007779,1077.567159365422,0,MEDIUM,799.8744316676498,-1.253439658070235,-0.4514720348163337
34.93504282332543,1671.7296788043063,230.91761973071976,98.8108560549004,1527.228379217838,1653.2927785611437,1,HIGH,406.92310562613284,0.7445749070328844,1.2272299224753311
34.681352996336265,2707.8310435882318,139.66305404418705,97.36745953896325,2721.054010716436,2847.632414824345,1,HIGH,1036.1013647839254,-1.4433965159371525,-0.25368982698916653
33.63005738294297,926.2522812163502,116.82907261194879,97.85176455728148,782.9442292232931,835.6305661556369,0,MEDIUM,-1781.5787623718816,0.48430501831823847,-1.0512956133932931
33.50114454873743,401.6644787308927,154.78662235247344,99.94778829384846,66.16095737004406,520.3276615350181,1,MEDIUM,-524.5878024854575,2.096023736566977,-0.12891283420554345
35.187221136575566,2802.2136745876037,241.81121057332558,96.24928618209255,3087.2061997497008,2849.364880095899,1,HIGH,2400.549195856711,-3.6985021117559143,1.6860765878381372
34.80623513420682,1979.9584999786418,202.60869416708604,97.55167904568256,1972.2458750721821,1790.5694248057682,1,HIGH,-822.2551746089619,1.3023928635900148,-0.38098600236874347
35.3901014306073,1060.8934305819498,96.16966236928964,98.91531643949399,1079.9308295453407,1087.9817624287296,0,MEDIUM,-919.065069396692,1.3636373938114303,0.5838662964004797
34.276522755160734,2664.827309604652,0.0,95.40591390750453,2795.3405463500617,2697.8565622505,0,HIGH,1603.933879022702,-3.5094025319894655,-1.1135786754465684
35.32602125438777,3101.084646342301,167.7273292548449,98.29132601181327,3077.3143879335735,2893.7306741825328,1,HIGH,436.257336737649,2.8854121043087417,1.0494984992270346
32.826689153566875,2219.420896157618,69.62780521136797,96.94882578812215,2437.968186590961,2060.781793249059,0,MEDIUM,-881.6637501846831,-1.3425002236911183,-2.4993321008208937
34.8466053855157,3135.2756541497083,188.3216394528748,95.09480232087475,3277.7991509119615,2932.0676536159085,1,HIGH,915.8547579920905,-1.8540234672474014,2.0199162319488266
34.8649194167213,2892.1438110601516,228.1022253818419,96.00010735384419,2598.7754037989234,2910.4063959225987,1,HIGH,-243.1318430895567,0.9053050329694372,0.01831403120559827
34.52230399559167,2349.759034591845,277.2254973964412,94.41015785108095,2317.8406301712894,2267.656578249988,1,HIGH,-542.3847764683064,-1.5899495027632327,-0.3426154211296293
33.38871540101214,1576.6860532842538,100.82303675640985,98.47296821038363,1709.9200364009323,1556.2879119283693,0,MEDIUM,-773.0729813075914,4.062810359302674,-1.1335885945795283
34.38482668238339,2729.9267651657615,161.9565833308072,94.57729209270154,2770.227582931616,2792.9334542637853,1,HIGH,1153.2407118815077,-3.895676117682086,0.9961112813712489
34.32174855079588,1508.702810533745,161.95554747932005,97.87998132193462,1510.5098996290387,1663.2634880175779,1,MEDIUM,-1221.2239546320166,3.3026892292330814,-0.06307813158750974
33.25616782117665,1594.6298368077244,119.37298988885304,97.2588173762265,1587.4556871306786,1714.8798820418504,0,MEDIUM,85.92702627397944,-0.6211639457081191,-1.065580729619228
33.744373008602274,1478.1992650009636,292.42688009718023,98.65378725658358,1446.517795750593,1526.920205538795,1,HIGH,-116.43057180676078,1.3949698803570811,0.4882051874256206
34.70557092722347,1733.057648877047,289.217071337814,98.41667614535334,1979.0046398328886,1620.4513338454774,1,HIGH,254.8583838760835,-0.23711111123024864,0.9611979186211954
33.40764362785768,1797.7825239214421,193.2878370048944,99.49368859316483,1821.337752193278,1808.5404708350022,1,HIGH,64.72487504439505,1.077012447811498,-1.2979272993657887
33.65487876011822,39.337746591597735,168.55790377391418,96.86140007528704,-27.36141499556893,100.42911561512842,1,MEDIUM,-1758.4447773298443,-2.6322885178777966,0.24723513226054195
34.27346244883705,1630.4548478249383,233.65801095145176,98.84972613605478,1567.6796789375687,1358.7206150315417,1,HIGH,1591.1171012333405,1.988326060767747,0.6185836887188287
33.36214606825504,2045.9584094808959,268.2317834294599,98.20063528235278,1932.990104591334,2163.629164662289,1,HIGH,415.5035616559576,-0.6490908537020061,-0.9113163805820079
34.32838815149153,460.4027745213326,171.83203302523776,96.26758140460561,498.72235223813846,406.1448352471994,1,MEDIUM,-1585.5556349595631,-1.9330538777471702,0.9662420832364873
34.91872879340891,2131.4873236145127,86.8306402552385,98.81919156602177,2183.2891224983487,2255.07485533689,0,MEDIUM,1671.0845490931802,2.551610161416164,0.5903406419173791
34.08763232306988,1673.175832490012,281.89149162037893,95.67480653622724,1633.0612943679419,1773.4455007752751,1,HIGH,-458.31149112450066,-3.1443850297945346,-0.8310964703390269
35.124462203455444,0.0,143.63401270323317,99.78546758175032,-192.0165210054438,-109.67201958813321,1,MEDIUM,-1673.175832490012,4.110661045523088,1.036829880385561
34.578142167732494,3142.5121825686306,184.1448578865822,97.13856595378499,3111.89710246492,3113.6954530609523,1,HIGH,3142.5121825686306,-2.6469016279653346,-0.5463200357229496
34.05673822684817,1965.1956530578643,40.210759589482535,97.38487622670831,1980.254401573623,1984.775884838175,0,MEDIUM,-1177.3165295107663,0.2463102729233242,-0.5214039408843263
34.90919224255192,1522.6432368063577,74.35963642491896,95.41168147753882,1448.2058166136635,1897.3638600686666,0,MEDIUM,-442.55241625150666,-1.973194749169494,0.8524540157037492
34.722005803531225,2270.01699412518,148.16757405785162,95.56224093220632,2130.467827441112,2383.2283565490893,1,MEDIUM,747.3737573188225,0.1505594546675013,-0.18718643902069232
34.876357151688104,891.2182100383203,234.66352048360034,97.15142457086081,809.6259202937009,1017.3152553084687,1,HIGH,-1378.79878408686,1.5891836386544895,0.15435134815687945
35.44741798856179,2434.415221114448,112.6664565512154,95.3031097969473,2224.571359758451,2512.087374144237,0,MEDIUM,1543.1970110761276,-1.8483147739135148,0.5710608368736843
34.742697103447846,2198.7854995115076,140.6496533562857,95.80813509577685,2144.8158508678716,2370.1364821290704,1,MEDIUM,-235.6297216029402,0.5050252988295512,-0.704720885113943
33.47407094280907,1523.5720339858203,174.59671614547625,95.46528437750045,1572.087196668045,1324.1835145959658,1,MEDIUM,-675.2134655256873,-0.34285071827639513,-1.2686261606387745
35.94999935324873,1768.5458266466574,212.0888691881843,97.05407458019113,1910.141415133088,1979.4907598981565,1,HIGH,244.97379266083703,1.5887902026906744,2.475928410439657
34.36793531204283,839.496044617571,147.59624587169873,99.2623185684038,950.650029221417,1116.5583242890086,1,MEDIUM,-929.0497820290864,2.208243988212672,-1.5820640412058964
33.86362027927163,2301.5864108530304,285.4217686629834,96.84594416327323,2359.0768952415924,2191.9661150503052,1,HIGH,1462.0903662354594,-2.4163744051305684,-0.5043150327712027
34.10541416413305,1737.9376279665642,102.89869749673439,96.11026023963346,1722.4536119086588,1797.5404542672977,0,MEDIUM,-563.6487828864663,-0.735683923639769,0.24179388486142273
34.68803468770536,1689.3325787599915,265.09988618579104,96.61475963321105,1755.6726421983274,1682.6860507147028,1,HIGH,-48.60504920657263,0.5044993935775892,0.5826205235723094
34.20563030882973,3007.301088043529,182.92937624161382,96.14267100826994,3317.7047496674786,2978.967100805871,1,HIGH,1317.9685092835375,-0.47208862494110804,-0.4824043788756285
34.04226327294057,142.29546786776422,243.2356616038858,99.27491194050256,125.25794437136656,159.04944329177948,1,HIGH,-2865.0056201757648,3.1322409322326195,-0.16336703588915924
35.37611965809597,3094.2052628967103,255.51851892140388,93.60608381749216,2938.8652249041747,3084.640849346216,1,HIGH,2951.909795028946,-5.6688281230104,1.3338563851554
35.70267966752832,1883.750227192217,193.48632405928691,97.56080893797845,2051.1333823859277,1729.1410978035276,1,HIGH,-1210.4550357044934,3.9547251204862874,0.32656000943234886
34.664778113358636,3384.166865844752,168.7023857769416,96.39481065203566,3448.160881795406,3334.561372640376,1,HIGH,1500.416638652535,-1.1659982859427913,-1.0379015541696859
34.43529052261205,624.0397356042865,253.73940540559445,98.20495171808311,694.7984857258969,663.8971147261624,1,HIGH,-2760.1271302404657,1.81014106604745,-0.22948759074658653
34.65386765187085,308.3395465834419,150.11226124870421,98.95404141312848,153.89445528943082,383.791114535757,1,MEDIUM,-315.7001890208446,0.7490896950453703,0.21857712925879724
35.033138093381325,0.0,196.3555427653145,99.20063320546822,-223.09619233873502,-74.2666959035993,1,HIGH,-308.3395465834419,0.2465917923397427,0.37927044151047795
34.07300780388147,966.346382716794,210.71521648145423,98.81432108246064,919.0766845603857,692.4137805894134,1,HIGH,966.346382716794,-0.3863121230075848,-0.9601302894998582
33.46693217623012,3129.281790087245,7.62627810908362,97.11776690938301,3126.7534582212784,3105.115653163037,0,HIGH,2162.9354073704512,-1.6965541730776295,-0.6060756276513501
33.87165174671334,2792.5852150709575,197.98968421048616,96.83462684094096,2623.0887956778224,2728.6669454782464,1,HIGH,-336.6965750162876,-0.28314006844205153,0.4047195704832234
33.45955051098601,1232.3992346483628,108.18064730421307,97.9892319644766,1260.5235021359347,1184.2789718502859,0,MEDIUM,-1560.1859804225946,1.1546051235356458,-0.41210123572732726
34.776112326666485,1027.073005986201,203.7759845462297,98.86553826653386,827.3379266072751,990.0856024697435,1,HIGH,-205.32622866216184,0.8763063020572588,1.3165618156804726
33.394824907190106,1015.8041157286265,196.78520659255733,100.0,1036.5157799191395,1115.4814339918864,1,HIGH,-11.268890257574526,1.1344617334661393,-1.3812874194763793
34.258068857990736,1707.5436854494021,197.17776867734386,97.1792222790321,1777.5043363373159,1702.1725244580618,1,HIGH,691.7395697207756,-2.8207777209678966,0.86324395080063
35.05842791911393,1761.6097185734795,185.11946718203853,97.84067656947076,1793.9026684457845,1763.9548784119004,1,HIGH,54.06603312407742,0.6614542904386553,0.8003590611231957
34.13521792593394,2008.0704397155912,39.91223847102078,95.44346897461004,2063.0516311493666,1883.5283317703727,0,MEDIUM,246.46072114211165,-2.397207594860717,-0.9232099931799951
33.857096084371726,1484.5649967117859,137.4425079207448,97.49312180229462,1622.1246372999226,1586.5847493288472,1,MEDIUM,-523.5054430038053,2.0496528276845822,-0.27812184156221065
34.47648931483386,2057.8285482079677,128.1023849631557,95.89704417764345,1999.9802486340027,2227.9886430550364,1,MEDIUM,573.2635514961819,-1.5960776246511728,0.619393230462137
33.28694353310591,1798.8111334662108,86.71509866391489,97.35660200586103,1889.8065746691882,1887.193159168745,0,MEDIUM,-259.01741474175697,1.4595578282175836,-1.1895457817279507
33.6862690309311,1430.1034201495545,144.6084652060764,98.38672504805254,1416.5023286531239,1548.6752863517352,1,MEDIUM,-368.7077133166563,1.030123042191505,0.39932549782518834
33.937381166882865,1291.84518360185,13.56327425687585,97.8182314667703,1413.8683104933682,1287.6552150959967,0,MEDIUM,-138.25823654770443,-0.5684935812822403,0.2511121359517645
34.53172283659554,1020.9721300914564,173.91583920891713,96.77636675271785,1000.6780194960936,1164.2385061322223,1,MEDIUM,-270.8730535103937,-1.0418647140524513,0.5943416697126764
35.424521469719565,199.21512079227801,65.99311455382437,100.0,82.44992431932596,172.5580709584444,0,MEDIUM,-821.7570092991784,3.2236332472821516,0.8927986331240234
34.54271361977955,1975.8118993801786,92.14426906316399,97.77903667210599,2089.9142643301325,2279.5001250628843,0,MEDIUM,1776.5967785879006,-2.2209633278940117,-0.8818078499400173
34.85193980476549,1726.0811093438374,33.157286035965896,97.0170067116628,1952.8366075302315,2041.732825879229,0,MEDIUM,-249.7307900363412,-0.7620299604431864,0.30922618498594545
33.04205609754312,0.0,141.86794192522336,99.27419584293666,-15.701911561897923,86.92252508076963,1,MEDIUM,-1726.0811093438374,2.2571891312738614,-1.809883707222376
35.42433424067586,876.2443452670736,155.61266120552824,97.37292236329095,786.2331116651807,811.6552360799659,1,MEDIUM,876.2443452670736,-1.9012734796457096,2.382278143132744
36.12601506915532,927.0699494675856,50.001282721209726,98.72797034556167,746.2089666886125,1045.4361100331053,0,LOW,50.825604200511975,1.3550479822707189,0.7016808284794607
33.1832715388621,0.0,59.297298795519666,99.58105576148603,118.40640203330284,-7.249349505042534,0,LOW,-927.0699494675856,0.8530854159243546,-2.942743530293221
33.44291789409524,1250.6726681814173,76.68470140301439,98.42452381311686,1201.4845323248394,1432.9804466543812,0,MEDIUM,1250.6726681814173,-1.1565319483691638,0.25964635523313717
34.46736650707337,1075.7861639105554,104.68398974396489,100.0,1259.1644174924531,1013.2457007894305,0,MEDIUM,-174.8865042708619,1.5754761868831366,1.0244486129781336
35.06551362926146,1567.4560877168483,295.0510324052174,98.80104929582473,1556.4260231146304,1684.0595379975714,1,HIGH,491.6699238062929,-1.1989507041752745,0.5981471221880881
35.162123092995834,1027.8908528211164,102.11744678611527,96.47168944451761,1026.82887772476,919.6578273933361,0,MEDIUM,-539.5652348957319,-2.3293598513071174,0.0966094637343744
34.17112994952717,1310.4656861813846,122.68377502621216,97.65158321799218,1238.77196481289,999.4416620576367,1,MEDIUM,282.57483336026826,1.179893773474575,-0.9909931434686641
34.24742072648661,2679.6729974969076,131.03756238908832,98.99185330124766,2509.906804374366,2564.780397859503,1,HIGH,1369.207311315523,1.3402700832554757,0.0762907769594392
34.761456274329845,1492.357661128778,165.35226718680016,97.77218430766827,1593.6382478413725,1633.7172465576398,1,MEDIUM,-1187.3153363681295,-1.2196689935793898,0.5140355478432355
35.46344012860493,1631.680564215238,90.25210975055595,98.53954919666067,1583.237834687225,1600.8751871081538,0,MEDIUM,139.32290308645997,0.7673648889924038,0.7019838542750847
33.22510259619074,363.34771543981856,9.341969468788825,100.0,260.8102519401506,462.77785851882913,0,LOW,-1268.3328487754195,1.4604508033393273,-2.2383375324141923
34.23869584250892,1816.9726646952047,82.31084742449116,97.46332162015261,1754.3820307620576,1929.10542526291,0,MEDIUM,1453.6249492553861,-2.5366783798473875,1.0135932463181803
33.90858543313449,106.42205986027373,119.33060965598585,98.72913801510148,-148.960085584703,124.75834981886987,0,MEDIUM,-1710.550604834931,1.265816394948871,-0.33011040937442715
33.866230765583815,832.4865388371529,264.57476819473794,99.17143271239253,631.5378749730154,1106.1115494836333,1,HIGH,726.0644789768792,0.44229469729104665,-0.04235466755067563
34.77358789319397,1017.8042429917455,40.25202568686449,98.83421101393685,1053.3054327667219,814.7042995315112,0,LOW,185.31770415459255,-0.3372216984556786,0.9073571276101546
34.77468241196196,685.3928358658663,246.71086088979018,98.93949200857148,720.7196906860133,890.9299189019814,1,HIGH,-332.4114071258791,0.10528099463462581,0.0010945187679922697
32.94869200375445,2568.2842033502875,63.28729722169991,96.85425193143394,2502.6018010582634,2668.1729669200026,0,HIGH,1882.8913674844212,-2.0852400771375414,-1.8259904082075096
34.998414710759825,2062.228847008051,281.51956262793067,98.11762184948547,1952.4656314698877,2028.0779930776366,1,HIGH,-506.05535634223634,1.2633699180515379,2.0497227070053725
32.77851333159493,3177.9378900563356,98.11674097783225,96.34054568455643,3299.495301508597,3070.8396679122534,0,HIGH,1115.7090430482845,-1.777076164929042,-2.219901379164895
34.630191908586966,1378.8424335490122,171.40407015861481,98.134843829821,1339.5305990333395,1470.172384114047,1,MEDIUM,-1799.0954565073234,1.7942981452645625,1.851678576992036
34.791260076356224,1964.338716050525,90.39006972761327,98.31478718559586,2055.779016663275,2324.2498153200686,0,MEDIUM,585.4962825015127,0.1799433557748671,0.16106816776925825
34.22405737729829,1083.9419461543553,151.40347335193266,100.0,1228.3249993901188,1058.175622186431,1,MEDIUM,-880.3967698961696,1.6852128144041387,-0.5672026990579369
34.26939671429569,1029.5628953225405,224.68504367747883,98.26452893829335,941.3733384419063,1003.8300755455278,1,HIGH,-54.379050831814766,-1.7354710617066473,0.04533933699740089
34.21017955329128,1913.3402436352278,101.3881565753163,97.17545462817141,1772.0549261418623,1998.6952474061122,0,MEDIUM,883.7773483126873,-1.0890743101219442,-0.05921716100440477
34.082965529826936,1184.81376445556,262.23508017852606,97.39342251455687,1123.3636027196526,1355.5292330923514,1,HIGH,-728.5264791796678,0.21796788638546616,-0.1272140234643473
35.11091188417404,2111.3042188155428,107.33929578316594,97.27219033408691,1972.2187060077142,2118.172559675362,0,MEDIUM,926.4904543599828,-0.12123218046995987,1.027946354347101
35.737019543484685,806.3082438881117,166.85700689845245,96.4875577136734,955.1897268639905,864.3673939023894,1,MEDIUM,-1304.995974927431,-0.7846326204135181,0.626107659310648
33.83181365731079,309.33963421922,299.3613918239342,98.78793094347652,87.80229509215572,436.44339387001077,1,HIGH,-496.96860966889176,2.300373229803128,-1.9052058861738956
35.2224734887747,143.14302253018874,195.02039726784426,100.0,372.9745706632678,201.226584490135,1,HIGH,-166.19661168903124,1.2120690565234753,1.390659831463914
35.010362076900435,271.2039921512676,77.76443821611782,98.22934475860781,147.99863660674382,211.28591749663846,0,MEDIUM,128.06096962107884,-1.7706552413921912,-0.21211141187426819
34.28704471971214,971.7998208803197,222.87150841447163,98.94486376582894,882.2615652832922,1047.449818061382,1,HIGH,700.5958287290521,0.7155190072211326,-0.7233173571882929
35.10625536817743,2076.3165517190464,125.69428605415901,96.80145179842302,1846.5902096343314,1912.800018819359,1,MEDIUM,1104.5167308387267,-2.1434119674059247,0.8192106484652868
35.605077649800755,964.958927535042,290.92654029017586,98.12777699984568,889.3240754523916,864.1162494075894,1,HIGH,-1111.3576241840044,1.3263252014226623,0.4988222816233261
36.120491761632074,1064.095852567544,184.05212626750065,99.76208834826777,1221.0930850957807,945.7295611230546,1,HIGH,99.13692503250195,1.634311348422088,0.5154141118313191
34.21918096809604,1047.7754370034454,120.01172475829473,96.75296578605447,1049.9281463209102,1030.3307941179492,1,MEDIUM,-16.32041556409854,-3.0091225622132924,-1.9013107935360338
34.73697451666744,1480.4754991850953,174.42488265175436,98.70027105195761,1371.3999948851751,1430.3707265686323,1,MEDIUM,432.70006218164986,1.9473052659031396,0.5177935485713974
34.64593067594831,1016.0597982576987,222.54491802144238,99.9687287865074,1194.5680505448104,986.2347013446915,1,HIGH,-464.41570092739653,1.2684577345497843,-0.09104384071913074
34.86584986322072,0.0,259.14657070871067,99.8974945222083,-17.581490302480304,-68.29667583627635,1,HIGH,-1016.0597982576987,-0.0712342642990933,0.21991918727241
35.217981546902294,2107.9646577814856,87.02373204803803,97.68337269501446,2059.2529725872496,1975.1046649754157,0,MEDIUM,2107.9646577814856,-2.21412182719385,0.3521316836815771
33.92343673986937,2167.4215011099177,46.587898804904405,96.7679078435861,1988.9644946504643,1974.0560225914605,0,MEDIUM,59.456843328432115,-0.9154648514283537,-1.2945448070329206
34.23501186137325,962.0570480874886,136.91443835956076,96.50567412395888,939.2680920046271,896.5306437676868,1,MEDIUM,-1205.3644530224292,-0.2622337196272184,0.31157512150387845
34.968801815677935,3680.485140412907,241.1075443718951,95.55855722172234,3650.3683504357473,3560.656031696031,1,HIGH,2718.4280923254187,-0.9471169022365444,0.7337899543046831
33.34005341172072,1420.024395577866,281.26116122205974,98.73872085425783,1482.2703042796102,1615.5247182391606,1,HIGH,-2260.460744835041,3.1801636325354963,-1.6287484039572178
33.406725558647615,691.9037463307652,34.92998954305952,100.0,480.4905245684839,709.0470174670312,0,LOW,-728.1206492471008,1.261279145742165,0.06667214692689782
33.89764644327267,2476.076822382662,189.5812850647506,97.63804007878109,2347.428040367387,2165.124244018485,1,HIGH,1784.173076051897,-2.3619599212189115,0.490920884625055
33.97995391269471,300.1566361573954,219.4702763643238,99.86362265502454,294.9309193838099,451.07951417413256,1,HIGH,-2175.9201862252667,2.225582576243454,0.08230746942204092
34.94463749433881,1588.2413400871847,45.4633164817325,95.59903362034595,1484.3797477128753,1530.0187214588254,0,MEDIUM,1288.0847039297892,-4.264589034678593,0.9646835816440955
34.70624276399346,2458.279220148406,161.39114782187207,96.0683517051328,2430.2630611595473,2471.6798118228985,1,MEDIUM,870.0378800612211,0.469318084786849,-0.2383947303453482
34.53692329037329,1284.3672056803814,82.28847800601514,98.04045759411713,1334.4607809606575,1460.7817874737348,0,MEDIUM,-1173.9120144680244,1.9721058889843306,-0.1693194736201704
33.77611046438039,1828.637381916887,280.62906430331157,96.10248737472035,1836.1727103733554,1703.665504124268,1,HIGH,544.2701762365057,-1.9379702193967745,-0.7608128259929003
34.25042251664129,495.79179905622834,47.71891997100342,96.74610803231229,389.21380228709955,581.5240680128918,0,LOW,-1332.8455828606589,0.6436206575919385,0.474312052260899
34.70191046825744,2724.3695288451386,292.6997613953084,96.95376165260564,2760.1625080063777,2730.4475644766167,1,HIGH,2228.5777297889103,0.20765362029334256,0.4514879516161514
33.7005877502504,1373.510465151821,120.91446540939899,98.1881982819413,1227.1896583741684,1215.295406348819,1,MEDIUM,-1350.8590636933175,1.2344366293356615,-1.0013227180070388
35.00390221841062,2467.0953555488964,172.5889047351195,95.84923943470785,2426.246861848866,2537.4886183563294,1,MEDIUM,1093.5848903970752,-2.3389588472334424,1.3033144681602238
33.21428339798559,1818.0267889558088,114.03072083956792,97.4635259769085,1787.4103362579865,1739.3994134940647,0,MEDIUM,-649.0685665930876,1.6142865422006452,-1.7896188204250336
33.87706939336065,985.7048130457379,106.7436937053329,99.41560441006834,1031.609237687037,959.0061926521871,0,MEDIUM,-832.3219759100709,1.9520784331598406,0.6627859953750601
34.73817770831849,626.4288678392488,86.45225015562787,100.0,298.649289925952,449.5279813250984,0,MEDIUM,-359.27594520648904,0.5843955899316597,0.8611083149578391
34.84662092790786,1195.1825068578783,174.6949202983752,98.91435983520283,1127.2967676312314,1342.6370218036561,1,MEDIUM,568.7536390186294,-1.0856401647971694,0.10844321958936831
33.18995901954112,1160.7061848977805,158.02396795858945,98.19512576501364,1384.6050316252538,1037.8340430597336,1,MEDIUM,-34.47632196009772,-0.719234070189188,-1.6566619083667362
34.44256761364481,1183.9218794137178,238.4728122341907,96.98953263815993,973.5290376166706,1045.8318525067,1,HIGH,23.21569451593723,-1.2055931268537137,1.252608594103691
34.156702973040346,1855.0952053527824,205.10220841292676,98.67748450738107,1825.127934144556,1790.4671382579338,1,HIGH,671.1733259390646,1.6879518692211377,-0.2858646406044656
33.94071107964377,835.1514002592094,111.34097553401706,96.94378289528566,1036.3690186749036,867.295186055691,0,MEDIUM,-1019.943805093573,-1.7337016120954019,-0.21599189339657698
34.97818957534755,1159.475294887838,184.36559089624373,97.83189990718422,1007.9464936103598,1382.7708761433237,1,HIGH,324.3238946286285,0.888117011898558,1.0374784957037804
33.413702676937845,1098.3433501986617,109.61557284141072,97.83680923559234,936.9414006570025,1031.4686057216527,0,MEDIUM,-61.13194468917618,0.0049093284081180855,-1.5644868984097045
33.58585097636433,1000.6706581904168,154.11778835682793,98.50939612879927,938.1659871754366,1056.99839513302,1,MEDIUM,-97.6726920082449,0.6725868932069261,0.1721482994264818
34.08571563975397,799.3855191453822,246.58030997713865,100.0,523.2556160624646,918.7804705612406,1,HIGH,-201.2851390450346,1.490603871200733,0.4998646633896442
33.24892226849732,0.0,75.43567303517274,99.97378305865529,77.66152993346813,-235.58185381266443,0,MEDIUM,-799.3855191453822,-0.026216941344713973,-0.836793371256654
33.1342631744993,1284.748377096449,279.86365249159286,99.67030845513744,1368.5235771831008,1251.3245958956331,1,HIGH,1284.748377096449,-0.3034746035178415,-0.11465909399801433
32.73820764147473,3020.2054315310156,257.32057154805784,97.87501862053433,2928.6615139894257,2992.2428968190666,1,HIGH,1735.4570544345665,-1.7952898346031105,-0.3960555330245725
33.582198778577585,1880.7843723969218,158.41611702075738,97.88112725970798,1784.8072319731186,2044.1063079916012,1,MEDIUM,-1139.4210591340939,0.006108639173646679,0.8439911371028543
35.301938792355955,2873.3939026870166,180.94570215546162,96.59409042282003,2795.033500081036,2781.950067885778,1,HIGH,992.6095302900949,-1.2870368368879497,1.7197400137783703
33.72345055605445,285.4088557800093,15.103026589064333,98.12982070625415,89.99791981059262,230.34791578372173,0,LOW,-2587.9850469070075,1.5357302834341198,-1.578488236301503
34.078945597361596,0.0,197.17349866613287,98.34752261739162,-88.52486458964593,-77.44612090837582,1,HIGH,-285.4088557800093,0.21770191113746762,0.3554950413071438
33.09238112056833,2620.005157805463,41.71514033613176,95.29501507594323,2542.821827542732,2645.5052243457867,0,HIGH,2620.005157805463,-3.052507541448392,-0.9865644767932693
33.07135974802273,927.8578773065933,0.9910477786716496,98.32436156820219,1008.9635458554759,925.9250779028292,0,LOW,-1692.1472804988698,3.0293464922589664,-0.021021372545597217
35.58765644473943,2578.881687069894,279.0655352128364,97.52256802995606,2513.6164806049,2411.55351715209,1,HIGH,1651.0238097633005,-0.8017935382461303,2.516296696716701
34.44781297069266,865.2750541512339,194.62832323387437,99.10628858669767,651.9928584801223,809.3962371769633,1,HIGH,-1713.60663291866,1.5837205567416106,-1.1398434740467707
34.97919578614109,1377.742181779956,229.56758488559845,97.08692057155659,1392.8646547056533,1389.293962429466,1,HIGH,512.467127628722,-2.019368015141083,0.5313828154484312
36.15694017447025,2848.006264897402,178.3778025815754,94.67265626324003,2904.454354709453,2696.477576633379,1,HIGH,1470.2640831174463,-2.414264308316561,1.1777443883291596
34.603165750940654,2399.581065625749,189.63811995239044,95.95906963312319,2372.0106067680094,2275.1954769313766,1,HIGH,-448.4251992716531,1.2864133698831637,-1.553774423529596
33.983044314202,3168.1328134636483,262.30832501808584,96.70994154200278,3144.542559127433,3151.579460219673,1,HIGH,768.5517478378993,0.7508719088795885,-0.6201214367386569
34.57891672834845,2175.2941160178584,187.34257526166866,96.65614162838278,2223.303249061939,2196.4014814928,1,HIGH,-992.8386974457899,-0.05379991361999714,0.5958724141464558
35.39896806323866,1202.2466831457846,203.52647847668038,96.87938603094597,1257.923336759713,1239.5885979779193,1,HIGH,-973.0474328720738,0.22324440256318212,0.8200513348902092
34.74993220808525,2573.1404279684148,295.8371660440854,95.99885391571704,2519.0335568762007,2643.6392720811587,1,HIGH,1370.8937448226302,-0.8805321152289309,-0.6490358551534143
34.421267141265744,2320.9696158561173,50.53166536960318,97.2542192375549,2269.8175767602306,2270.1677642368913,0,MEDIUM,-252.17081211229743,1.2553653218378713,-0.3286650668195037
34.598091393408296,2031.8912711649402,20.95551393930187,97.91360535581909,2008.1675517943293,2075.3792558307896,0,MEDIUM,-289.0783446911771,0.6593861182641803,0.17682425214255204
33.765663378517665,1523.583598258076,34.77074122506626,97.21211132810072,1461.1686122333372,1423.025128661744,0,MEDIUM,-508.3076729068641,-0.7014940277183683,-0.8324280148906311
33.44327110858178,2734.9445142988425,45.72602839422944,95.77520295029359,2589.687406418905,2885.929333489411,0,HIGH,1211.3609160407664,-1.4369083778071285,-0.3223922699358823
33.96731247348786,1781.7419127078438,109.61162880929224,96.77934019332199,1561.1396540283815,1860.8292138415839,0,MEDIUM,-953.2026015909987,1.0041372430283957,0.5240413649060756
34.80583466283407,2298.0028247903974,126.5112640118384,97.3300846335899,2428.482298518102,2102.1425852404554,1,MEDIUM,516.2609120825537,0.5507444402679198,0.8385221893462145
34.441289386432324,1428.2622038018183,279.13617249464437,97.77084737040487,1560.1816525399358,1585.9774837898697,1,HIGH,-869.7406209885792,0.4407627368149605,-0.36454527640174916
35.43974871160023,1490.9168258588056,290.5032944850927,98.27162648658484,1348.4201171647615,1533.8399596549807,1,HIGH,62.654622056987364,0.5007791161799702,0.9984593251679073
34.610703573891044,416.6414558928335,200.12823584598553,98.60394315329773,324.79651481268195,290.4391553883881,1,HIGH,-1074.275369965972,0.3323166667128987,-0.829045137709187
33.01727763560358,1496.2506674796525,143.581573839091,98.9242205808599,1434.4953492155737,1699.55265997181,1,MEDIUM,1079.6092115868191,0.3202774275621607,-1.5934259382874671
33.577302745867634,1507.769451617964,7.945762249761301,98.46921153859743,1463.2453642176588,1619.786351865297,0,MEDIUM,11.518784138311503,-0.45500904226246064,0.560025110264057
33.00968698695469,2040.2129142339088,278.9365766053641,98.65669105465756,2068.569490922104,2041.2372648304604,1,HIGH,532.4434626159448,0.18747951606012236,-0.5676157589129431
34.525862782371945,1538.1850335353372,17.106448415013904,98.11760952895408,1410.3767214068152,1573.8149099804818,0,MEDIUM,-502.0278806985716,-0.5390815257034802,1.5161757954172543
33.20535933081061,1640.3321214445232,179.23658036969422,96.21303169269312,1569.4342719314413,1468.1783157240627,1,MEDIUM,102.14708790918598,-1.9045778362609553,-1.3205034515613363
33.482526444033454,1253.0950682711873,127.40330204859316,98.3173585897347,1258.951839836865,1139.4509640885658,1,MEDIUM,-387.2370531733359,2.104326897041574,0.2771671132228448
34.41964032477015,1547.7637296848277,133.39113131693796,98.41383942450082,1538.4321126873797,1592.884233859353,1,MEDIUM,294.6686614136404,0.09648083476612612,0.9371138807366961
34.43853270998239,2248.0452208794773,144.66215075617606,97.81672146333786,2364.5435950596434,2196.7735559761886,1,MEDIUM,700.2814911946496,-0.5971179611629651,0.018892385212240015
35.14678691450143,1053.2246418179952,113.41539174618127,98.11906486823624,1015.2346561553533,1241.800551412643,0,MEDIUM,-1194.820579061482,0.3023434048983802,0.7082542045190436
33.45126592636502,2116.382275023798,100.57461349115704,94.85731526764998,2250.0251602868075,2070.2487212653004,0,MEDIUM,1063.1576332058025,-3.2617496005862563,-1.6955209881364155
34.2433879746078,1472.2629719392185,262.09276493724127,96.67029200388006,1423.4593255556713,1400.992411888146,1,HIGH,-644.1193030845793,1.812976736230084,0.7921220482427813
34.16859747255805,1340.0447328225844,159.0467561581498,97.09203811646009,1134.556746255526,1324.2185711318486,1,MEDIUM,-132.2182391166341,0.42174611258002415,-0.07479050204975124
35.665527643192895,2078.657792699344,183.37747593323658,96.75264998835786,2157.8911827239217,1944.2502322323621,1,HIGH,738.6130598767597,-0.33938812810222885,1.4969301706348475
34.41304494335275,1560.1518597840557,45.73344236902872,98.58401428337223,1591.7157588342889,1602.8794081738708,0,MEDIUM,-518.5059329152884,1.8313642950143674,-1.2524826998401437
34.55802025184772,2146.7981796444965,245.43470251485377,98.07598262910805,2054.340404308284,2303.8491300665355,1,HIGH,586.6463198604408,-0.5080316542641725,0.14497530849497053
33.81029511505242,2679.510290930727,255.36425165220942,96.70385873447664,2566.18365440318,2715.671033662017,1,HIGH,532.7121112862305,-1.3721238946314145,-0.7477251367953031
34.18766022382548,1063.5921092597619,205.17005517750846,99.19204124629267,1141.4407900908773,956.5865828314613,1,HIGH,-1615.9181816709652,2.488182511816035,0.37736510877306273
35.078237897014525,1466.1358312014472,100.68965573801472,97.59037801062266,1490.085104867271,1543.7923941938452,0,MEDIUM,402.54372194168536,-1.6016632356700171,0.8905776731890427
34.317157755571216,2253.0264435904023,63.13873253695004,96.51929567782001,2191.5594643800378,2150.9378527169633,0,MEDIUM,786.8906123889551,-1.0710823328026464,-0.7610801414433084
34.63030104183946,593.2037599801819,40.12149649307535,98.5690217757509,672.7088713205274,579.9733893393671,0,LOW,-1659.8226836102203,2.0497260979308862,0.31314328626824306
34.2804375707372,1603.1271115280924,119.29229091628642,99.05812978618802,1925.1315206851516,1717.6393380014888,0,MEDIUM,1009.9233515479106,0.48910801043712127,-0.34986347110226035
33.695396291845356,3229.8477038809915,164.1460823038725,97.238279078549,3167.191584025424,3166.5030183005156,1,HIGH,1626.720592352899,-1.81985070763902,-0.5850412788918433
33.23221180531608,1394.0153717521857,195.88916927471158,99.31664845430565,1481.9186360193678,1447.8580909927239,1,HIGH,-1835.8323321288058,2.078369375756651,-0.463184486529272
35.392186855437465,600.8087057907169,70.54357932668384,99.39127628942336,644.451046800726,746.9338588516492,0,MEDIUM,-793.2066659614688,0.07462783511770965,2.159975050121382
33.161419616487414,2035.0204848055837,80.27040987524153,94.6932993172141,1844.576185978865,2084.341056298046,0,MEDIUM,1434.2117790148668,-4.697976972209261,-2.230767238950051
32.90322976480033,3759.900795617706,9.904872116507136,94.6409476541948,3799.1322436463415,3762.718470483035,0,HIGH,1724.8803108121224,-0.05235166301929439,-0.2581898516870851
34.08636541382392,2293.0314377257937,106.46598893824817,97.12586529354739,2283.4866230857688,2210.4081653025232,0,MEDIUM,-1466.8693578919124,2.484917639352588,1.1831356490235905
33.74929108167511,1478.5987995781402,2.3445024367793437,94.01320289212893,1497.6260775813967,1548.6737082797056,0,MEDIUM,-814.4326381476535,-3.1126624014184614,-0.3370743321488092
35.891796511912986,2197.763554701803,146.26092014719922,96.60420447689431,2045.897612440772,2100.2123665907275,1,MEDIUM,719.1647551236629,2.5910015847653796,2.1425054302378754
35.73708963851207,708.8862319299835,236.1456138034383,97.86558328991354,588.8961871239975,744.9607811282862,1,HIGH,-1488.8773227718195,1.2613788130192347,-0.1547068734009187
35.48943880867283,2538.824604617444,221.36249597627838,97.1601557418655,2508.4451396492614,2424.0532894218018,1,HIGH,1829.9383726874605,-0.7054275480480499,-0.24765082983923747
32.752711513110896,2504.8053922505655,13.562110402210664,96.22316989536627,2237.8018327324407,2576.8446114480184,0,HIGH,-34.01921236687849,-0.9369858464992262,-2.736727295561934
33.370004209828146,2098.6862147878232,12.791958683026415,95.21269803597681,1908.4729217932636,2159.135323895277,0,MEDIUM,-406.1191774627423,-1.0104718593894546,0.6172926967172501
33.990392495131715,75.79945483957327,105.7820990656222,98.20627823779981,-124.10142701352054,-177.06116629522887,0,MEDIUM,-2022.88675994825,2.9935802018229936,0.6203882853035694
34.208121651480134,2531.475901355132,37.8877897696733,96.56748681179242,2400.3537166744586,2672.431773116175,0,HIGH,2455.676446515559,-1.638791426007387,0.21772915634841894
34.45357365064812,545.0614355015302,199.25205849109923,96.8700915063511,473.0112548307008,523.5551872633214,1,HIGH,-1986.4144658536018,0.30260469455868133,0.2454519991679831
33.517753684013634,1843.3667054194557,205.73004357597225,96.83119758827084,2053.4524955922357,1747.205916964797,1,HIGH,1298.3052699179254,-0.038893918080262324,-0.9358199666344831
34.72874073642162,1525.4537335681816,36.57771635602253,98.58432773439291,1516.7713570222134,1611.9826161781396,0,MEDIUM,-317.91297185127405,1.753130146122075,1.2109870524079867
35.73843475720055,1821.6520817455018,200.81975714451795,97.32358503999687,1716.468917817296,1572.0279904583629,1,HIGH,296.1983481773202,-1.2607426943960434,1.0096940207789302
33.652381080680755,368.9495252826969,181.130759860773,98.51152339480744,265.17009870170193,520.1963193497104,1,HIGH,-1452.702556462805,1.1879383548105693,-2.0860536765197963
34.92881398931537,2054.9208010738707,69.92652589700344,97.39495833895953,2060.062850694536,2081.68891377676,0,MEDIUM,1685.9712757911739,-1.1165650558479143,1.276432908634618
35.213519624566274,1866.2072787431018,288.107771761364,97.38293109934497,1837.3138476595716,1928.4635923777491,1,HIGH,-188.7135223307689,-0.012027239614553764,0.2847056352509014
34.44044320813177,90.61832370504968,110.25560739443235,98.15882219450835,280.66907395499004,-11.12078043470358,0,MEDIUM,-1775.588955038052,0.7758910951633737,-0.7730764164345061
35.03004259050859,752.9405939493297,233.5166626170601,97.6340812121436,713.3277845295,652.3334461214602,1,HIGH,662.32227024428,-0.5247409823647473,0.5895993823768251
35.57504059449772,1156.6094193854972,65.54627444199963,98.70755262799898,1238.7245354062575,1158.627656609669,0,MEDIUM,403.6688254361675,1.07347141585538,0.5449980039891287
34.31051795299703,1154.3424810571141,85.30511476958212,97.48764223543606,1130.548317376068,1259.3265783117133,0,MEDIUM,-2.2669383283830484,-1.219910392562923,-1.2645226415006903
33.840256239406266,1552.516857544956,69.50156385105475,94.70498589067948,1769.4352761774087,1556.928431119782,0,MEDIUM,398.174376487842,-2.7826563447565746,-0.47026171359076585
35.32707813076742,1696.5838176184798,65.05524840923414,98.1237507200287,1781.055681241448,1836.0699689246837,0,MEDIUM,144.06696007352366,3.4187648293492146,1.4868218913611528
34.05044652729955,1920.154159828064,143.53671116569595,99.08710085168943,1759.456078954632,1867.817720671734,1,MEDIUM,223.57034220958417,0.9633501316607322,-1.2766316034678695
33.722250298215876,71.91848629200979,145.88555829100585,99.1514197007002,207.28586496632553,-9.61993828104858,1,MEDIUM,-1848.235673536054,0.06431884901077467,-0.3281962290836731
33.79967108086058,2566.0081554130848,292.882365095366,97.66500650920034,2537.0381305968394,2517.408005962151,1,HIGH,2494.089669121075,-1.4864131914998637,0.07742078264470109
34.7918782046797,1041.1360181476377,53.75558599852794,97.37968198245206,1188.4038694969279,1182.7126642030105,0,LOW,-1524.872137265447,-0.28532452674828335,0.9922071238191208
34.790437081247234,1721.201379271266,0.0,97.190365089641,1794.7568217001708,1717.885534589807,0,MEDIUM,680.0653611236282,-0.1893168928110498,-0.0014411234324640532
35.039790933782456,444.0038010151987,248.45578910691984,98.13944532962142,386.7681922086947,410.284304358206,1,HIGH,-1277.1975782560673,0.9490802399804181,0.24935385253522213
33.64576065317973,532.0972724834929,151.0149791989566,98.33250184876375,491.7573845090243,606.0896956220367,1,MEDIUM,88.09347146829424,0.19305651914233124,-1.3940302806027276
34.40114108938647,1991.5521000139076,137.9274553575494,98.74253035815963,2013.6898133433915,1891.2227643889933,1,MEDIUM,1459.4548275304146,0.41002850939587177,0.7553804362067424
34.7426850113613,2089.273130367038,163.44380620426443,97.50593253650621,2119.2261684234954,2224.4777852365073,1,MEDIUM,97.72103035313035,-1.2365978216534188,0.3415439219748322
34.40366015462221,1302.9142612173544,153.4000395314653,96.94512433956882,1301.4445279404824,1603.5413347602941,1,MEDIUM,-786.3588691496836,-0.560808196937387,-0.3390248567390941
35.24861437079196,1349.862606880656,40.32512031782066,96.68253021882042,1413.4618851432976,1346.58211264911,0,MEDIUM,46.94834566330155,-0.26259412074840327,0.8449542161697536
33.52191153596338,1404.0714028224331,166.46481921716747,97.57996690866457,1267.6418878919853,1577.604708806997,1,MEDIUM,54.208795941777225,0.8974366898441559,-1.7267028348285791
35.30227084395756,1230.1248422116876,139.37978156297046,97.75276053421702,962.1912247283261,1213.4287608001707,1,MEDIUM,-173.94656061074556,0.17279362555244404,1.7803593079941749
35.27466789382454,553.0604208905306,35.966592536516586,98.7022332593689,522.2415678354118,516.5380891916398,0,LOW,-677.0644213211569,0.9494727251518782,-0.027602950133015725
35.12600152436323,1268.2681787011288,202.70390151246897,99.60656400306216,1125.1052194720492,1317.835149335052,1,HIGH,715.2077578105982,0.904330743693265,-0.14866636946130996
35.13192103482848,1427.419300629609,39.1248711999973,98.42157108632453,1652.221679150862,1350.9014731345733,0,MEDIUM,159.15112192848028,-1.1849929167376274,0.005919510465247413
35.098479978019945,2213.0847719282265,238.5586848729647,95.66165964203377,2148.5059363076666,1999.5700091800227,1,HIGH,785.6654712986174,-2.759911444290765,-0.0334410568085346
33.669686140945636,0.0,181.33763538624837,100.0,-70.63806042977552,-61.79367570618308,1,HIGH,-2213.0847719282265,4.338340357966231,-1.4287938370743092
34.07484278733016,1439.0778785724992,193.14579265678202,98.04185895101268,1366.7802401044426,1531.859839740049,1,HIGH,1439.0778785724992,-1.958141048987315,0.4051566463845262
34.58548342561574,1634.5548601347145,84.5169375971037,95.59581892997568,1527.6801584423454,1458.7248629750154,0,MEDIUM,195.47698156221531,-2.446040021037007,0.5106406382855795
33.937238418327766,799.5364090806066,59.43143156566863,100.0,782.2854573875035,689.559694920064,0,LOW,-835.0184510541079,4.404181070024322,-0.6482450072879757
33.89310199133592,1780.3493452380485,81.40561379657763,99.81404646213372,1715.414994798792,1641.160016986995,0,MEDIUM,980.8129361574419,-0.18595353786628266,-0.044136426991848055
34.61082255556899,1829.619620495003,8.821818079229212,98.42140950612347,1818.8254904540097,1696.4106778574612,0,MEDIUM,49.27027525695439,-1.39263695601025,0.7177205642330691
34.035385908625415,1468.6436102818482,12.001556082383576,99.00097251648485,1556.8983988809512,1460.5297882615123,0,MEDIUM,-360.9760102131547,0.5795630103613831,-0.5754366469435723
34.19981121361061,2043.0095912797135,295.3107235462608,95.07702547749241,2014.526161633984,2087.651803616102,1,HIGH,574.3659809978653,-3.923947038992438,0.16442530498519403
34.010297733509994,1571.1292577426887,108.98221293548714,99.20704935737236,1376.3237310604036,1527.2792682195334,0,MEDIUM,-471.88033353702485,4.130023879879943,-0.18951348010061508
34.537244558580454,2879.6783696955345,88.63309895289231,97.67453996833815,2754.98236194797,3230.9060887051983,0,HIGH,1308.5491119528458,-1.5325093890342032,0.5269468250704605
34.215616611919295,3539.400154066854,21.89723818739614,95.13707517192425,3603.4016582470204,3579.6980267446174,0,HIGH,659.7217843713197,-2.5374647964139,-0.32162794666115957
34.294889376965806,1678.854822503869,262.9617437480307,94.60308850132182,1843.0356394122887,1500.0625491496,1,HIGH,-1860.5453315629852,-0.533986670602431,0.07927276504651104
33.88989326474322,2175.9525537101126,14.983598446607266,95.42050714160621,2219.3695916799243,2026.0890375358963,0,MEDIUM,497.0977312062437,0.8174186402843873,-0.4049961122225838
34.118792116980636,2157.762026211815,110.43049093966609,96.78430553811123,2122.2940203090848,2132.5342140980656,0,MEDIUM,-18.190527498297797,1.3637983965050182,0.22889885223741402
35.265975641119354,3189.405777966064,130.98358195558984,94.18010324816298,3171.0560907733893,3212.9882249737207,1,HIGH,1031.643751754249,-2.6042022899482475,1.1471835241387183
35.2095225695541,978.3676629873896,187.0836848942246,98.26938472363398,1110.5687385958893,905.6558412287286,1,HIGH,-2211.0381149786745,4.089281475470997,-0.05645307156525092
34.614605762225885,2780.729161411176,295.95347755191176,97.33117504316942,2613.267698204523,2647.171125911321,1,HIGH,1802.3614984237863,-0.9382096804645528,-0.5949168073282181
34.12042077945701,2072.410989640266,237.68986902300668,97.82123689848623,2009.0620235579072,2129.9074853993448,1,HIGH,-708.3181717709099,0.4900618553168101,-0.49418498276887846
32.9253435625794,1824.6926556850383,153.687300241292,96.58353376372436,1702.3474647005469,2023.4526971335647,1,MEDIUM,-247.71833395522776,-1.2377031347618725,-1.195077216877607
35.180436391480654,1332.9348023949094,187.3414626586253,97.71401756785053,1180.5791227512384,1418.1356827439101,1,HIGH,-491.7578532901289,1.1304838041261718,2.2550928289012546
33.689902377887655,425.73999988240706,68.63518392534286,96.89661996707015,368.2883638595391,334.9687850455477,0,MEDIUM,-907.1948025125023,-0.8173976007803816,-1.490534013592999
35.43974859825875,1740.7951491634456,280.23268622026063,96.94377072431384,1983.5987136649103,1677.194733823212,1,HIGH,1315.0551492810384,0.04715075724368489,1.7498462203710972
34.89443579254742,1135.7771451462306,201.2981321272193,99.42144725098335,1293.105542385864,1153.5438068291821,1,HIGH,-605.0180040172149,2.477676526669512,-0.5453128057113332
34.44070865863137,2168.178990883861,244.49960920060653,98.48029186936698,2355.646075767346,2272.2687034155933,1,HIGH,1032.4018457376303,-0.9411553816163689,-0.4537271339160469
35.36817345899021,2341.2582139577307,40.056143264476354,95.56008795609519,2238.746289838106,2408.877369064891,0,MEDIUM,173.0792230738698,-2.9202039132717914,0.927464800358841
34.066837874260536,620.442112550806,237.12861397131968,97.48887562322756,569.23711965541,994.8232438220389,1,HIGH,-1720.8161014069246,1.9287876671323687,-1.301335584729678
32.99479126202892,0.0,0.0,99.11756641111745,-75.38163986705908,-151.41113780920801,0,LOW,-620.442112550806,1.6286907878898944,-1.0720466122316168
34.498314123148106,2719.473622247626,123.22524230026731,96.26649203724992,2564.1574134610864,2927.6680191115665,1,HIGH,2719.473622247626,-2.851074373867533,1.5035228611191869
33.96668998694408,3671.603509444745,232.53865254793988,95.80703766857057,3798.198447083474,3690.3702994040514,1,HIGH,952.1298871971194,-0.45945436867934575,-0.531624136204023
33.21344172160787,1641.4893316463847,99.91651660340742,98.16491487726887,1490.2683857249426,1640.1143848694874,0,MEDIUM,-2030.1141777983605,2.357877208698298,-0.7532482653362109
34.73182480743171,1377.7157233364107,223.24162361292758,98.17990171315799,1329.4609507872883,1520.6631187140133,1,HIGH,-263.77360830997395,0.01498683588911831,1.5183830858238352
34.88646126961824,246.30501885681244,280.527781725311,98.49677324934005,265.30901434892763,166.21586861778974,1,HIGH,-1131.4107044795983,0.3168715361820631,0.15463646218653082
33.47763472161097,2361.3145873156786,3.727824075624021,97.34979695178322,2436.1338664646996,2400.6854805429143,0,MEDIUM,2115.0095684588664,-1.146976297556833,-1.4088265480072693
34.64752044136888,1333.864158345871,294.6727985665396,97.95535169118351,1214.536564501815,1228.140393684896,1,HIGH,-1027.4504289698077,0.60555473940029,1.1698857197579144
33.067715769388684,1655.7516421963992,286.88208241523114,97.37413852549989,1676.2710411681821,1558.1428351018858,1,HIGH,321.88748385052827,-0.5812131656836215,-1.5798046719801988
33.43832022534147,2352.8278819240622,281.0092991767731,98.01937774541288,2256.1224721087756,2490.2846974516456,1,HIGH,697.076239727663,0.6452392199129946,0.3706044559527868
35.23521825439921,1053.4406778644754,24.806152269796858,98.60761418082937,872.8156395692417,917.9234755799419,0,LOW,-1299.3872040595868,0.5882364354164906,1.7968980290577363
33.71697538386202,1809.9396252623537,90.44126164152755,99.28934451072702,1605.9850740482161,1904.9614282156313,0,MEDIUM,756.4989473978783,0.6817303298976469,-1.5182428705371862
34.68512269050566,1297.0084286801416,81.47360358054353,97.57277936040168,1276.5665827741313,1256.2585398811548,0,MEDIUM,-512.9311965822121,-1.7165651503253372,0.9681473066436368
33.54007956163239,182.12259107102784,88.62118086567199,100.0,149.24229881097713,192.0848883056632,0,MEDIUM,-1114.8858376091139,2.4272206395983176,-1.1450431288732688
35.1474600764928,1638.6123184534304,49.33884473281592,97.42357410198484,1608.9668112296463,1539.0204877728083,0,MEDIUM,1456.4897273824026,-2.5764258980151595,1.6073805148604094
34.05659832850093,1627.756303441206,87.92522805663785,96.55719284599446,1630.3201479327424,1613.624219183576,0,MEDIUM,-10.856015012224361,-0.8663812559903761,-1.090861747991866
35.24366145465322,3209.1511110239762,16.09407205371518,95.23748483265756,3383.1507010035384,3204.217534830783,0,HIGH,1581.3948075827702,-1.319708013336907,1.1870631261522888
33.56183731541185,1782.3409640539178,177.5889909954435,95.19425490611167,1802.1444529929204,1880.298946239212,1,MEDIUM,-1426.8101469700584,-0.04322992654589086,-1.681824139241371
35.063076441973124,3459.967748216504,130.43658754134347,96.9909059906445,3335.177526127655,3530.938297293127,1,HIGH,1677.626784162586,1.79665108453284,1.5012391265612735
33.48496433353267,1952.4262560046309,134.8551585949915,98.28610404647412,2074.5931873223008,1797.4765400524884,1,MEDIUM,-1507.541492211873,1.2951980558296157,-1.5781121084404504
33.52212428240557,1785.5281670794632,144.413018320343,97.34046276705291,1865.1397434569228,1755.1269863854181,1,MEDIUM,-166.8980889251677,-0.9456412794212099,0.03715994887289753
33.91616615848065,2410.8652975967884,279.57454333603664,96.09560768171343,2491.3754638678206,2395.6899192505903,1,HIGH,625.3371305173252,-1.2448550853394806,0.3940418760750788
33.57527389136178,1599.5722982697173,123.48927398109119,98.17301428140209,1526.2564768290904,1575.399405039481,1,MEDIUM,-811.2929993270711,2.0774065996886577,-0.34089226711886766
34.43510779087364,1001.3027626566861,167.11434806432118,96.59884779087093,1032.036618218543,995.3584560000635,1,MEDIUM,-598.2695356130312,-1.5741664905311552,0.8598338995118553
34.32854118920055,827.3210673539133,62.22795313478985,97.37761150830816,908.9310171318727,984.2130462575516,0,MEDIUM,-173.98169530277278,0.7787637174372293,-0.10656660167308729
33.74804321850803,246.89843741824944,64.93764273353379,99.08302332299526,211.04355843119293,478.03906564230067,0,MEDIUM,-580.422629935664,1.7054118146870962,-0.5804979706925195
34.35958754172565,1532.5224805287232,79.95809732505305,100.0,1370.0826570076085,1588.9273265576383,0,MEDIUM,1285.6240431104738,0.9169766770047403,0.6115443232176219
33.30732494467414,2317.1281234495277,246.30047058500293,98.22265935187978,2310.64560499086,2318.586070891519,1,HIGH,784.6056429208045,-1.7773406481202159,-1.0522625970515094
34.12788675015357,2336.196655109146,237.07728751745947,96.75695629320234,2432.7723319097836,2466.830188508871,1,HIGH,19.068531659618202,-1.4657030586774482,0.8205618054794286
35.112452644264316,2418.8055153704363,137.92493425602686,99.40231128834643,2504.73330692575,2370.302104821929,1,MEDIUM,82.60886026129037,2.645354995144089,0.9845658941107445
34.42960090636165,65.99272540528892,65.88979230247115,98.44180934815648,229.14888756328386,78.13215844249237,0,MEDIUM,-2352.812789965147,-0.9605019401899426,-0.6828517379026664
34.38431033454387,1592.9901350474006,237.1211250965345,97.07692157378847,1548.3943879004469,1412.6765651774087,1,HIGH,1526.9974096421117,-1.3648877743680146,-0.04529057181778029
34.35195343371537,2551.0369021419633,104.86906356212211,96.65402076279312,2684.7939152078775,2632.8777867738945,0,HIGH,958.0467670945627,-0.42290081099534405,-0.03235690082849629
34.311591717127456,729.7072992483442,249.01307698088016,96.96613818201513,636.0379393453965,463.36450309203815,1,HIGH,-1821.3296028936193,0.3121174192220053,-0.040361716587916874
33.78922749322286,1309.8880861760501,257.9440486162943,98.16788999048413,1385.2110340614654,1202.8899183343592,1,HIGH,580.180786927706,1.2017518084689982,-0.5223642239045958
34.66325704546115,1232.5484621128141,202.09931322658392,99.31322812800856,1292.1800438456103,1360.4430445119901,1,HIGH,-77.33962406323599,1.1453381375244334,0.8740295522382908
34.68248198446238,1696.0548910649727,179.0298530899383,99.56825770696108,2010.8192870655962,1540.4894219230616,1,MEDIUM,463.50642895215856,0.25502957895251654,0.01922493900122646
33.942607881047074,321.19437836016374,165.8668333835427,100.0,270.2544057634075,323.30463025686913,1,MEDIUM,-1374.860512704809,0.43174229303892275,-0.7398741034153034
33.61300860535117,2660.986835905429,68.88021611265513,96.6776227740542,2542.8750479240593,2579.2003961849164,0,HIGH,2339.7924575452653,-3.3223772259458,-0.3295992756959052
34.615935498388865,0.0,187.95019904705237,98.39157713647086,-168.86531829453168,139.5026381675048,1,HIGH,-2660.986835905429,1.7139543624166578,1.0029268930376958
34.540433152496,1054.2271394883305,258.41076403767994,98.04278428113263,852.4498262160697,1067.3540418192547,1,HIGH,1054.2271394883305,-0.3487928553382318,-0.07550234589286475
34.23652630585919,308.36033847945976,245.60655835777553,96.01725354306515,333.2406759580529,178.54299959515686,1,HIGH,-745.8668010088708,-2.0255307380674736,-0.30390684663680645
35.19990150322905,317.0822275050402,268.81401917377593,100.0,288.61370002837475,346.8265225550955,1,HIGH,8.721889025580424,3.982746456934848,0.9633751973698566
34.53720607852632,1129.7549246844721,222.79225703968712,98.68322861563583,1149.1963409627656,888.3999874396163,1,HIGH,812.6726971794319,-1.3167713843641735,-0.6626954247027328
34.791467863611196,2468.259800243463,240.85235369057318,97.58819470703877,2477.126656710813,2575.9324658914843,1,HIGH,1338.5048755589908,-1.0950339085970597,0.2542617850848785
34.001206818962295,850.8057891716434,265.3537574822212,97.43108493272426,753.4239796631571,713.2909804068496,1,HIGH,-1617.4540110718194,-0.157109774314506,-0.7902610446489007
34.26921624988569,2164.19904518587,164.06975724245135,96.38141113876168,2142.074016276129,2064.4339671739017,1,MEDIUM,1313.3932560142266,-1.049673793962583,0.26800943092339224
33.768609306650625,1391.0294150919772,293.77556062553515,96.87211665172775,1545.0928815758155,1610.381896202627,1,HIGH,-773.1696300938929,0.49070551296607334,-0.5006069432350628
35.463250214061034,1513.9994978736647,198.85697101897347,100.0,1519.3169113278605,1615.9207416574104,1,HIGH,122.97008278168755,3.127883348272249,1.6946409074104096
34.99726915609291,875.7871950458971,3.766312448888436,99.18846440485017,806.9718643858922,916.7617012419977,0,LOW,-638.2123028277676,-0.8115355951498344,-0.46598105796812206
35.602961568216514,2875.7020292800867,149.97856537228284,95.99945281908565,2811.4242880829424,2972.3123046459245,1,HIGH,1999.9148342341896,-3.1890115857645185,0.6056924121236023
34.685543278364115,2126.5653576489585,113.19785069021611,98.25465820074412,2192.1026015179555,2001.5242383028587,0,MEDIUM,-749.1366716311281,2.2552053816584703,-0.9174182898523995
35.051393130564406,1433.1463150089398,151.68841647335566,98.21017904277264,1413.3205763839592,1482.629147422191,1,MEDIUM,-693.4190426400187,-0.044479157971480277,0.36584985220029154
34.39927805597267,1365.3408166237843,131.27474405438088,98.13174472017846,1422.487766333126,1606.571319778902,1,MEDIUM,-67.80549838515549,-0.07843432259417682,-0.6521150745917339
34.083406095506994,1567.9455985270858,198.70539917079918,97.91732016111445,1521.9104455103547,1646.7079865245487,1,HIGH,202.6047819033015,-0.21442455906401392,-0.3158719604656781
34.312132153276714,1614.0839274280856,162.41911386172842,98.11378950048295,1567.3630434607007,1768.5472074255372,1,MEDIUM,46.138328900999795,0.1964693393685053,0.22872605776971966
34.43332209337638,1720.859383881418,284.39496868834453,96.95113770085244,1805.3095102067869,1963.8581803655961,1,HIGH,106.77545645333225,-1.1626517996305097,0.12118994009966855
35.18772337183285,1690.2492745832874,19.266004040098146,97.95276741829448,1773.104717037974,1634.3267998209667,0,MEDIUM,-30.61010929813051,1.001629717442043,0.75440127845647
33.13409994375603,3862.221781155262,231.8995470027892,93.92154553669317,3753.8789068703527,3916.158554665174,1,HIGH,2171.9725065719745,-4.0312218816013115,-2.0536234280768255
34.0918144523766,219.35136880932708,248.71055926468273,98.62069729002727,461.9418944880956,279.10753519753763,1,HIGH,-3642.8704123459347,4.6991517533340925,0.957714508620576
33.26717483204058,0.0,36.47675023449262,99.97139480871836,-119.51076113473874,-137.84763556020846,0,LOW,-219.35136880932708,1.3506975186910921,-0.824639620336022
34.319507692715256,3221.6246671237222,44.7310132045029,95.93678398386496,3190.7546358208024,3366.6831911340446,0,HIGH,3221.6246671237222,-4.034610824853402,1.0523328606746745
33.75906846688462,3315.4723204079655,26.255566296390317,96.94525229155722,3512.668513305086,3369.924040350592,0,HIGH,93.84765328424328,1.0084683076922687,-0.5604392258306348
34.19561186325325,1719.9849374098517,295.03036861551215,98.67704065790002,1765.1072297091137,1627.86301594039,1,HIGH,-1595.4873829981138,1.7317883663427978,0.43654339636862716
35.252294893684024,811.2063234773268,278.1055701677712,96.50846197608833,808.2502438936594,765.4843197271583,1,HIGH,-908.7786139325249,-2.168578681811695,1.0566830304307757
34.22044293871174,2114.631651179696,174.64960853845042,95.34377710193827,2057.891035536706,2525.4346017490034,1,MEDIUM,1303.425327702369,-1.1646848741500548,-1.0318519549722822
34.56104734737909,352.0948647444522,199.98659809519964,98.06592279256401,446.80290793943095,363.3830294116055,1,HIGH,-1762.5367864352436,2.7221456906257373,0.3406044086673461
35.02389941075195,2029.0091014685124,226.12499687017956,97.81759938283325,2005.2188908573564,1960.3355741084492,1,HIGH,1676.9142367240602,-0.24832340973075873,0.4628520633728641
33.012319883780485,707.9702794024879,232.10594013384377,98.58258847789675,807.9145827179128,691.966495975059,1,HIGH,-1321.0388220660245,0.7649890950634983,-2.0115795269714667
34.63424814468323,1931.177513415325,212.75435320707908,95.69359229747738,2143.7037409529,1811.3842370169746,1,HIGH,1223.207234012837,-2.888996180419369,1.6219282609027417
34.45488146339672,912.6097059720248,183.43246877759557,98.5237932672095,845.328814139214,1143.1344308191906,1,HIGH,-1018.5678074433001,2.830200969732118,-0.1793666812865098
34.060374076722105,2498.704305089403,101.97887724930351,96.05636533109734,2420.9261452208307,2628.2636463047456,0,MEDIUM,1586.0945991173783,-2.467427936112159,-0.3945073866746114
33.91019508250384,2540.2276264253405,108.66676605519274,96.16214511768315,2645.856470391545,2591.147532508945,0,HIGH,41.52332133593745,0.10577978658581344,-0.15017899421826542
34.35025169821222,2330.608549575905,293.88961814245687,96.02137009438519,2543.7041489398453,2503.476903790711,1,HIGH,-209.61907684943571,-0.14077502329796232,0.44005661570837873
34.782873422154466,2096.3202539867893,186.56335095992145,96.95091807985504,2080.392798666943,2028.0564573127658,1,HIGH,-234.28829558911548,0.9295479854698527,0.4326217239422476
33.372437707301074,675.735649453103,231.64668791359725,96.96330276400518,587.3626539651117,493.2724567748048,1,HIGH,-1420.5846045336864,0.012384684150134717,-1.4104357148533921
34.48110989441768,1580.9751878291686,206.27572056725606,97.13930098161914,1657.630684306067,1360.4513397460128,1,HIGH,905.2395383760656,0.17599821761396583,1.1086721871166034
34.42927543126121,0.0,26.630750851319743,97.07845190920438,205.25052708282658,113.20084652775502,0,LOW,-1580.9751878291686,-0.06084907241476856,-0.051834463156467336
33.8060616667307,1313.5739207097188,156.17911766727846,98.59698664532574,1487.4485109233651,1359.8526743648533,1,MEDIUM,1313.5739207097188,1.5185347361213672,-0.6232137645305116
36.14644202446748,934.046018220651,95.1723060951651,98.84377155313142,992.5163473479832,1115.3513942827847,0,MEDIUM,-379.52790248906774,0.24678490780567586,2.340380357736784
33.7417438741589,281.3075837673645,37.92929935547069,100.0,299.48026683568673,303.6828173496613,0,LOW,-652.7384344532866,1.1562284468685817,-2.404698150308583
34.56851329224265,2477.483494218194,130.11166597748684,95.39727937565817,2509.011095204434,2305.4611149713505,1,MEDIUM,2196.1759104508296,-4.602720624341828,0.8267694180837495
33.43309173893849,944.5881220824886,165.02827610833234,100.0,1026.4407931585163,864.6521540001781,1,MEDIUM,-1532.8953721357057,4.602720624341828,-1.1354215533041625
35.08926934159221,2579.1975475687113,290.2053584554543,98.94771610293779,2552.7926252444336,2560.523838223089,1,HIGH,1634.6094254862228,-1.0522838970622104,1.6561776026537203
34.1069468691104,814.0408594746674,85.77321445666621,97.44039959060095,800.8658170539642,673.2870440056312,0,MEDIUM,-1765.156688094044,-1.5073165123368426,-0.9823224724818047
34.74920130511179,1765.8373130069053,285.72349583108655,95.78638588326469,1842.284981571062,1655.4992044321805,1,HIGH,951.7964535322379,-1.6540137073362615,0.6422544360013873
33.29676180730179,872.4594964027466,263.7877468021204,97.53442176654511,1014.0966648337444,919.4364499338832,1,HIGH,-893.3778166041587,1.7480358832804228,-1.4524394978099977
35.27218913604213,2277.079064056567,66.09908266679298,98.1064609013095,2119.537220056791,2128.4737733200714,0,MEDIUM,1404.6195676538205,0.5720391347643954,1.9754273287403379
34.51394396104749,2175.568435616625,169.55097182681595,96.47873878301455,2265.358702290295,2144.008833819526,1,MEDIUM,-101.51062843994214,-1.6277221182949546,-0.7582451749946415
33.082473812978776,0.0,27.49813295758782,99.01804863208181,-100.38949148471468,36.49834676521735,0,LOW,-2175.568435616625,2.5393098490672656,-1.431470148068712
34.930876784000795,232.33021621191844,278.20487479693725,99.71550067241792,88.94544983210228,412.7066301635091,1,HIGH,232.33021621191844,0.6974520403361026,1.8484029710220184
34.08749570567256,2138.904260025727,98.09081473291606,96.77266753196187,2107.578952642214,2308.0059373377917,0,MEDIUM,1906.5740438138087,-2.9428331404560453,-0.8433810783282354
34.9721922845008,2968.2923253031745,161.12788396774465,97.43834889470794,2929.7078064102516,2911.651735259562,1,HIGH,829.3880652774474,0.6656813627460707,0.8846965788282404
33.05990827144025,0.0,210.91581168635784,100.0,-10.83600251351578,-39.17924364729885,1,HIGH,-2968.2923253031745,2.561651105292057,-1.9122840130605496
33.00875653246612,708.653025983378,137.63655990968692,98.74415405742617,592.0037869242052,724.9808564136741,1,MEDIUM,708.653025983378,-1.2558459425738278,-0.05115173897412717
34.93946579047004,1894.4373736297423,16.03277343385814,97.81899684075843,1963.424059169607,2115.5466119061884,0,MEDIUM,1185.7843476463643,-0.925157216667742,1.9307092580039154
34.4112863162482,2763.580294320861,118.39247691071775,97.73058396439673,2677.5104014214508,2722.3066743678305,0,HIGH,869.1429206911187,-0.08841287636170136,-0.5281794742218366
35.392629933649694,2501.0196190981096,170.76096358939049,97.1041366012309,2515.769035496378,2429.1456482352,1,HIGH,-262.56067522275134,-0.6264473631658234,0.9813436174014925
35.031777378641486,2898.8195791196226,178.81564454889,97.1053580910408,2780.8574256255188,2704.7806840807348,1,HIGH,397.799960021513,0.001221489809893228,-0.3608525550082078
35.596215419267374,2046.2684488342745,254.6799604207338,95.29939474197997,1907.2341703789282,2202.587326114301,1,HIGH,-852.5511302853481,-1.805963349060832,0.5644380406258875
34.727465440728395,3072.338800176607,11.66212848953438,97.12246518604172,3147.697370201099,3034.1685089081866,0,HIGH,1026.0703513423325,1.8230704440617558,-0.868749978538979
35.60182527540032,1761.4617390117696,5.470133739767174,97.37797437371415,1640.4760706269922,1803.0004280394141,0,MEDIUM,-1310.8770611648374,0.25550918767243047,0.8743598346719281
33.352341731908744,1334.6969469224055,72.81835465854792,98.9031699028322,1298.6000589551502,1483.1843230564132,0,MEDIUM,-426.76479208936416,1.5251955291180508,-2.2494835434915785
35.86623651908777,2597.879989786545,291.1945344970663,97.44751309903963,2443.5297600978492,2542.162406767309,1,HIGH,1263.1830428641397,-1.4556568037925786,2.5138947871790265
34.55681422321752,1737.8339699645064,228.44778161597955,95.40675178556582,1820.9285054912743,1677.3329776612984,1,HIGH,-860.0460198220387,-2.0407613134738085,-1.3094222958702488
34.5951078118779,425.19291277172726,233.04258696751808,99.43377364900715,606.5384744196726,236.06465566446903,1,HIGH,-1312.641057192779,4.027021863441334,0.03829358866038035
35.063716550103635,1434.1665236699612,264.48023246639065,99.41890833641408,1631.793642145882,1516.650082389356,1,HIGH,1008.9736108982339,-0.014865312593073554,0.4686087382257327
34.13333970163755,1293.951635532285,266.7759571188311,98.67717567707017,1302.5755032654297,1260.5465426385706,1,HIGH,-140.2148881376761,-0.74173265934391,-0.9303768484660822
34.997932322350216,1495.3697996030946,253.0572537632833,97.87730095224482,1543.8431894065961,1405.2115865148692,1,HIGH,201.41816407080955,-0.7998747248253437,0.8645926207126635
34.374540957537874,1681.9632061603677,230.61168952549932,98.86768224718037,1681.1873474516324,1734.8652461978784,1,HIGH,186.59340655727306,0.9903812949355455,-0.6233913648123419
34.11207755234978,53.594364691380946,89.03431748573027,96.95042766728932,-239.62476043812796,178.31791740497187,0,MEDIUM,-1628.3688414689868,-1.9172545798910505,-0.2624634051880932
33.49740286668786,137.35784391059076,167.65520778877698,100.0,300.59017666130194,140.68225760451674,1,MEDIUM,83.76347921920981,3.0495723327106816,-0.6146746856619245
35.03959512947612,971.3890717219755,61.76937915315149,99.35357539198165,868.1200867557611,902.5117445382367,0,MEDIUM,834.0312278113847,-0.64642460801835,1.5421922627882623
34.68504358904148,1448.0376194715893,121.05083714974971,98.23750675462149,1290.596476687934,1313.8656052825706,1,MEDIUM,476.64854774961384,-1.1160686373601578,-0.35455154043464177
33.85062924285092,3249.61955010429,212.38633767982634,96.61146712026452,3236.9740338844185,3089.524406835945,1,HIGH,1801.5819306327005,-1.626039634356971,-0.834414346190556
33.03791958514541,1062.1264372030353,217.9112681360747,98.25565256837348,1168.058904420799,1241.8788741754915,1,HIGH,-2187.493112901255,1.6441854481089564,-0.8127096577055113
34.69164347556365,293.91066518848885,144.2777173280688,97.3749760652535,412.7633488789833,276.94200503562774,1,MEDIUM,-768.2157720145465,-0.8806765031199717,1.6537238904182416
34.69642218860234,2869.271979436843,300.0,93.80549018318547,2775.4791215541013,3015.363034963708,1,HIGH,2575.361314248354,-3.5694858820680366,0.004778713038689375
34.67550473217381,2896.4779950288694,102.98155303029984,95.74685164485494,2741.559373007197,2918.099923745333,0,HIGH,27.206015592026233,1.941361461669473,-0.020917456428527714
34.70530990072804,1923.927505418299,99.70042836168834,100.0,1998.2265898348803,1931.1736918557608,0,MEDIUM,-972.5504896105704,4.253148355145058,0.029805168554226213
34.543583736098384,2267.9456886158823,235.49047582499298,98.5891070740291,2410.5899984051853,2068.275930818274,1,HIGH,344.0181831975833,-1.4108929259708987,-0.1617261646296555
33.24330749677828,1502.237103481094,229.90902015428358,96.88000485803546,1509.9057283878071,1682.7886164691326,1,HIGH,-765.7085851347883,-1.7091022159936387,-1.3002762393201053
34.98754428557479,1219.5225328274944,196.1047511582948,97.9845771057048,1132.3283465356594,1275.2142730703677,1,HIGH,-282.7145706535996,1.1045722476693385,1.7442367887965133
32.492451912059295,731.4527517115822,75.30784735997355,98.57258799428058,779.6258774031603,612.0532712451645,0,MEDIUM,-488.0697811159122,0.5880108885757807,-2.4950923735154973
35.592905154856226,1589.6324875256491,116.74591651282545,95.58618591473224,1607.9111151662769,1616.6692608251876,0,MEDIUM,858.1797358140669,-2.9864020795483412,3.100453242796931
33.869907282876675,1769.9214992988284,180.49408959195534,97.56458169832314,1643.25307259117,1636.6116966826971,1,HIGH,180.28901177317925,1.9783957835908978,-1.7229978719795511
35.37508894073254,2212.720818710867,6.1655527553106495,96.49231811434016,2120.260671006111,2371.028987343182,0,MEDIUM,442.7993194120388,-1.0722635839829735,1.5051816578558643
34.442629239470406,1091.4249451245244,260.3400980470094,96.8628487031926,1140.7279230098832,1089.7967621386977,1,HIGH,-1121.2958735863429,0.3705305888524322,-0.9324597012621325
33.13177520647771,1191.3930497828028,155.29764713404577,96.97851517075009,1218.486641440452,1093.9650234109452,1,MEDIUM,99.96810465827843,0.11566646755748877,-1.3108540329926939
34.533053812373915,0.0,189.5678001502044,98.22790492076535,-37.490264769886416,-16.13410806276651,1,HIGH,-1191.3930497828028,1.2493897500152684,1.4012786058962021
35.17892703735605,1857.1185934319317,189.86117742699443,99.06433230818892,1816.7335114139441,1825.582933115658,1,HIGH,1857.1185934319317,0.8364273874235693,0.6458732249821324
33.472471636352026,1096.9221116297144,168.61798284328918,98.74533746003597,1040.491736347452,884.7111835075858,1,MEDIUM,-760.1964818022172,-0.3189948481529541,-1.7064554010040212
33.41802907276226,1513.7219698197478,161.7970227212627,97.83196470229501,1396.9802719085917,1226.5562105584888,1,MEDIUM,416.7998581900333,-0.9133727577409587,-0.054442563589766735
32.38427509605869,110.21981165941988,283.42937647081357,99.45053912597653,191.7632544143536,182.65796933628613,1,HIGH,-1403.5021581603278,1.6185744236815225,-1.0337539767035722
33.75453785058049,1878.6816969388149,120.43127993208896,97.60373838873635,1965.9181108636321,2029.398762743795,1,MEDIUM,1768.461885279395,-1.8468007372401871,1.3702627545218036
35.016670678881766,568.1743841075457,282.995102093215,99.55040287598904,360.2544251422712,505.4556531137551,1,HIGH,-1310.5073128312692,1.94666448725269,1.2621328283012758
35.5611156124708,2317.515166700261,177.28946294067933,97.48193812737779,2128.586338705538,2172.877611373075,1,MEDIUM,1749.3407825927152,-2.068464748611248,0.544444933589034
34.257070219585174,1060.6613529323274,132.2005502505286,98.6266068216233,953.2406200281861,1179.9851703495192,1,MEDIUM,-1256.8538137679336,1.1446686942455102,-1.3040453928856266
34.12679122934594,2366.7408626714696,83.51389281885878,99.05384142878088,2394.8296732123404,2411.271126728932,0,MEDIUM,1306.0795097391422,0.42723460715758677,-0.1302789902392334
33.37615894339347,1770.8910945273312,215.74508346828733,97.69437773495831,1786.8913452785075,1829.907465951299,1,HIGH,-595.8497681441384,-1.3594636938225761,-0.7506322859524701
35.34027640970735,2167.652988584253,147.6164316270089,97.531110549455,2365.8768446492604,2319.039675974119,1,MEDIUM,396.7618940569216,-0.1632671855033152,1.9641174663138798
34.01006809872578,1779.0250271572554,69.15813608556452,97.64179836901135,1720.6619510173637,1778.304168011181,0,MEDIUM,-388.62796142699744,0.11068781955636098,-1.3302083109815683
34.282183210116834,1090.2279864952955,228.06858883184825,96.88650297039385,867.7493232266769,1158.1281721835062,1,HIGH,-688.79704066196,-0.7552953986175055,0.27211511139105227
33.85873065784075,1398.8985245747642,93.42777959092996,96.92039437678115,1414.4020446006775,1192.6311154313842,0,MEDIUM,308.67053807946877,0.03389140638729771,-0.4234525522760819
34.94879547476665,1511.6891101826589,215.4023281574978,98.3192000899926,1618.0615121333856,1478.2631762143421,1,HIGH,112.79058560789463,1.398805713211459,1.0900648169258957
34.70567581564215,1112.8748310553976,155.15295741891526,95.61786569490476,1142.496065246049,1100.32994068488,1,MEDIUM,-398.8142791272612,-2.701334395087841,-0.2431196591244955
35.09909994792104,995.7140872415637,14.462296575070322,97.75760059994276,938.8273303851685,1221.0210387774314,0,LOW,-117.16074381383396,2.1397349050379972,0.39342413227888784
33.39226189957674,3195.3394657278745,288.05383937712963,94.33434776152137,3031.902234403968,3362.9895570169388,1,HIGH,2199.625378486311,-3.4232528384213907,-1.7068380483443022
35.40334422443575,2588.7051549807047,122.58811979884594,96.21972484651707,2571.1812728239433,2675.7937934131783,1,HIGH,-606.6343107471698,1.885377084995696,2.011082324859011
34.677130094463124,1010.3412487207675,172.2686937937392,97.21087754769042,1103.0486655455056,1044.752679975299,1,MEDIUM,-1578.3639062599373,0.9911527011733483,-0.7262141299726252
33.356057219618215,0.0,0.0,99.99216998751724,18.0858693226219,-158.72351782010043,0,LOW,-1010.3412487207675,2.781292439826828,-1.3210728748449085
34.4333986535286,2536.87481907867,90.14120414501626,95.49719056863016,2720.5456586368737,2730.9453894089866,0,HIGH,2536.87481907867,-4.494979418887084,1.0773414339103837
35.96922844628319,397.2505234263498,155.02112909108362,98.82041792650746,421.3548008843716,581.8169657251252,1,MEDIUM,-2139.62429565232,3.3232273578773004,1.5358297927545905
34.734844505480055,2453.7331598050737,288.11180506974165,97.37719443986524,2563.439389062558,2314.8635538154936,1,HIGH,2056.482636378724,-1.4432234866422249,-1.2343839408031343
33.899049003623276,1610.3229036230837,242.54857733013424,97.45651597127102,1724.1444973790499,1677.8299340176952,1,HIGH,-843.41025618199,0.0793215314057818,-0.8357955018567793
35.593271357044244,1561.7198942839534,178.90592893898022,96.38014174916479,1697.6995321434124,1561.2881465503592,1,MEDIUM,-48.60300933913027,-1.0763742221062245,1.6942223534209688
34.19625810517688,2169.825991430275,94.12504899723892,98.54427819810019,2397.7163654715764,2225.8619812131647,0,MEDIUM,608.1060971463214,2.1641364489353947,-1.3970132518673637
34.28486002106249,1359.3388215907619,101.2323045325031,99.7488953302776,1267.6700464374771,1458.7439997740134,0,MEDIUM,-810.487169839513,1.2046171321774182,0.0886019158856115
34.15486580325625,0.0,287.9011295384703,100.0,-155.3412672566845,88.25665642614885,1,HIGH,-1359.3388215907619,0.25110466972239465,-0.12999421780624232
34.913041124526956,2943.2482114231084,300.0,96.40187564206352,2945.7151013270127,2645.3541268973245,1,HIGH,2943.2482114231084,-3.5981243579364843,0.7581753212707056
34.22420537748861,3759.5260808489584,209.79703891121807,95.20155770014996,3885.6360821420235,3770.8882845645994,1,HIGH,816.27786942585,-1.2003179419135535,-0.6888357470383468
33.93613638843852,2069.756152978959,161.6377015926122,96.31920979766284,2184.496484199948,2077.693406997647,1,MEDIUM,-1689.7699278699993,1.1176520975128739,-0.28806898905008893
34.220553033370166,797.9336023659623,39.7906962476457,98.52215050364129,926.1984965332437,756.5247425242837,0,LOW,-1271.8225506129968,2.202940705978449,0.2844166449316461
34.78876793059414,1129.8596586650376,110.79098415599431,99.33986300613259,1118.9045798379052,1144.3972131348053,0,MEDIUM,331.9260562990753,0.8177125024913039,0.5682148972239744
34.64125015913002,1871.3818498319793,295.1402381826822,97.81145064126389,1924.1078706221651,1835.636929174815,1,HIGH,741.5221911669416,-1.5284123648687,-0.14751777146412337
33.85908697968401,1893.9626609974168,288.52802685789965,96.86256151682217,1883.9656700318685,1932.1970874941974,1,HIGH,22.58081116543758,-0.9488891244417204,-0.7821631794460089
34.86937604379155,3169.295909760577,41.38901851278186,98.43817555800908,3164.9655910622546,3149.3222558647976,0,HIGH,1275.3332487631603,1.5756140411869097,1.010289064107539
34.61390478140706,1117.3444524498314,280.21897873005224,98.22962141927576,941.2896506027796,1302.2881781024703,1,HIGH,-2051.951457310746,-0.2085541387333194,-0.25547126238448925
32.65783050293634,1727.6086081248516,146.85279058741676,96.93093735398152,1544.0125483967633,1651.267331189569,1,MEDIUM,610.2641556750202,-1.298684065294239,-1.956074278470716
34.79127860785349,2438.306825383104,187.98057317252935,98.17790042484067,2447.184322492786,2308.9650311963655,1,HIGH,710.6982172582523,1.2469630708591524,2.13344810491715
34.16002288641389,1872.5301907415899,52.3545221690853,97.35983535493358,1719.5582317006126,2016.2354660065464,0,MEDIUM,-565.776634641514,-0.8180650699070924,-0.6312557214396008
34.19887466340772,1711.8087338015732,10.91282185676765,96.73097297261216,1775.195711024405,1595.945203939167,0,MEDIUM,-160.72145694001665,-0.6288623823214152,0.038851776993830356
33.40977305270568,274.563847135038,44.44822225924028,100.0,242.11287396415912,12.2643458321431,0,LOW,-1437.2448866665352,3.2690270273878355,-0.7891016107020405
34.382119826021075,819.7446864761318,50.570891880308594,97.67459334488302,845.1101839329866,815.8012856204721,0,LOW,545.1808393410938,-2.3254066551169785,0.9723467733153939
34.496182464006154,1342.3945918402721,147.77878136882825,97.23505403414444,1074.0421686221082,1537.5056929604818,1,MEDIUM,522.6499053641403,-0.43953931073858143,0.11406263798507865
34.32014484241619,253.31318875161952,239.15646098878403,95.6367655555565,195.50879733271907,18.49652746219178,1,HIGH,-1089.0814030886527,-1.5982884785879463,-0.1760376215899626
34.11495057477401,0.0,15.03979819818005,99.30721751128735,110.82292194444773,137.66725537809344,0,LOW,-253.31318875161952,3.6704519557308544,-0.2051942676421845
35.53068337816276,2031.0043852511233,12.361111590931397,97.74696208877013,2067.5314201869633,1818.4158494731164,0,MEDIUM,2031.0043852511233,-1.5602554225172156,1.4157328033887566
34.379782205931775,975.855394669051,244.72586650013233,98.0556788173802,1104.931517696817,1002.1179812808529,1,HIGH,-1055.1489905820722,0.30871672861006516,-1.1509011722309879
35.05349746586427,834.3453702930776,183.4426726786343,98.63750432027102,956.9367803899436,881.5284021992691,1,HIGH,-141.51002437597333,0.5818255028908226,0.6737152599324929
34.092026792435064,2684.581332993765,64.10860671956252,96.88380705263174,2849.8760405831604,2729.1538072178464,0,HIGH,1850.2359627006874,-1.7536972676392821,-0.9614706734292042
35.195536307583616,2290.5934302592236,26.20075970741018,97.44296162948967,2291.5506856073976,2482.2747023145002,0,MEDIUM,-393.9879027345414,0.5591545768579351,1.1035095151485521
34.6353524203059,1384.2363140400894,186.33351587754984,97.18281756583261,1346.2885654274016,1297.1556678339584,1,HIGH,-906.3571162191342,-0.26014406365706577,-0.5601838872777165
33.68963699766197,1230.69723191843,37.34901959148787,99.56374258735617,1099.0196477498328,1353.9596993099503,0,MEDIUM,-153.53908212165948,2.3809250215235664,-0.9457154226439286
34.06468633533886,2331.6227533746423,225.96296505320618,96.56430368614377,2328.849874725525,2442.458081302166,1,HIGH,1100.9255214562124,-2.9994389012124003,0.3750493376768915
34.75644941891804,2368.449145935809,136.4034131425147,97.73761571954708,2479.734209049505,2461.4277426911035,1,MEDIUM,36.82639256116681,1.173312033403306,0.6917630835791755
33.742579662553474,0.0,269.8423817506262,99.66902386685425,-108.82910769777757,-81.15523946196404,1,HIGH,-2368.449145935809,1.9314081473071667,-1.0138697563645636
34.81044330821921,1423.8509176591292,189.53309602146587,98.69098822618722,1363.6933580649957,1267.8036512758003,1,HIGH,1423.8509176591292,-0.9780356406670307,1.0678636456657387
34.284263141475776,1390.323299315914,283.7647015734934,95.19917607372552,1213.3680362001207,1166.1860016454941,1,HIGH,-33.52761834321518,-3.4918121524616907,-0.5261801667434369
33.72291768469287,2714.8555153466928,174.8154057344529,96.08229697153413,2692.9291384197686,2886.2233696151593,1,HIGH,1324.5322160307787,0.8831208978086096,-0.5613454567829095
34.09965822938657,701.4320669973913,139.8411529832241,99.16688393031379,660.0775075882058,596.5283603214461,1,MEDIUM,-2013.4234483493015,3.084586958779653,0.3767405446937033
34.48526417536308,1966.756850951931,185.455739604064,98.25433935128565,1893.343602150064,2274.485444404394,1,HIGH,1265.3247839545397,-0.9125445790281361,0.38560594597650777
33.84864508216157,833.38329278701,54.3043431729886,97.81223737615768,768.6352314524108,912.6771715780483,0,LOW,-1133.3735581649212,-0.44210197512796867,-0.6366190932015101
35.43714895836998,1943.3737997418195,105.55856811723136,96.69882734861717,2053.208537432244,1888.7109089648347,0,MEDIUM,1109.9905069548095,-1.1134100275405103,1.5885038762084136
34.80495938824444,2735.2764031717747,70.9542607091454,95.4702102587166,2680.7600981782894,2948.1061420396386,0,HIGH,791.9026034299552,-1.2286170899005668,-0.63218957012554
33.99970971865382,1467.0214553720784,105.07653259912078,98.13627617066214,1383.1022696387606,1309.5083881075973,0,MEDIUM,-1268.2549477996963,2.6660659119455374,-0.8052496695906228
34.78628546414641,1706.8855267468268,88.23887658350432,96.93796569355774,1787.698382787162,1576.8054697407783,0,MEDIUM,239.8640713747484,-1.1983104771043998,0.7865757454925912
35.4067873330767,719.0849037894528,253.1372359555084,100.0,634.592520554705,840.7590113135075,1,HIGH,-987.800622957374,3.062034306442257,0.6205018689302904
34.54518149733449,0.0,76.46046926143836,98.52488101812632,-31.91346817667846,6.948668827770877,0,MEDIUM,-719.0849037894528,-1.4751189818736776,-0.8616058357422105
34.74762407738875,973.3037851986538,234.11358147694492,99.07409984877303,894.5533683024101,1110.23371254693,1,HIGH,973.3037851986538,0.5492188306467085,0.2024425800542602
35.25513203479766,1230.4028226499483,119.65925763071978,98.27069380129801,1314.310734261504,1309.692697841993,0,MEDIUM,257.0990374512945,-0.803406047475022,0.5075079574089116
34.58944869488842,0.0,251.8239222596065,99.84754111901445,-92.18551890262594,-34.753435694709125,1,HIGH,-1230.4028226499483,1.5768473177164424,-0.6656833399092434
34.748040842427926,750.2577459413927,296.9711088830557,100.0,813.8559374781323,944.414319011462,1,HIGH,750.2577459413927,0.15245888098554872,0.15859214753950823
35.659755768586365,1304.8339380296663,4.642156382646677,99.8448606782004,1187.864440655767,1676.844260743702,0,MEDIUM,554.5761920882736,-0.1551393217995951,0.9117149261584387
33.92264201242569,573.7648249289115,5.506695207917962,99.9206844083097,470.54578205458637,708.4164430827312,0,LOW,-731.0691131007549,0.07582373010929189,-1.7371137561606744
33.22757825991784,1397.6510109968542,14.632578326345913,98.83032184539883,1402.8266202827479,1528.014246320798,0,MEDIUM,823.8861860679427,-1.0903625629108689,-0.6950637525078491
35.406216096248734,1358.0007388292015,74.80662558272138,94.72449995407828,1437.3176717618642,1398.6776464592713,0,MEDIUM,-39.6502721676527,-4.105821891320545,2.1786378363308927
32.65863740117766,2589.4756249909265,158.7181927600999,96.96509783331645,2738.874057268702,2515.8626999166286,1,HIGH,1231.474886161725,2.240597879238166,-2.747578695071077
35.36780857517029,524.9114910206829,128.09602470977222,98.56923486764259,260.12233625865525,636.6144775904331,1,MEDIUM,-2064.5641339702433,1.6041370343261434,2.7091711739926296
34.548670069590734,3493.7459648563267,68.25351140503032,94.05911337956388,3667.0497653410066,3306.077519450375,0,HIGH,2968.8344738356436,-4.51012148807871,-0.8191385055795521
34.5066099478875,906.7354829203049,203.78736336464854,99.09539124883675,1035.7832234965827,658.7005771188285,1,HIGH,-2587.0104819360217,5.036277869272865,-0.04206012170323703
35.001233711541516,1909.0745852029486,70.55680019382224,97.74773413378543,2015.673574535271,1935.9565669330834,0,MEDIUM,1002.3391022826437,-1.3476571150513195,0.49462376365401894
33.829493616342084,3082.981780682968,284.2887143065795,96.4981136326695,3143.5342600126046,3254.154504375305,1,HIGH,1173.9071954800193,-1.2496205011159276,-1.1717400951994321
34.30355640033132,1410.640843681348,217.61269849599248,95.62307583920399,1262.900003473777,1543.5977833892791,1,HIGH,-1672.3409370016197,-0.8750377934655091,0.47406278398923263
33.676945705477834,713.2575698868171,70.06568318598073,97.47889477047593,691.2047381541947,723.2070916633479,0,MEDIUM,-697.383273794531,1.8558189312719406,-0.6266106948534826
33.284697864119664,2257.3027770055937,222.381414893533,97.32237888397088,2207.085720852475,2406.961310415635,1,HIGH,1544.0452071187765,-0.15651588650504777,-0.39224784135817004
34.62044193657505,0.0,60.63487094202773,98.86355123192241,-154.11466197329042,148.87952629186827,0,MEDIUM,-2257.3027770055937,1.5411723479515302,1.335744072455384
34.508704707559936,2571.9913566336268,177.51092927180008,97.97975010407247,2537.864703445436,2628.495754973832,1,HIGH,2571.9913566336268,-0.8838011278499494,-0.1117372290151124
34.81613822242643,1901.1369357383442,161.73933306558098,98.13690546992494,2021.0813317001812,1826.6071808414922,1,MEDIUM,-670.8544208952826,0.15715536585247492,0.3074335148664957
32.98839356431284,2089.3094255007027,170.49165187467662,98.84492563775294,2249.3420120840187,2129.4093250243354,1,MEDIUM,188.1724897623585,0.7080201678279963,-1.8277446581135948
35.142549318922114,1469.0409249708598,93.17457894022294,96.71941096596015,1458.7390089206945,1589.9749386408628,0,MEDIUM,-620.2685005298429,-2.1255146717927857,2.1541557546092776
34.83145357456907,1245.5770279868598,79.12267630966268,98.31889955740813,1028.1972584257196,1088.9325626165435,0,MEDIUM,-223.46389698400003,1.5994885914479795,-0.31109574435304665
33.951029097169275,2420.579509808034,147.81116309182093,97.84152681079878,2307.87902877106,2403.9199892535944,1,MEDIUM,1175.0024818211741,-0.4773727466093476,-0.8804244773997922
34.17760385567624,1285.8504382000224,254.3128006028685,96.9211597527118,1344.1786886353186,1022.3757992109346,1,HIGH,-1134.7290716080115,-0.9203670580869812,0.2265747585069633
34.42539381257722,659.4092014975805,6.847501762617434,97.39056033421595,886.479935277097,632.5420478631471,0,LOW,-626.4412367024419,0.46940058150414643,0.2477899569009807
34.211994699912005,1730.9771640741144,254.48778493235332,97.70245164456469,1638.530560422004,1870.7005623867312,1,HIGH,1071.5679625765338,0.3118913103487415,-0.21339911266521483
33.74448694366895,1490.171532526227,257.2621196366735,97.51141420477299,1502.5867891834018,1550.9926248367462,1,HIGH,-240.8056315478873,-0.19103743979169963,-0.46750775624305163
35.70385086255323,1574.6611599055234,251.08295759336377,99.50557992416549,1555.0699847050425,1642.5958341342032,1,HIGH,84.48962737929628,1.9941657193924982,1.9593639188842786
33.93383926024856,698.0089346442521,278.85881410609534,98.31502592386157,571.807256455998,713.8009802330859,1,HIGH,-876.6522252612713,-1.1905540003039192,-1.7700116023046704
33.73076376776692,1238.395907764023,298.87628054004887,97.73237604552824,1287.0830988781968,1141.6712670053487,1,HIGH,540.3869731197708,-0.5826498783333278,-0.2030754924816378
35.085259249694424,722.4739181236115,255.84886512171525,97.37100493027785,795.3086775659574,754.9588471833855,1,HIGH,-515.9219896404114,-0.36137111525039245,1.3544954819275006
35.28783514045109,2817.002984617022,9.711275410413563,96.3558417326148,2953.3168613762978,2805.6942011798187,0,HIGH,2094.5290664934105,-1.0151631976630426,0.2025758907566626
33.7183440725431,1245.3328659829353,110.4125852310347,97.40447810018652,1351.238886555531,1127.9370240192106,0,MEDIUM,-1571.6701186340865,1.0486363675717172,-1.5694910679079896
34.85277324406559,1925.9980959150125,244.93230456779284,96.14938507510885,2028.9527445643353,1916.8548510492808,1,HIGH,680.6652299320772,-1.2550930250776702,1.1344291715224912
33.68415421609889,4000.0,155.43362119748514,96.11076357676808,4208.51759537465,4065.691570528566,1,HIGH,2074.0019040849875,-0.038621498340773996,-1.1686190279666988
34.71346013108732,952.9601139338226,110.31774359626176,96.43871084431576,908.0225807132949,1052.4508543163358,0,MEDIUM,-3047.039886066177,0.32794726754768533,1.0293059149884272
34.612459502785406,915.8746311759938,295.0574723326149,98.59208581462981,848.9609112573888,966.3849715891103,1,HIGH,-37.0854827578288,2.1533749703140472,-0.10100062830191092
35.49181286055806,1792.6993727521046,237.60441378399614,98.52101202099959,1664.3788069393026,1932.2907448985384,1,HIGH,876.8247415761108,-0.07107379363021948,0.8793533577726578
35.42738844490252,366.91843806369513,26.507407273562357,99.8192046592648,452.43303602431024,291.69160427642726,0,LOW,-1425.7809346884096,1.2981926382652063,-0.06442441565554446
34.8116530696669,418.0237903083327,189.67948814708123,98.3442746271052,492.54749141525417,565.086844916373,1,HIGH,51.10535224463757,-1.4749300321596053,-0.6157353752356158
34.91092845709204,0.0,105.29836941611721,99.77616125774458,-34.312039901134824,3.7540540708557835,0,MEDIUM,-418.0237903083327,1.431886630639383,0.09927538742513775
34.92783039220697,1605.5191525930377,242.13926961454405,98.07941355953665,1597.3351324606772,1535.916865042197,1,HIGH,1605.5191525930377,-1.696747698207929,0.01690193511493021
34.85470308298684,1795.3264859561023,252.66491360855312,97.89229639607832,1795.8182489499682,1666.1219890404561,1,HIGH,189.80733336306457,-0.18711716345832485,-0.07312730922013344
35.475267069772386,675.8406735954904,151.46828699960508,99.53387240992653,649.0050063686798,819.0217429248565,1,MEDIUM,-1119.4858123606118,1.6415760138482085,0.6205639867855481
35.229493741178565,794.5425667074335,281.2685331048194,97.75154111574737,687.9280632078312,953.824720512073,1,HIGH,118.70189311194304,-1.7823312941791585,-0.2457733285938204
34.92128352008845,1537.4870294140694,237.492688218509,98.18660387528467,1475.7535821545732,1737.2998372361762,1,HIGH,742.9444627066359,0.43506275953730267,-0.3082102210901141
33.088963007578485,1650.8952265400953,13.646962999555285,97.77641650139174,1495.504456708749,1779.9085692511185,0,MEDIUM,113.40819712602593,-0.41018737389293847,-1.8323205125099662
33.50254451976956,2089.7726954552354,294.90504199807776,96.07497081991686,2162.9301972034173,1949.0108393233768,1,HIGH,438.87746891514007,-1.7014456814748797,0.4135815121910724
34.02363801576848,236.23079153406994,166.64690940824457,100.0,232.94158969848723,300.0595430971847,1,MEDIUM,-1853.5419039211654,3.9250291800831434,0.521093495998926
35.14004988794864,0.0,145.9428231072071,100.0,-37.777922144428494,185.79411703530448,1,MEDIUM,-236.23079153406994,0.0,1.1164118721801586
34.707710626299125,776.5392442634788,216.12288598707818,99.13756511456157,814.0851162514033,863.5242028830583,1,HIGH,776.5392442634788,-0.8624348854384323,-0.43233926164951697
34.33379533598355,935.7157016451599,106.14616929881358,97.39829311756257,939.3154172179327,894.1911223865753,0,MEDIUM,159.17645738168108,-1.739271996998994,-0.3739152903155727
34.250036176723945,1075.3493023827718,284.31407545120123,97.74371808970845,1098.9329350375444,1251.7102899725471,1,HIGH,139.6336007376119,0.345424972145878,-0.08375915925960697
34.807186698341425,1198.2793983280737,52.379376932136346,98.16922976011202,1147.3725323681483,1198.636672743578,0,LOW,122.9300959453019,0.42551167040356574,0.5571505216174799
33.50884763562929,2076.4298788101823,52.29998480945123,96.46458910680198,2167.550971304237,2091.8878268215963,0,MEDIUM,878.1504804821086,-1.7046406533100367,-1.298339062712138
33.8979061538609,1545.244238935982,195.11900658045377,98.45843711084774,1301.0442536489113,1518.751129929138,1,HIGH,-531.1856398742004,1.9938480040457591,0.3890585182316144
33.85245132986818,3419.7641533413603,288.2660928047731,96.45837871836854,3269.3895323578067,3285.7603179675393,1,HIGH,1874.5199144053784,-2.000058392479204,-0.045454823992720605
33.80792978807863,282.18213723264955,8.844875015178358,96.37336036903206,321.56115692436515,488.0115935563902,0,LOW,-3137.582016108711,-0.08501834933647956,-0.0445215417895497
33.99640857808077,1512.8995895798373,26.174231774908314,97.69360876273399,1706.9462335505466,1619.6761102171192,0,MEDIUM,1230.7174523471876,1.320248393701931,0.18847879000213652
34.820723138319295,1952.1566488713445,135.4048539131365,98.87077051893873,2113.230046121609,1918.0529167594443,1,MEDIUM,439.2570592915072,1.1771617562047396,0.8243145602385269
35.06216566675549,2186.8497017121454,68.77493354793842,95.9233000232782,2166.3546027495104,2342.430250287411,0,MEDIUM,234.69305284080087,-2.947470495660525,0.2414425284361954
33.82058324602846,0.0,6.866746887737299,100.0,23.025777867613286,-161.66751413964815,0,LOW,-2186.8497017121454,4.076699976721798,-1.2415824207270276
34.85196940581569,1053.4459451248747,2.1331302685855027,99.96862543855852,1067.794087771324,1028.1934217385408,0,LOW,1053.4459451248747,-0.03137456144148132,1.0313861597872247
33.459464547440696,2176.314952896619,16.981437142787154,97.23505797133937,2155.9720607070963,2199.3767184320454,0,MEDIUM,1122.8690077717445,-2.733567467219146,-1.3925048583749913
35.102845661340375,1221.0684187847764,64.7322478206629,99.29611364501945,1253.062847818469,1424.5742809370752,0,MEDIUM,-955.2465341118427,2.061055673680073,1.6433811138996788
34.39341053152409,1612.5151531696283,18.67455179949115,97.9394862281311,1490.523802381813,1620.1545830525772,0,MEDIUM,391.4467343848519,-1.3566274168883439,-0.7094351298162849
34.062043787829516,0.0,208.19859389618654,99.43016567843011,-45.799086662930435,-80.70888096437523,1,HIGH,-1612.5151531696283,1.4906794502990124,-0.33136674369457353
33.61797267428551,2149.641622970648,281.08048111023083,96.9966452188983,2033.954738943726,2363.8273881456103,1,HIGH,2149.641622970648,-2.4335204595318203,-0.4440711135440054
35.26317450548343,1410.076636924731,59.4710117149064,97.57241536146229,1347.5144718189654,1361.416968440286,0,MEDIUM,-739.5649860459168,0.5757701425639965,1.645201831197916
34.569922218133954,2485.361593824448,283.1512183807683,96.37977622186561,2332.9776937291253,2523.297199106603,1,HIGH,1075.284956899717,-1.1926391395966789,-0.6932522873494733
34.62839158315265,504.7464175132775,152.67561004176454,100.0,200.2204380399027,724.8369688593875,1,MEDIUM,-1980.6151763111704,3.6202237781343882,0.05846936501869493
35.23065060225754,1791.3403546596105,189.2913625674275,98.12145764612644,1733.921197592906,1827.4803910245794,1,HIGH,1286.593937146333,-1.8785423538735557,0.602259019104892
34.964178636283165,994.395265512921,46.53380623388731,99.37789169079436,931.7715300143843,920.9698677439097,0,LOW,-796.9450891466895,1.2564340446679125,-0.2664719659743753
34.46251897021441,2172.779213056071,152.01892336199418,95.48907935439087,2014.626981874207,2065.0433782584378,1,MEDIUM,1178.38394754315,-3.8888123364034897,-0.501659666068754
33.609892703051756,917.367422826665,53.16850302909105,96.22127965612027,727.5840985520987,1010.2986312323814,0,LOW,-1255.411790229406,0.7322003017294065,-0.8526262671626554
33.202299070494135,1048.7685989814513,224.6455276270062,98.7586559166894,866.8445433369736,1221.3439269328544,1,HIGH,131.4011761547863,2.5373762605691326,-0.4075936325576208
33.730255874578724,1546.385766263858,279.4754558754839,98.39180485705988,1452.4230750824588,1615.7908340284741,1,HIGH,497.6171672824066,-0.3668510596295249,0.5279568040845888
35.15532700137804,806.5656373324993,271.32294246759153,99.05238425171434,733.5905589199629,987.8916908186777,1,HIGH,-739.8201289313587,0.6605793946544622,1.4250711267993168
35.465973457405944,894.3604737585289,229.41551882717465,96.54178587526552,1088.7716177656291,867.1350372627546,1,HIGH,87.79483642602963,-2.5105983764488258,0.31064645602790364
34.725419912898786,2135.5204768904664,222.40758814508735,98.16104036916015,2280.9248306842373,1998.425193957129,1,HIGH,1241.1600031319376,1.6192544938946298,-0.7405535445071578
32.57244805566502,2319.5300762378097,76.01154230544628,94.37469351249652,2428.5293229861586,2234.1766392103023,0,MEDIUM,184.00959934734328,-3.786346856663627,-2.1529718572337657
34.0521591301041,2186.4407703821876,165.70473318845546,96.64865818624715,2244.964224993339,1806.4577629738899,1,MEDIUM,-133.08930585562211,2.2739646737506263,1.4797110744390807
33.784546726791135,1607.750165942737,66.45589336101203,97.30252004678172,1616.3883222894,1776.7589005732634,0,MEDIUM,-578.6906044394505,0.6538618605345761,-0.26761240331296676
33.83850679001231,1725.4742763796241,240.16466218153843,97.63325944925549,1830.0790739527806,1464.0779911543316,1,HIGH,117.72411043688703,0.33073940247376754,0.05396006322117586
35.47556501966574,2674.9174349499485,24.204856142602416,95.83307098394147,2659.573535860669,2628.810582737693,0,HIGH,949.4431585703244,-1.8001884653140223,1.6370582296534266
32.96244147946595,1698.4626832583904,152.06594938982252,98.18432254333669,1671.6332151617612,1632.4838711904113,1,MEDIUM,-976.4547516915582,2.351251559395223,-2.5131235401997856
33.8764585138595,1008.5545355205807,123.85400000358032,97.0187405285053,1054.1202644695893,857.2510144408155,1,MEDIUM,-689.9081477378097,-1.1655820148313865,0.9140170343935452
34.62225997843647,987.5408001847236,71.70032341331603,97.41649452131983,982.6629181645797,1075.8961482213626,0,MEDIUM,-21.013735335857064,0.39775399281452906,0.7458014645769708
33.5316902154693,0.0,91.23155217030796,99.93023013801913,4.761986224276477,74.0142636028005,0,MEDIUM,-987.5408001847236,2.513735616699293,-1.0905697629671707
33.93867361518402,509.55766913839824,138.41914537795458,97.39678701146075,510.6193011808564,385.59699799310573,1,MEDIUM,509.55766913839824,-2.5334431265583817,0.40698339971472564
34.96403435023843,1921.8270399195585,255.71393972509583,94.55623288278719,1917.950109553962,1939.3235307895907,1,HIGH,1412.2693707811602,-2.84055412867356,1.0253607350544058
35.06445822611571,2939.5185742191497,12.387604830149755,95.53654657983061,2894.849374450393,2987.9794162145895,0,HIGH,1017.6915342995912,0.9803136970434281,0.10042387587728285
33.96298669766086,1262.1491434791324,7.909023394077371,98.49619406478527,1497.3417080289669,1347.5183022085416,0,MEDIUM,-1677.3694307400174,2.959647484954658,-1.1014715284548515
35.47832778414642,2098.6044717381606,37.34721840871869,97.17351386121327,2168.4775212407953,2148.0808611113175,0,MEDIUM,836.4553282590282,-1.3226802035720056,1.515341086485563
33.07801468037221,728.8500760594338,34.136763876613905,99.72743771175654,886.725629150918,563.9167037998328,0,LOW,-1369.7543956787267,2.5539238505432706,-2.4003131037742094
35.6677136674931,1170.6055579428782,171.07347612248074,98.31944434069261,1144.1546446895961,1264.8692403252303,1,MEDIUM,441.7554818834444,-1.4079933710639239,2.58969898712089
35.24826745599239,678.6730766846716,74.14893972483317,97.0517436285488,608.4004768800426,528.1175476450793,0,MEDIUM,-491.9324812582066,-1.2677007121438066,-0.4194462115007127
33.88480126319729,1524.8294256778493,219.5873679339017,96.21382607569177,1474.3646590413705,1659.1919654850647,1,HIGH,846.1563489931776,-0.8379175528570357,-1.3634661927951015
33.041789242892214,1073.2430535031826,6.14373598182159,98.83554575114348,1179.5095283870735,1244.2238512418573,0,LOW,-451.5863721746666,2.6217196754517147,-0.8430120203050748
34.68471983661877,297.6972891592818,103.58752105553882,99.940444949859,475.9152339288605,231.3939041045741,0,MEDIUM,-775.5457643439008,1.1048991987155148,1.642930593726554
33.16318922782209,2324.9417172777316,207.21394811724804,96.72706392279986,2225.400556169619,2539.4845098825276,1,HIGH,2027.2444281184498,-3.2133810270591425,-1.521530608796681
34.52980705742168,1476.2560650119517,75.89523578178633,98.31212062054067,1696.820778713879,1407.8598430056243,0,MEDIUM,-848.6856522657799,1.5850566977408107,1.3666178295995906
35.13417060431588,1727.2010062210222,112.25857912916145,96.5862062958725,1703.2878452062125,1756.719101193017,0,MEDIUM,250.94494120907052,-1.7259143246681674,0.6043635468941986
33.60477844871461,0.0,263.0417228879269,99.38339406110344,101.01270213562981,-10.123080615700452,1,HIGH,-1727.2010062210222,2.7971877652309445,-1.5293921556012648
34.255814797878344,989.0602552299657,56.120377591607244,99.425985765663,1030.5325950687215,1117.144686184828,0,LOW,989.0602552299657,0.04259170455955541,0.6510363491637321
35.1229163339672,1391.9436776529085,22.578240013608298,96.63171939525361,1489.5659596662028,1489.5171203058371,0,MEDIUM,402.8834224229428,-2.794266370409389,0.8671015360888532
33.38067523612766,684.6974098421542,114.21175225646037,97.83409633219198,959.2452757567992,796.8701794358803,0,MEDIUM,-707.2462678107543,1.2023769369383643,-1.742241097839539
33.9063002660788,1536.261803977066,286.5693753733687,98.9260015281878,1472.8553717359723,1671.1765944763476,1,HIGH,851.5643941349117,1.091905195995821,0.5256250299511436
34.79832374999842,2697.9605277394694,131.9086487142144,96.51151202321535,2497.6417087136256,2721.04888556168,1,HIGH,1161.6987237624035,-2.414489504972451,0.8920234839196155
34.21396749818046,775.4315309442329,3.5478071427719393,98.50641880223226,820.0520654059884,623.0815531701232,0,LOW,-1922.5289967952365,1.9949067790169153,-0.5843562518179581
34.09842561069281,1075.733738200238,39.93274728387365,97.42101035647545,1270.457946915523,895.7415090315917,0,LOW,300.302207256005,-1.085408445756812,-0.1155418874876517
35.37603255584381,2467.2384297677836,111.68242840892455,96.60529548506429,2365.2962269904415,2243.1213641171876,0,MEDIUM,1391.5046915675457,-0.81571487141116,1.2776069451509997
32.7297749592292,1812.262662012492,15.436720735550299,96.41603361120296,1808.3812155842609,1788.5685862768626,0,MEDIUM,-654.9757677552916,-0.18926187386132654,-2.6462575966146034
34.96093965306232,881.7649674639806,197.98842022844565,97.34580622295937,797.3258748982524,907.9031498892981,1,HIGH,-930.4976945485114,0.9297726117564054,2.231164693833115
32.832309999473274,507.0675219308255,275.7720558681959,99.91654474934678,550.4354000301828,341.5951321650182,1,HIGH,-374.69744553315513,2.570738526387416,-2.1286296535890443
33.84310415782861,2502.0792970065204,95.9652132955936,97.50710108137625,2319.3969760585446,2343.8438917326675,0,HIGH,1995.011775075695,-2.4094436679705353,1.0107941583553384
34.52734077749549,954.926120740574,163.08896138156504,99.35229664696602,907.5703468012424,1029.329424664009,1,MEDIUM,-1547.1531762659465,1.8451955655897763,0.6842366196668763
34.17610396193317,269.5370343104086,40.51453303129314,99.37851440306655,259.4108805016682,450.96247648007875,0,LOW,-685.3890864301654,0.026217756100521683,-0.35123681556231645
33.830732178158186,2124.8782494460297,201.87015455126462,96.25459417974902,2202.8012452349,2002.4836038645815,1,HIGH,1855.341215135621,-3.1239202233175263,-0.34537178377498634
34.69257222657761,2341.8584282090555,251.46586130533962,96.74471768656896,2351.449256397225,2363.905776031036,1,HIGH,216.98017876302583,0.4901235068199412,0.861840048419424
34.111377658672545,1178.0065156979226,6.0122233033205665,97.59548544243884,1198.1548202160507,1335.0914147373333,0,LOW,-1163.851912511133,0.8507677558698816,-0.5811945679050652
35.041450142147106,2759.7278810295284,215.35841307848386,98.59619596017646,2599.3029163332644,2718.3959791456714,1,HIGH,1581.7213653316057,1.000710517737616,0.9300724834745608
33.795081125941344,1234.1221158303392,216.2957342327002,97.23433716678468,1148.1818500264217,1111.8788831361162,1,HIGH,-1525.6057651991891,-1.3618587933917752,-1.2463690162057617
33.97336386098164,3294.1256426779914,300.0,96.95654788095777,2959.140366438424,3137.6958812003736,1,HIGH,2060.003526847652,-0.27778928582691265,0.17828273504029823
33.79886673247486,392.05521766409345,218.7157431724882,97.14687852232235,454.85622195649086,245.52220337607253,1,HIGH,-2902.070425013898,0.19033064136458222,-0.17449712850677912
34.41491820983768,1666.0960212020675,170.01238688144025,98.04157897326698,1571.2505635250022,1498.6166596326705,1,MEDIUM,1274.0408035379742,0.8947004509446259,0.6160514773628165
33.52892723380027,959.6672163241878,167.88572000369692,96.91778508897914,1178.213029597787,965.4007936035026,1,MEDIUM,-706.4288048778797,-1.123793884287835,-0.8859909760374123
33.93991884794558,1776.6304684659515,8.062852603359417,98.11429849869486,1760.3083959308294,1650.8295221372503,0,MEDIUM,816.9632521417636,1.1965134097157204,0.4109916141453098
35.264472332183885,2896.564509083291,163.83587779652655,95.084282520404,2898.7716600395006,2776.1450356207765,1,HIGH,1119.9340406173394,-3.030015978290862,1.324553484238308
34.65988624202901,2396.854398536033,162.94236079356452,96.35305260325802,2426.6483217656933,2250.965896703925,1,MEDIUM,-499.71011054725795,1.2687700828540187,-0.604586090154875
34.63603504442267,170.72496531132288,199.75117412061846,100.0,249.51150099142654,242.40713543355628,1,HIGH,-2226.12943322471,3.6469473967419788,-0.02385119760634069
33.94187105941387,2729.7464240871855,96.74307534767841,98.14921445853112,2798.2221403857598,2667.786807790021,0,HIGH,2559.021458775863,-1.8507855414688805,-0.6941639850087995
33.57851618994961,2288.909555661412,280.86349469559616,96.66692734924436,2274.5970257098033,2132.877395071085,1,HIGH,-440.83686842577345,-1.4822871092867587,-0.3633548694642599
33.76364246247785,840.9046905411237,4.3079126430593035,96.16411207970282,913.504094567879,864.8553998058846,0,LOW,-1448.0048651202883,-0.5028152695415429,0.18512627252823677
35.08384427947124,227.91720918872835,57.612443058259366,99.50068821822151,251.34933372314111,388.8681625907882,0,LOW,-612.9874813523954,3.3365761385186943,1.3202018169933964
34.67998815417999,1764.5606467413622,44.12780674188377,96.0970878165953,1964.0442322724844,1777.095786703037,0,MEDIUM,1536.643437552634,-3.403600401626207,-0.4038561252912558
34.20670694858818,1536.2139089291427,83.65215442218833,96.83821341247173,1799.634839900305,1366.7287542517051,0,MEDIUM,-228.34673781221954,0.7411255958764258,-0.4732812055918103
33.582257504238825,1226.5656845583014,295.302039461183,97.87536498006375,1236.386132745712,943.8207143151899,1,HIGH,-309.64822437084126,1.0371515675920193,-0.6244494443493522
34.33705811790492,2779.035363326217,228.99627070361197,98.1191341947529,2822.1355204875335,2599.4801435422437,1,HIGH,1552.4696787679156,0.24376921468915214,0.7548006136660916
35.63820245691827,2460.209097095714,297.4149770945535,97.07836047497815,2638.9980780786063,2447.3839590770244,1,HIGH,-318.8262662305033,-1.040773719774748,1.301144339013355
33.61584454208973,1644.7000091949697,109.23568873598686,97.26670131718424,1534.6337416640336,1668.2708582014288,0,MEDIUM,-815.5090879007441,0.18834084220608815,-2.0223579148285395
34.266185039338765,819.5921099075687,169.5030629132681,97.90444652015486,957.3896760820222,793.5938620674766,1,MEDIUM,-825.107899287401,0.6377452029706205,0.650340497249033
34.77490921841098,1999.629074362271,61.5861291590327,97.98965101953593,1974.5158883635488,1938.4029118378655,0,MEDIUM,1180.0369644547022,0.08520449938106367,0.5087241790722175
32.94737826073522,2071.1552014159442,106.97398639394387,99.12223399685908,1967.754338179792,1962.5702499257068,0,MEDIUM,71.52612705367324,1.1325829773231533,-1.8275309576757621
34.63740893554282,1261.0886831343735,39.105232616156414,98.49275940666243,1080.2184027741018,1206.3633344488906,0,MEDIUM,-810.0665182815708,-0.6294745901966508,1.690030674807602
34.80187925955407,848.8289130351941,84.07913820778873,97.13405289140827,996.6263462765982,777.2426906405051,0,MEDIUM,-412.2597700991794,-1.3587065152541555,0.16447032401124773
34.809071789314864,1488.6563620937243,0.823076056691384,96.86802237012341,1559.3432121939518,1508.090463993002,0,MEDIUM,639.8274490585302,-0.26603052128486127,0.00719252976079332
34.55767049510918,1856.6180867381509,155.0175810382828,97.5685912113791,1733.6221765722378,1834.218521176057,1,MEDIUM,367.96172464442657,0.7005688412556879,-0.25140129420568513
34.862217198737156,370.85201020278055,33.13644537222631,98.11704698473565,364.7292053476345,100.57854287596467,0,LOW,-1485.7660765353703,0.5484557733565509,0.3045467036279774
33.674124448233144,2330.4172221647295,277.5944232332888,98.68461222413593,2281.0106800962094,2340.943243446254,1,HIGH,1959.565211961949,0.567565239400281,-1.188092750504012
35.17421432848209,1341.9806674155377,48.54307185166992,97.4917055524961,1423.9795856413848,1330.8683371753425,0,MEDIUM,-988.4365547491918,-1.1929066716398324,1.500089880248943
35.59015990018998,1256.9545752593103,234.75825202500337,99.31722047376998,1114.9236032340077,1270.7433222301127,1,HIGH,-85.02609215622738,1.8255149212738786,0.41594557170789415
34.42074853368344,2745.4452716109313,131.4319250789086,95.60119051450509,2724.7086613082097,2714.9021923020914,1,HIGH,1488.490696351621,-3.716029959264887,-1.1694113665065444
34.12896047080919,1519.6930473913865,101.77545920636969,96.28914764810104,1622.5968112213563,1453.997417690896,0,MEDIUM,-1225.7522242195448,0.687957133595944,-0.29178806287424663
35.28395503729339,1723.7326357920097,194.47131062911538,95.7891260176557,1772.6332528145688,1789.5065128791452,1,HIGH,204.0395884006232,-0.5000216304453318,1.1549945664841985
35.1514198298168,741.4277273428146,121.15624217395076,98.9098474105147,762.464184687267,679.9136147174185,1,MEDIUM,-982.3049084491951,3.1207213928589965,-0.13253520747658598
33.22933562886803,2572.9967448554576,245.10509057572494,96.50567256820216,2279.249747077887,2552.703245694241,1,HIGH,1831.5690175126429,-2.4041748423125426,-1.922084200948774
34.384595177397195,2906.5733459991643,264.64955124779806,96.84121338237509,2808.394099060291,3075.403849117184,1,HIGH,333.57660114370674,0.3355408141729299,1.1552595485291661
33.892992450755365,412.2776737734818,169.20640998749167,98.10981169138395,345.8877842842493,334.1609681673367,1,MEDIUM,-2494.2956722256827,1.2685983090088655,-0.4916027266418297
34.23310560324124,1199.8712207773701,278.5165297885672,98.77473310784838,1287.6929424051796,1100.540127788055,1,HIGH,787.5935470038883,0.6649214164644235,0.3401131524858769
34.674749520558,1259.4261929072889,217.44750328866587,98.15138230211551,1294.4962457928925,1158.5807989940313,1,HIGH,59.554972129918724,-0.6233508057328692,0.44164391731676034
33.91157914548512,591.6846289667066,54.99671144210179,96.8964922154406,521.3747076667593,267.30571471688586,0,LOW,-667.7415639405823,-1.254890086674905,-0.7631703750728818
34.51863140833486,741.3735631664757,45.10661182041957,97.29130619028687,803.6893268045873,865.5097862442503,0,LOW,149.68893419976916,0.39481397484627223,0.6070522628497415
35.06392475924437,1638.6134597229154,117.13534354804796,95.74625102531498,1839.4173611652946,1673.8850971547283,0,MEDIUM,897.2398965564397,-1.5450551649718989,0.5452933509095104
32.63955922011243,1968.1264208762734,86.91856210942268,96.18454318662157,2026.2716886975575,2089.369462004057,0,MEDIUM,329.512961153358,0.43829216130659177,-2.4243655391319407
33.291859903575066,2307.917429128607,72.03752157733327,96.34251360116235,2243.7859599484823,2313.2266840293664,0,MEDIUM,339.79100825233377,0.15797041454078453,0.6523006834626344
35.10981447249514,26.198991961565774,294.6849479831944,98.73488592352406,386.7820608254923,-103.86088835341066,1,HIGH,-2281.7184371670414,2.392372322361709,1.8179545689200722
35.003390370063315,2171.615051527501,276.25224511404275,97.00411702557862,2217.695757505573,2332.604019882399,1,HIGH,2145.416059565935,-1.7307688979454383,-0.10642410243182354
34.31862266372751,1693.576072283716,4.822758150371828,97.36951233453071,1786.2983872089392,1854.4345552446641,0,MEDIUM,-478.03897924378475,0.36539530895208827,-0.6847677063358049
35.20937790299246,1413.7155183954355,278.6230091662376,98.60099033972496,1390.8384103171772,1564.704715641357,1,HIGH,-279.8605538882805,1.2314780051942478,0.8907552392649478
34.492715868306426,1933.9175861540089,89.0279979582434,98.19841765370711,1788.920070229696,1667.8090341704208,0,MEDIUM,520.2020677585733,-0.402572686017848,-0.7166620346860313
33.998870966975446,1476.7031941039504,282.7208494026203,97.84304245708519,1482.7499600318367,1341.4242233788211,1,HIGH,-457.21439205005845,-0.35537519662192096,-0.4938449013309807
33.16173986443417,1258.8720742063167,136.26117367284724,97.90604411610181,1181.0397378804316,1181.063530787901,1,MEDIUM,-217.8311198976337,0.06300165901662069,-0.837131102541278
35.464085658104125,1662.1450679617587,54.11400785815832,97.39484193681896,1766.6448595733677,1564.886296537403,0,MEDIUM,403.27299375544203,-0.5112021792828472,2.302345793669957
34.03267657131322,415.64341693585084,175.55975186016957,99.34207501972675,430.3266792748528,593.1408616271852,1,MEDIUM,-1246.501651025908,1.9472330829077862,-1.4314090867909073
34.711194438803915,862.4653284024228,247.54805769072237,98.05594780839539,1016.796894200079,950.6374475840205,1,HIGH,446.8219114665719,-1.2861272113313618,0.6785178674906973
34.42360757971433,2250.7527347319465,32.72118500698333,97.84524896365195,2313.4957926454176,2096.435250506773,0,MEDIUM,1388.2874063295237,-0.21069884474343326,-0.28758685908958626
34.31064473488456,2560.002737103426,186.98276564761423,95.51118887785162,2570.703970222273,2640.2739135572797,1,HIGH,309.2500023714797,-2.3340600858003313,-0.1129628448297666
34.79081221752943,1560.6917255451242,83.76045317273328,98.12428072733512,1511.9631041014786,1435.890898321859,0,MEDIUM,-999.311011558302,2.613091849483496,0.4801674826448661
34.905669305707264,489.28534955063674,188.09207136204853,97.89045402053755,515.5044846138701,374.9792068401443,1,HIGH,-1071.4063759944875,-0.23382670679757211,0.11485708817783546
34.20618913639564,141.88603435512218,132.12183476546423,97.85140790832716,237.52394094653704,173.9718267034672,1,MEDIUM,-347.39931519551453,-0.039046112210385786,-0.6994801693116202
33.870565500545375,1663.47401097352,290.61808697523475,95.83339924304359,1548.7499381000437,1849.5003004216958,1,HIGH,1521.587976618398,-2.018008665283574,-0.33562363585026844
33.92090768945082,3398.138810380018,291.9591720870878,95.57627569696848,3672.1347874302387,3383.641727380653,1,HIGH,1734.664799406498,-0.2571235460751069,0.050342188905446505
33.966521467858286,951.1671516362954,96.21253695465796,99.17185695294158,938.774868081395,924.805082335513,0,MEDIUM,-2446.971658743723,3.5955812559731015,0.04561377840746417
34.331925661608516,629.7023641100286,227.55307810016197,97.51334959894524,437.4084399286286,584.2797111316237,1,HIGH,-321.46478752626683,-1.6585073539963417,0.3654041937502299
33.48564596295667,3099.8114920574676,245.49707732814454,96.26907691325904,3320.799238423732,3162.0694946439135,1,HIGH,2470.109127947439,-1.244272685686198,-0.8462796986518484
34.45989330447443,1511.727856775222,132.66026190847214,98.65831387494678,1307.3495000765683,1386.0931150155257,1,MEDIUM,-1588.0836352822455,2.389236961687743,0.9742473415177599
33.90010863165838,1331.21213154568,163.1642134731601,97.9876690788862,1463.685571241245,1394.877200064841,1,MEDIUM,-180.5157252295421,-0.6706447960605857,-0.5597846728160505
34.077502052408796,2821.10732997936,252.4583184871503,97.06884139520992,2933.0531769283775,3129.1364030232867,1,HIGH,1489.8951984336802,-0.9188276836762839,0.17739342075041975
35.09867106079825,2408.0449572296575,76.97548728256497,95.87210813664726,2497.7876806735517,2390.655816206982,0,MEDIUM,-413.0623727497027,-1.1967332585626593,1.0211690083894567
35.77956215856851,1291.8616670016038,186.20238554409337,96.96267728745107,1175.2646708681798,1106.6688177353321,1,HIGH,-1116.1832902280537,1.090569150803816,0.6808910977702567
34.68120564505636,980.3364736076928,148.2512425147178,98.51318941390494,802.7933131032173,1207.0357993177515,1,MEDIUM,-311.52519339391097,1.5505121264538673,-1.098356513512151
35.27557315801393,2842.106140280627,243.58615382598038,98.61402524593568,2900.375150288248,2790.859822792351,1,HIGH,1861.7696666729344,0.10083583203073943,0.5943675129575681
34.88127877291906,771.7585327436053,219.14738197786485,99.94440464260214,811.7409994342585,827.7316201682629,1,HIGH,-2070.3476075370218,1.3303793966664585,-0.3942943850948666
33.86163103588423,1525.2090323331977,219.14540020311563,96.36698826786748,1399.5119102789229,1532.1298985979336,1,HIGH,753.4504995895924,-3.5774163747346535,-1.0196477370348305
33.70492373506789,1348.0558974401338,6.279972154904117,95.84535183276823,1334.968188526599,1415.5873582127565,0,MEDIUM,-177.1531348930639,-0.5216364350992535,-0.15670730081634332
35.00204027882768,2581.4968314286543,190.85859260082583,96.1837810922085,2368.2881352274494,2475.9185524908553,1,HIGH,1233.4409339885206,0.33842925944027513,1.2971165437597918
33.82694655346802,716.9950667962482,264.660031800029,99.82865828547807,886.2987251236674,872.8922238741926,1,HIGH,-1864.501764632406,3.644877193269565,-1.175093725359659
35.46627519799822,1766.5293294970836,216.5455069601424,100.0,1835.465185396832,1856.5193241547854,1,HIGH,1049.5342627008354,0.1713417145219296,1.6393286445302024
34.8726544534684,1321.8538318514034,165.6395562334464,99.11954745257809,1411.8869569215312,1303.8918000965398,1,MEDIUM,-444.67549764568025,-0.8804525474219105,-0.5936207445298223
35.47208615032782,1126.340606213529,184.0312984169093,99.27095928227638,1150.7583792681667,1270.0474067238945,1,HIGH,-195.51322563787426,0.15141182969829003,0.5994316968594191
33.5289440456645,429.58017750777486,205.655035245931,98.29806487727284,356.9258518966068,418.8566455833954,1,HIGH,-696.7604287057543,-0.9728944050035437,-1.9431421046633162
34.38459365953731,2243.885036948507,279.8629430850454,98.40797250654099,2181.1407034848685,2161.7408662074135,1,HIGH,1814.3048594407323,0.10990762926815023,0.8556496138728065
34.157263609219314,2695.111945374321,214.76136969306054,97.2078963328731,2637.8312354734812,2617.5592830704027,1,HIGH,451.2269084258137,-1.200076173667881,-0.22733005031799536
33.730764352274726,1910.1120185525872,95.88655671766878,96.8861208581165,1939.6083377287864,1761.8348014397336,0,MEDIUM,-784.9999268217337,-0.3217754747566062,-0.426499256944588
34.373995286765464,1429.2372033375486,134.4830796439148,97.76853031697748,1557.8202909376541,1473.1283920693868,1,MEDIUM,-480.87481521503855,0.8824094588609768,0.6432309344907381
34.07748902675044,2670.746460301844,12.279833139483959,95.77871503398123,2782.180903474996,2516.7061135531035,0,HIGH,1241.5092569642952,-1.989815282996247,-0.2965062600150219
35.27882694874959,1443.286366431438,37.780829575376224,97.61639604463876,1271.5627417155442,1363.2247633078762,0,MEDIUM,-1227.460093870406,1.8376810106575334,1.2013379219991478
35.263943042454414,712.7609163545873,81.76789902782792,100.0,570.7696902077087,774.3568768176178,0,MEDIUM,-730.5254500768507,2.383603955361238,-0.014883906295175109
34.77993909357789,1241.8626837497532,19.58544937586979,98.24330343306916,1355.1957850325393,1506.7504630236215,0,MEDIUM,529.1017673951659,-1.7566965669308416,-0.4840039488765271
33.31337379714594,1748.4451348943444,71.58386803628541,96.43133897947037,1700.0866272741098,1725.3815254613498,0,MEDIUM,506.58245114459123,-1.8119644535987902,-1.4665652964319449
33.77382186517855,880.3701228149924,191.07784202026127,97.84346015461655,892.2310221454404,743.8865522828223,1,HIGH,-868.075012079352,1.4121211751461828,0.46044806803260485
34.16607850619258,1259.2086226118574,244.17812675899907,98.25896642740355,1282.186324392057,1089.0261224764868,1,HIGH,378.838499796865,0.4155062727869989,0.39225664101402913
33.47128811063716,1749.9214559785075,175.4214780875456,96.83460251901829,1877.99502507738,1686.328051710384,1,MEDIUM,490.7128333666501,-1.42436390838526,-0.6947903955554153
33.680194888302076,308.01144052462007,66.07921265390087,97.00795754377025,449.3142395934311,394.2814510264247,0,MEDIUM,-1441.9100154538874,0.17335502475195597,0.2089067776649145
34.652415007939595,2785.373706674189,128.7316974843046,96.18858892994987,2830.409055564305,2559.3786434898193,1,HIGH,2477.362266149569,-0.8193686138203731,0.9722201196375195
35.08230112249459,1625.8014770214527,262.50357661175843,99.26436559121014,1661.7607284733024,1547.2463937442026,1,HIGH,-1159.5722296527365,3.0757766612602637,0.42988611455499637
33.563803771708336,1036.95167664683,161.88357305781176,98.33246866634995,1115.6685256920496,1038.931426182275,1,MEDIUM,-588.8498003746226,-0.9318969248601832,-1.5184973507862551
33.37857421669533,1115.5371649408291,110.53799486534517,99.45998787078145,1014.1747432978285,1013.120373524247,0,MEDIUM,78.5854882939991,1.1275192044314934,-0.18522955501300942
35.103334018633554,287.06490719316406,224.00145510801445,98.36355722517439,159.6034683371525,228.7969153444533,1,HIGH,-828.472257747665,-1.0964306456070574,1.7247598019382266
33.57937938466344,2004.5581900987133,268.34314028745894,94.63625544709026,1981.0307606355418,2014.0752998451308,1,HIGH,1717.4932829055492,-3.7273017780841258,-1.5239546339701135
34.71058675961011,1721.0118664170034,142.10142378543918,96.36629422459457,1653.34483975791,1704.202171378134,1,MEDIUM,-283.54632368170996,1.730038777504305,1.1312073749466691
33.80292961041272,1889.8669262965616,0.0,96.39268850550503,1876.5527628945174,1848.8355436451118,0,MEDIUM,168.8550598795582,0.02639428091046625,-0.9076571491973908
34.62299704400153,1506.5478961810804,13.39558028142916,96.1972099102121,1561.2214302567113,1574.3888232588317,0,MEDIUM,-383.31903011548116,-0.19547859529293987,0.820067433588811
33.75650083694967,2548.1288791388206,127.24019160913326,96.13266235196767,2541.077236551221,2532.875937282838,1,HIGH,1041.5809829577402,-0.0645475582444277,-0.8664962070518598
33.97188184366326,2028.869831572217,142.59608903535695,97.21213756693274,1919.994817381367,1956.0132361252865,1,MEDIUM,-519.2590475666036,1.079475214965072,0.21538100671359217
33.74111884766844,299.69909962921827,160.10705392275588,100.0,214.21596043126172,483.79630926287194,1,MEDIUM,-1729.1707319429988,2.787862433067261,-0.23076299599482297
34.124780217005835,2631.06355438366,119.29771671384228,97.26695527128051,2551.104961888346,2511.7813980396863,0,HIGH,2331.364454754442,-2.7330447287194914,0.38366136933739625
34.83361697568744,2005.2538454338464,13.13589350130271,96.85891965615619,2126.4971068098575,2092.1651994246813,0,MEDIUM,-625.8097089498137,-0.4080356151243194,0.7088367586816062
33.84581119535111,444.7747754060766,37.51122747558527,98.41950197936146,463.3339892916606,540.743932356171,0,LOW,-1560.47907002777,1.5605823232052671,-0.9878057803363305
33.04727910288676,2585.5534316058624,79.0374237498982,96.72480979791446,2652.859058177033,2691.183994678882,0,HIGH,2140.778656199786,-1.694692181446996,-0.7985320924643489
33.50435441067412,1151.1487550574739,238.44230243969884,99.16132607914648,1062.6590503982777,987.0971681666667,1,HIGH,-1434.4046765483886,2.4365162812320165,0.45707530778735617
34.489354033661705,1939.2672103051395,169.7229835894592,97.64736635689164,1991.6011158195683,1827.5998611875343,1,MEDIUM,788.1184552476657,-1.5139597222548389,0.984999622987587
33.56782602798557,2007.2078185859575,136.59750075193918,97.30809841298701,2007.7623159657292,2059.325210947416,1,MEDIUM,67.94060828081797,-0.33926794390463044,-0.9215280056761372
34.321657158031094,1320.2541064853788,174.88600706824658,98.06100900314995,1189.9203417319698,1279.1407029804832,1,MEDIUM,-686.9537121005787,0.7529105901629407,0.7538311300455263
34.721816394285824,3118.3426310941213,213.75961941306363,97.58785695071258,3384.224553637577,3025.169862545045,1,HIGH,1798.0885246087425,-0.4731520524373707,0.40015923625472993
33.41136772940813,228.24349714083425,155.5288490618249,99.49304439154457,196.7748906764061,234.24999761171222,1,MEDIUM,-2890.099133953287,1.9051874408319946,-1.310448664877697
34.53019759558189,1905.8165852425366,141.79439779778826,97.05946683646519,1886.4725195741985,1776.8600483070409,1,MEDIUM,1677.5730881017023,-2.4335775550793812,1.118829866173762
33.45571381825316,1046.424535566756,230.0032854464673,99.90554485140107,1102.5520566037328,944.0965799434802,1,HIGH,-859.3920496757805,2.846078014935884,-1.0744837773287301
35.91765650066822,2123.4503617387877,157.8757776472147,96.88915312078034,2346.2610132429077,1892.381010662304,1,MEDIUM,1077.0258261720317,-3.0163917306207395,2.4619426824150636
33.038264706052985,538.7530517524681,0.049059757142011495,99.7968619611062,436.28941807964924,550.9097220525638,0,LOW,-1584.6973099863196,2.907708840325867,-2.8793917946152376
35.34611515601323,1153.9789415086145,57.204791961346636,97.34137138317062,1544.536630867262,1128.7875996135683,0,LOW,615.2258897561464,-2.455490577935578,2.3078504499602417
34.032348841226295,2035.3494848388464,269.98895004628713,95.97097456880014,2012.296576611575,2026.7927009419097,1,HIGH,881.3705433302318,-1.3703968143704799,-1.3137663147869318
34.63897614973255,1356.605831972513,290.32332920775514,99.09473153322801,1336.0314911326066,1498.7769679411529,1,HIGH,-678.7436528663334,3.1237569644278693,0.6066273085062548
35.39875009581141,956.3604495005771,186.7327902826677,97.21444763822755,1046.6413432495206,1136.3303602510746,1,HIGH,-400.24538247193584,-1.88028389500046,0.7597739460788588
33.49348806444039,1329.8755251555654,107.2003494262589,96.36875987637251,1311.0732393048906,1195.909985771861,0,MEDIUM,373.5150756549882,-0.8456877618550465,-1.9052620313710165
33.85766348501346,1809.1759874143743,64.90549374376135,95.95873633728183,1888.6400721657483,1903.47210735315,0,MEDIUM,479.3004622588089,-0.41002353909067324,0.3641754205730692
33.980391067400916,475.06336362516646,277.47630682627494,97.39233269924361,450.37806342276843,627.5633628936171,1,HIGH,-1334.1126237892079,1.4335963619617758,0.12272758238745496
33.23437316015717,3148.1213326271786,128.4494815593416,95.9401696897203,3133.1613304114344,3213.156383598749,1,HIGH,2673.057969002012,-1.4521630095233036,-0.746017907243747
33.884757072345025,1403.08283901373,103.83186413201967,98.2020486556744,1350.7225709836598,1681.7485923791542,0,MEDIUM,-1745.0384936134485,2.2618789659540965,0.6503839121878556
33.10667349387462,2757.5075591094583,50.99650557840735,96.55402390132119,2855.8682427098433,2743.6286992216883,0,HIGH,1354.4247200957282,-1.6480247543532158,-0.7780835784704081
33.46139899377595,995.7755268052978,130.8220393779874,99.90447398902734,1021.2799972479037,1053.6938270593678,1,MEDIUM,-1761.7320323041604,3.3504500877061503,0.35472549990133473
35.095477536655835,2878.782320185273,293.24526116640743,93.00348166715621,2946.894595942062,2758.8009615045717,1,HIGH,1883.006793379975,-6.900992321871129,1.6340785428798839
34.82473009536243,1213.9289441366145,157.15255099104706,97.63385996403102,1171.0029012160617,1315.7588474784814,1,MEDIUM,-1664.8533760486584,4.6303782968748095,-0.2707474412934019
34.84814961747504,1397.4895108557798,117.93459617886874,98.9829472485243,1507.3853469070152,1216.5279336775093,0,MEDIUM,183.5605667191653,1.3490872844932795,0.02341952211260434
34.43762888552583,2427.9878964873565,110.42127900833388,96.18722020440788,2363.7232557672505,2538.696233439194,0,MEDIUM,1030.4983856315766,-2.7957270441164184,-0.41052073194920524
34.31783418338369,813.5250339112408,246.4041491922828,98.35146926712925,593.3762041683804,1007.6877952698566,1,HIGH,-1614.4628625761156,2.1642490627213675,-0.11979470214214416
34.96837468130289,2032.8027331853373,189.08866907949226,96.70660938718089,1922.8594954664536,2286.2940272489836,1,HIGH,1219.2776992740964,-1.6448598799483563,0.6505404979192022
33.95062457490124,299.0853963730544,86.75510576281866,99.18693375450681,315.0575335154765,473.37913059889183,0,MEDIUM,-1733.7173368122828,2.4803243673259203,-1.0177501064016496
31.996933767611303,1588.0086820638935,91.29708392110946,97.39237629002999,1447.5009561930515,1616.706967266309,0,MEDIUM,1288.923285690839,-1.7945574644768243,-1.953690807289938
34.81572030991147,1602.2057046791808,136.9004103301582,97.44357395583027,1776.6864997989114,1693.014062681784,1,MEDIUM,14.197022615287324,0.05119766580028795,2.818786542300167
34.072978383750815,0.0,277.6384116342152,99.98693568902729,-166.0304653846025,-66.09327508525425,1,HIGH,-1602.2057046791808,2.543361733197017,-0.7427419261606545
33.0788558905715,1412.7781488912515,141.23801082037625,98.16697445532974,1615.8523752554377,1234.3859755803896,1,MEDIUM,1412.7781488912515,-1.8199612336975548,-0.9941224931793116
34.45300058913337,1558.7562393196056,52.879886326412965,98.6761182118618,1604.4994361839542,1546.27024228972,0,MEDIUM,145.9780904283541,0.5091437565320689,1.3741446985618637
35.38883611067227,918.3549630288517,178.0142556333044,100.0,653.0077939315687,1151.4111793652137,1,MEDIUM,-640.4012762907539,1.3238817881381948,0.9358355215389054
33.51246586203762,1045.5130523076923,87.83313729900038,98.40878996793828,1085.9034275569152,1073.3410429402766,0,MEDIUM,127.15808927884063,-1.5912100320617242,-1.8763702486346503
34.69429563297307,1042.0127756071586,7.418961485474895,96.82424359296306,806.3733532976328,1013.434080094259,0,LOW,-3.500276700533732,-1.5845463749752184,1.181829770935451
32.51534157782117,908.9621371458093,87.9721764778949,98.62095580178904,842.4098007299108,826.8485405597389,0,MEDIUM,-133.0506384613493,1.79671220882598,-2.1789540551519053
32.801907798984836,274.604961835803,289.6482631304954,99.12796364888236,332.05417656032023,-1.1718839388291542,1,HIGH,-634.3571753100063,0.5070078470933197,0.2865662211636675
34.127661777756224,1636.57935609325,298.68275738569514,96.76541506829092,1547.874826438905,1514.163116425358,1,HIGH,1361.9743942574469,-2.3625485805914366,1.3257539787713881
34.784203818742114,1980.8450997906348,69.12204763609682,96.91642979904411,2277.745823527018,2055.124210634281,0,MEDIUM,344.2657436973848,0.1510147307531895,0.6565420409858902
34.33789350648194,1481.7269531067668,272.44819705336124,96.81516915689991,1316.9945199081194,1325.0984036390832,1,HIGH,-499.11814668386796,-0.10126064214419728,-0.4463103122601737
35.102017812128175,542.5735563067929,65.147063400729,97.97444091955904,506.76943724044406,636.5906312732295,0,MEDIUM,-939.153396799974,1.159271762659131,0.7641243056462343
33.48347171590371,572.5265395164645,66.01621799394525,98.43319323471273,598.0949622889999,334.3858929145788,0,MEDIUM,29.95298320967163,0.45875231515368853,-1.6185460962244633
34.228968243359844,2018.8542056142828,124.19728882740904,96.27539226903278,1922.1216002705294,1816.9888079638306,1,MEDIUM,1446.3276660978183,-2.1578009656799537,0.7454965274561332
34.623607114347934,2614.877599528691,105.23313071269632,95.68255557803597,2588.708782777759,2445.87183029129,0,HIGH,596.0233939144082,-0.5928366909968048,0.39463887098808925
33.509721393867736,2480.3187482123253,68.37008681051562,96.0965197597553,2330.569572123935,2670.812989147631,0,MEDIUM,-134.5588513163657,0.41396418171932226,-1.113885720480198
34.386642596373335,760.2891491714068,268.22746510183737,99.20233144106452,729.005593636391,914.2368238580628,1,HIGH,-1720.0295990409186,3.10581168130922,0.8769212025055992
34.806696147675424,2224.287407445607,144.14108490607347,96.18527904117295,2402.959379928224,2003.5644578148435,1,MEDIUM,1463.9982582742005,-3.0170523998915684,0.42005355130208955
35.00701950757166,502.5741393996063,292.46448134947076,98.30900768441501,640.2896353248709,413.0964206427645,1,HIGH,-1721.7132680460008,2.1237286432420603,0.20032335989623817
34.08864171189769,1340.7664512795031,141.70733665923564,98.5166258268815,1475.1146175820165,1643.188642217084,1,MEDIUM,838.1923118798968,0.2076181424664867,-0.918377795673976
33.72947392480555,2142.6049977154635,257.0062345646499,97.58014027567118,2185.5053309604855,2135.7529695026037,1,HIGH,801.8385464359603,-0.9364855512103105,-0.35916778709213304
34.22454372843096,1109.7153657742374,54.28959836502731,100.0,1143.1420563973763,1225.9848463827664,0,LOW,-1032.889631941226,2.4198597243288162,0.4950698036254053
33.63879818016182,992.4660113359793,66.86193203657243,98.4548565397306,959.4491818919372,1018.9062500101875,0,MEDIUM,-117.24935443825814,-1.5451434602694007,-0.5857455482691378
35.4953097891128,466.9822781570134,73.79014180767666,98.30629360291458,626.2704309067058,441.5101057799682,0,MEDIUM,-525.4837331789658,-0.1485629368160204,1.8565116089509814
34.83597488446531,236.72581495305081,12.683794790335035,97.90810829322326,380.5733104956651,222.86082237367344,0,LOW,-230.2564632039626,-0.39818530969131416,-0.6593349046474941
35.268822877470754,2676.4953577862348,34.507551647110695,97.42750903071439,2626.01025988093,2813.5415995890307,0,HIGH,2439.769542833184,-0.48059926250887486,0.43284799300544563
34.03513015249632,303.368112165359,145.09636289061643,98.71258178552058,373.3837043775478,333.443216563959,1,MEDIUM,-2373.127245620876,1.285072754806194,-1.233692724974432
35.36755273214161,1875.5929720245886,111.72814679341921,96.61459175162375,1794.579242277752,1982.5794977805622,0,MEDIUM,1572.2248598592296,-2.097990033896835,1.3324225796452893
34.42126614453599,1383.7774608725263,143.1124184985221,96.54419991568237,1595.4766873455603,1356.824497041499,1,MEDIUM,-491.8155111520623,-0.0703918359413791,-0.9462865876056199
33.33362917489669,1036.258340224042,107.8750253923357,98.18610670994865,1134.0685845360483,1114.7947085854753,0,MEDIUM,-347.5191206484842,1.6419067942662764,-1.0876369696392985
34.89463570805338,0.0,115.38311785022735,98.18288837714657,-119.96353927041211,149.45083911191628,0,MEDIUM,-1036.258340224042,-0.003218332802077839,1.5610065331566858
34.61640553715782,2389.6569453003854,183.6757408110034,97.23113368664126,2387.211813813067,2339.472807899113,1,HIGH,2389.6569453003854,-0.9517546905053109,-0.27823017089556146
35.33471982247489,1120.4695387291747,130.51178191836107,97.93845888510432,1367.7598984026913,947.5955942600187,1,MEDIUM,-1269.1874065712107,0.7073251984630673,0.7183142853170708
35.07072319056661,2071.0253197392435,211.48142019097344,95.68448108556844,2060.248787834966,1962.5853210090534,1,HIGH,950.5557810100688,-2.253977799535889,-0.2639966319082774
33.950306402762195,1874.7762842526324,134.5931935319339,97.34484452014162,1735.0922125993131,1795.742161165578,1,MEDIUM,-196.2490354866111,1.6603634345731848,-1.120416787804416
33.48828391559921,3181.96258964244,73.74481789012312,96.13001348380776,3306.6866171202487,3064.670717035491,0,HIGH,1307.1863053898076,-1.2148310363338624,-0.462022487162983
33.87759131477487,306.7858229676242,246.1780510474796,98.79320372541002,252.33664640632628,338.1737183125821,1,HIGH,-2875.1767666748156,2.6631902416022655,0.3893073991756566
34.16759727993413,571.1242071004713,8.966766266155268,97.85096940304348,460.5015769754436,829.9710453873627,0,LOW,264.33838413284707,-0.942234322366545,0.2900059651592599
34.14225519663905,3491.1655470967644,73.88354708023097,98.98557596662772,3331.0417103973655,3640.874139415252,0,HIGH,2920.041339996293,1.1346065635842422,-0.025342083295079476
35.13350539277744,817.8382669864884,248.81455201725234,97.47518333150046,839.1622188651281,804.0218761576626,1,HIGH,-2673.3272801102758,-1.5103926351272605,0.9912501961383882
34.91812832637078,1100.1342601789477,251.89130043958457,98.42648799274684,1029.0566735903612,783.8820685644819,1,HIGH,282.29599319245926,0.9513046612463825,-0.21537706640665988
35.34893563476137,1726.8243544622708,152.00319485148367,96.38524644266323,1643.3906669037603,1715.5741292587168,1,MEDIUM,626.6900942833231,-2.041241550083612,0.430807308390591
34.93372213878581,1820.4487373546253,238.79701149759796,99.02168875494796,1913.259381121968,1661.3458002357406,1,HIGH,93.62438289235456,2.6364423122847285,-0.4152134959755571
35.48499980571004,2291.688601264389,0.0,95.24065005471405,2353.9849107670752,2316.9008537511672,0,MEDIUM,471.2398639097637,-3.781038700233907,0.5512776669242285
33.93175294137243,1653.6156072649796,108.2467062004634,94.94596797927969,1613.3566993599957,1695.2784021654732,0,MEDIUM,-638.0729939994094,-0.2946820754343662,-1.5532468643376092
34.58433083187822,88.28046437503471,68.28091398169458,99.43204595361844,144.49456931754193,58.656271449423585,0,MEDIUM,-1565.335142889945,4.486077974338755,0.6525778905057891
34.27959721987997,1123.4825163321539,147.73644546361984,95.00134980162238,1241.4400906680771,1032.2203315748459,1,MEDIUM,1035.2020519571192,-4.4306961519960595,-0.3047336119982518
35.26693577766717,1540.559683498419,287.14727249213644,98.24396732217744,1302.1334056978885,1542.1186469722445,1,HIGH,417.0771671662651,3.242617520555058,0.9873385577872043
34.677750992989026,1680.7349320203593,169.05776935891998,97.96939409608383,1848.2472192503594,1686.7517850905888,1,MEDIUM,140.17524852194038,-0.274573226093608,-0.589184784678146
34.28363406061702,1975.3028274927515,173.87291521691424,95.24143511878523,1957.6205932748799,1947.75581750408,1,MEDIUM,294.56789547239214,-2.7279589772985986,-0.3941169323720075
33.72677346874963,1101.3635525401041,111.224408182565,98.37251577328125,1159.8361889071305,1161.0813444757755,0,MEDIUM,-873.9392749526473,3.1310806544960172,-0.556860591867391
33.95902782419236,1163.5581382129594,255.73135091429052,99.78797394180523,999.0228393720364,1041.6291949019474,1,HIGH,62.19458567285528,1.4154581685239833,0.2322543554427341
34.882300060620196,1534.1465429913649,191.2934326587114,97.65857002178065,1581.5617003081352,1516.4489859398518,1,HIGH,370.58840477840545,-2.1294039200245862,0.9232722364278345
32.99192659240174,1161.0637629032294,210.60056990018114,98.70867838523489,989.0271422008818,1176.0789989541956,1,HIGH,-373.08278008813545,1.0501083634542425,-1.8903734682184563
33.942540704838926,1962.7700209641155,116.29759235374092,98.07402606163228,1909.7105501719543,2049.4824585918846,0,MEDIUM,801.7062580608861,-0.6346523236026087,0.9506141124371865
34.264595828082335,977.9258979837257,35.15517206921478,96.99926388056399,859.9573831693642,985.6211961796009,0,LOW,-984.8441229803898,-1.0747621810682944,0.322055123243409
33.604405896658484,311.2843049796875,67.29429211829641,97.73536320431629,528.8219543249538,208.25618188444915,0,MEDIUM,-666.6415930040382,0.736099323752299,-0.6601899314238509
33.699780712646394,1609.7658656294382,54.84339453537208,97.99353628451075,1791.3993105923855,1668.2391492275679,0,MEDIUM,1298.4815606497507,0.2581730801944673,0.09537481598790976
33.38795703702929,1983.3025340898837,249.84582973973866,97.87665252222514,2129.771438786827,1936.8857355059656,1,HIGH,373.5366684604455,-0.11688376228561026,-0.3118236756171058
34.775493440822984,2081.803955481512,172.60400648722486,98.34841783214591,2151.7526225836655,2027.2299898829237,1,MEDIUM,98.50142139162813,0.4717653099207695,1.3875364037936961
33.61923633417039,1443.373918491503,70.19991769461234,98.84572550855366,1427.177053800834,1491.8496576086698,0,MEDIUM,-638.4300369900088,0.4973076764077433,-1.1562571066525962
34.552868075162884,1679.0633900774153,160.3729407442965,97.3238701816168,1655.6662562109111,1621.9960915174509,1,MEDIUM,235.68947158591232,-1.5218553269368584,0.9336317409924959
32.85917994293167,2264.1146770614755,281.4583134205002,99.20729199566256,2161.8246258237805,2374.50484964712,1,HIGH,585.0512869840602,1.8834218140457608,-1.693688132231216
33.81566945908947,2352.9425121605823,189.90490657986658,96.86785959674503,2416.0441450993853,2305.4135443249133,1,HIGH,88.82783509910678,-2.3394323989175234,0.9564895161578022
32.59008604488048,1371.3201720152524,280.020239863568,99.0239615710041,1560.2572232398024,1316.3519588891,1,HIGH,-981.6223401453299,2.156101974259059,-1.225583414208991
34.005308149395624,1666.5733936601787,115.09174383955057,96.66317524736812,1756.0541541593827,1546.2513220609771,0,MEDIUM,295.25322164492627,-2.3607863236359776,1.415222104515145
33.95682391272346,2826.861327527855,171.779830347887,95.95266497553578,2771.3066173325747,2871.247376071175,1,HIGH,1160.2879338676762,-0.7105102718323337,-0.0484842366721665
33.22835473118692,941.0473848716091,104.50938696366528,98.43253066016848,853.3077579665636,928.7527330766504,0,MEDIUM,-1885.8139426562457,2.479865684632699,-0.7284691815365392
33.83940311481835,967.8856276324118,110.61592883694374,95.82884080394,1078.5285802744922,1055.3983509647157,0,MEDIUM,26.8382427608027,-2.6036898562284847,0.6110483836314344
33.7807010351439,1316.117017831054,274.7623816195143,96.75818595127559,1274.553438297449,1302.6146017052213,1,HIGH,348.2313901986422,0.9293451473355958,-0.058702079674453955
35.29198461226434,891.5945654330733,238.47944489971053,97.32771259018898,863.1012692717542,1049.4500375103119,1,HIGH,-424.5224523979807,0.5695266389133877,1.5112835771204445
35.37976618294923,794.8683204832234,118.34259741860225,98.28533864452633,684.5391058320253,960.3110175277615,0,MEDIUM,-96.72624494984984,0.9576260543373536,0.08778157068488923
33.407851312373616,1529.3811749678,7.82461367205265,98.25144299876798,1572.3287957930452,1340.3376395993378,0,MEDIUM,734.5128544845766,-0.03389564575834925,-1.9719148705756169
34.313557537375246,1992.479625956626,191.69019528181462,96.67004217723829,1834.4470213539998,2083.0786022667544,1,HIGH,463.098450988826,-1.581400821529698,0.9057062250016301
35.678358842950004,844.4748767793536,294.49468925040117,99.3965734927166,841.3460346945438,786.2354714413779,1,HIGH,-1148.0047491772725,2.7265313154783115,1.3648013055747583
34.59522958575645,1393.1342320113567,220.84017042152854,98.01527468546088,1229.0656407717647,1308.8562098347281,1,HIGH,548.6593552320031,-1.3812988072557175,-1.083129257193555
34.245405297061055,1976.4951568397735,49.08621509948819,96.72069866103007,1942.52216656853,1923.398646797831,0,MEDIUM,583.3609248284167,-1.2945760244308104,-0.3498242886953946
33.89149706546777,1589.192653761098,161.41273226865326,96.56312024175426,1337.7458792066598,1821.950813671063,1,MEDIUM,-387.3025030786755,-0.15757841927580785,-0.3539082315932873
34.23286323504915,0.0,98.08578850021945,100.0,-31.275352888321592,97.52040423509447,0,MEDIUM,-1589.192653761098,3.4368797582457375,0.3413661695813843
34.02218228235022,612.4995892620068,73.04193787979908,97.73167012988677,489.9257185167252,825.8738881624731,0,MEDIUM,612.4995892620068,-2.2683298701132344,-0.2106809526989295
33.563717270169484,2911.137646695875,83.40040335274152,96.23133427384175,2913.0651616881937,3041.8167191519246,0,HIGH,2298.638057433868,-1.5003358560450124,-0.45846501218073854
35.79226671953382,2509.3522834279206,240.375650044781,97.91992702949833,2481.268251755907,2424.1661830844796,1,HIGH,-401.7853632679544,1.6885927556565719,2.228549449364337
33.32316057749238,2718.3267362218785,264.10633065286703,96.99466751445674,2648.100691826933,2725.6914230948973,1,HIGH,208.97445279395788,-0.9252595150415885,-2.46910614204144
33.130263693766686,411.95986606931064,64.2790308468983,98.62969195614878,327.03102322321143,492.3029870299798,0,MEDIUM,-2306.366870152568,1.635024441692039,-0.19289688372569458
34.62964137194388,163.05545587719138,190.50949792351759,99.37281012608335,188.56549054442408,270.60682804830475,1,HIGH,-248.90441019211926,0.7431181699345757,1.499377678177197
35.006652261910446,2224.3134902817364,281.45369790218996,98.83856285645659,2211.2660235599865,1999.9138888320451,1,HIGH,2061.258034404545,-0.5342472696267606,0.37701088996656296
34.84277634666683,1639.5692913696034,299.4040156879138,96.56466091517788,1648.6150278588846,1798.3043022061108,1,HIGH,-584.744198912133,-2.2739019412787087,-0.1638759152436151
34.364086734120434,840.2141854790257,281.1567165653543,98.37534573985957,849.8140335769947,672.5577558889994,1,HIGH,-799.3551058905778,1.8106848246816867,-0.47868961254639686
34.978912218287,3197.564841769392,167.1844633668518,96.2364171131822,3033.225755459421,3304.777218131921,1,HIGH,2357.3506562903663,-2.1389286266773695,0.6148254841665661
34.237459393440176,1644.1172045860817,178.5822903519188,96.9428950863816,1883.064494975581,1460.8775924438185,1,MEDIUM,-1553.4476371833102,0.706477973199398,-0.7414528248468244
34.441703456358425,1949.8637090367415,126.97962691395263,95.33446029382456,2010.38729426935,1857.0485757476574,1,MEDIUM,305.7465044506598,-1.6084347925570341,0.20424406291824937
34.666185830512845,1966.1268349719528,16.894828654840275,96.61572386279323,1948.5339609759546,2158.0232767149614,0,MEDIUM,16.263125935211292,1.2812635689686687,0.22448237415441952
34.34434467597491,1395.689196827373,187.2099744547211,99.15380099847549,1370.2239729450368,1531.9358293020553,1,HIGH,-570.4376381445798,2.538077135682258,-0.3218411545379354
34.69658664327034,2951.1132217247196,240.25650846309654,97.04917327727505,2866.2513860568693,3062.0519905455444,1,HIGH,1555.4240248973465,-2.104627721200444,0.3522419672954271
34.30683644973414,2098.815334016025,130.44039062374048,98.83880901207519,2334.4434456353583,2325.989351286543,1,MEDIUM,-852.2978877086944,1.789635734800143,-0.38975019353619444
35.22161750191278,1251.1894863800787,59.083175951819705,97.96763239688755,1045.231426377061,1340.2212765220831,0,MEDIUM,-847.6258476359465,-0.8711766151876361,0.9147810521786397
35.39958139083717,2157.5885574268823,111.0263654607141,98.14852630395401,2398.0418431021553,2293.279153129915,0,MEDIUM,906.3990710468036,0.18089390706646213,0.1779638889243884
32.94842881618678,2960.7930464437945,95.6775916287895,95.69219405381362,3026.58358067412,2964.573466389897,0,HIGH,803.2044890169122,-2.4563322501403917,-2.4511525746503935
34.726948990795435,1421.156492860012,225.0399785187036,99.08251954114772,1383.6212930113163,1350.402924459843,1,HIGH,-1539.6365535837826,3.3903254873340956,1.7785201746086585
33.722828863987026,1215.083818678781,98.27476815777447,97.59328783903592,1564.0999352276713,1183.0441516730232,0,MEDIUM,-206.07267418123092,-1.4892317021117947,-1.0041201268084095
34.621396827822494,1294.7107033112125,25.001463088858884,99.45267613626157,1234.6988253850732,1032.5178031346334,0,MEDIUM,79.62688463243148,1.8593882972256495,0.8985679638354682
35.61684625329991,1457.5961278486882,158.57091802047185,97.43471911164684,1275.7210140483191,1472.2850272538044,1,MEDIUM,162.88542453747573,-2.0179570246147307,0.9954494254774175
34.817015079012506,2283.6979812652417,187.05215408660135,96.45593834899984,2456.8136142533494,2275.0176853591456,1,HIGH,826.1018534165535,-0.9787807626470055,-0.7998311742874051
32.12591280480313,2086.1684865225957,87.72574629427353,98.21579839364462,2267.2596274707453,2231.649514514836,0,MEDIUM,-197.52949474264597,1.7598600446447819,-2.6911022742093778
35.844645659127174,338.05611275168576,94.1421367873882,98.54139391592228,179.89960393304676,303.0200200046184,0,MEDIUM,-1748.11237377091,0.3255955222776663,3.7187328543240454
33.88316689914742,3339.1722080904233,167.3371009889463,94.79408379212924,3315.8998925243905,3262.9363253319584,1,HIGH,3001.1160953387375,-3.747310123793042,-1.9614787599797552
34.006427417203845,2358.8399522716177,52.61796847446077,95.96883093793049,2251.0457174610133,2436.3457511144134,0,MEDIUM,-980.3322558188056,1.1747471458012484,0.12326051805642635
34.420600837167505,2975.3041130190613,61.51616909661368,94.33410532941369,3150.4908125794927,3030.4052670688798,0,HIGH,616.4641607474437,-1.6347256085168027,0.4141734199636602
35.458041153221,3708.358981618136,28.085332417061863,95.10978205764948,3622.203786480961,3735.270898315266,0,HIGH,733.0548685990748,0.7756767282357941,1.037440316053491
34.20071601256516,2079.563093688504,51.7839643741525,97.03480203327135,2079.2881568933794,1965.4998545766252,0,MEDIUM,-1628.795887929632,1.9250199756218649,-1.257325140655837
34.788666205270495,1663.502725520044,125.63456935158148,100.0,1563.1548666508556,1733.1953801807365,1,MEDIUM,-416.0603681684602,2.9651979667286525,0.5879501927053354
34.85897842531588,2138.7196686772013,269.23559717650454,98.58571725314873,2015.511347077963,2191.450870173721,1,HIGH,475.2169431571574,-1.4142827468512706,0.07031222004538762
34.44706311209302,2592.1676397028536,149.2821873641496,97.97390703189015,2551.6898697632214,2616.3625922025026,1,HIGH,453.44797102565235,-0.6118102212585796,-0.41191531322286323
33.89939307229177,0.0,198.46238873068546,99.65088366967626,-53.21539094609107,-67.99702335390364,1,HIGH,-2592.1676397028536,1.6769766377861117,-0.5476700398012468
34.8408294707339,2347.0465464047934,187.6969364724882,97.18201612968498,2386.599729717092,2172.1733598503124,1,HIGH,2347.0465464047934,-2.4688675399912796,0.9414363984421286
34.256271515410845,2148.3590376555726,18.394951035160645,98.20681721382009,2114.588257389951,1929.568938077191,0,MEDIUM,-198.6875087492208,1.024801084135106,-0.5845579553230564
34.38919759171765,1413.6925956865016,156.77543805395794,100.0,1263.1609866607996,1388.6174811852597,1,MEDIUM,-734.666441969071,1.7931827861799121,0.1329260763068021
34.683657177690705,123.36345154981093,228.70610530574496,100.0,10.810955813931077,114.49384488258741,1,HIGH,-1290.3291441366907,0.0,0.2944595859730583
35.196642224473194,1082.6614640742464,45.04343965224645,98.29480153691883,1007.6329220079391,1170.1757363307881,0,LOW,959.2980125244354,-1.7051984630811745,0.5129850467824895
35.10058107640373,1641.9933858604825,112.05959868510315,97.2979736659979,1689.4568382605623,1820.684541160638,0,MEDIUM,559.3319217862361,-0.9968278709209244,-0.09606114806946664
33.83720499662445,0.0,123.50430901830448,98.08424261492215,-19.000839017901775,16.591338080241453,1,MEDIUM,-1641.9933858604825,0.7862689489242456,-1.2633760797792775
34.247929856783884,1464.1382658440757,4.125604968942911,96.5763521072749,1614.17125647519,1656.9101616641656,0,MEDIUM,1464.1382658440757,-1.5078905076472466,0.41072486015943355
33.907453251322536,3065.94359990675,75.67283614746754,96.52404004631566,3050.7068356593395,2998.0908574804025,0,HIGH,1601.8053340626743,-0.05231206095923824,-0.3404766054613475
35.25451676116507,1901.0705455872942,165.08212342685349,97.08336677597741,1852.5719195479492,1868.3914595868507,1,MEDIUM,-1164.8730543194558,0.5593267296617483,1.3470635098425348
33.871227470327085,1559.0760422824162,294.1301038851798,98.52700989049704,1762.4869165484934,1383.2135148110256,1,HIGH,-341.994503304878,1.443643114519631,-1.3832892908379861
34.57055259685386,3186.7759310950014,248.01114351311844,95.64642579723332,3089.026953615086,3382.3957665232924,1,HIGH,1627.6998888125852,-2.880584093263721,0.699325126526773
34.84251845371125,1699.0764966689155,56.40054815853669,95.51538499854057,1823.6618778676554,1829.5412139678501,0,MEDIUM,-1487.6994344260859,-0.13104079869275154,0.27196585685739194
34.05118476597756,1452.5072883558912,173.9453138433335,97.63847698385945,1624.5123741560005,1487.7715864493177,1,MEDIUM,-246.56920831302432,2.1230919853188794,-0.7913336877336903
33.34079448716893,3136.496647037638,279.0256020311439,94.11418121896604,3074.5685709448626,2960.581320001708,1,HIGH,1683.9893586817468,-3.5242957648934095,-0.7103902788086316
34.341967683262595,400.97377141040715,27.72157977424438,99.13050444548985,474.0625576623904,312.22706372253316,0,LOW,-2735.522875627231,5.016323226523809,1.0011731960936672
34.49785626902782,1078.3852927810913,194.26182324434953,96.43854701646265,993.2964327889963,972.2968127871969,1,HIGH,677.4115213706841,-2.691957429027198,0.15588858576522568
33.63369095880431,1564.7598531528977,60.40590204825422,97.98985542514575,1598.1645980092658,1609.419035621647,0,MEDIUM,486.3745603718064,1.5513084086830986,-0.8641653102235125
34.37233906793502,778.0790207544584,278.8599481990473,96.72205978536068,670.0966920571244,908.9081481896504,1,HIGH,-786.6808323984393,-1.2677956397850636,0.7386481091307147
34.814021978543316,1662.2824175401292,102.9456128293525,97.27180285497812,1612.8681882155304,1686.537062461162,0,MEDIUM,884.2033967856709,0.5497430696174348,0.4416829106082929
34.875438475890675,1564.4074883621652,163.54737191280373,97.1928649991034,1707.3613203820498,1726.348675599706,1,MEDIUM,-97.87492917796408,-0.07893785587471314,0.06141649734735921
34.935219546723445,2030.3437217069047,100.0408352806036,97.91150579835572,1994.3049210730028,2028.9254131582604,0,MEDIUM,465.93623334473955,0.718640799252313,0.059781070832769956
34.675350290533785,1701.6817525152028,265.92645189056066,97.89576329132271,1686.507384578319,1781.664868968778,1,HIGH,-328.6619691917019,-0.01574250703301061,-0.25986925618965984
34.740489259693824,3383.4655348304505,220.23406372062936,95.41471375774019,3285.3444786095033,3314.7239765669024,1,HIGH,1681.7837823152477,-2.481049533582521,0.06513896916003858
33.56030240950732,1471.307674666052,215.67619927718167,96.52406273488438,1434.6430659419102,1477.293868454064,1,HIGH,-1912.1578601643985,1.1093489771441938,-1.1801868501865016
34.38504909183051,1567.2481155148728,168.5998466805731,97.19110228319948,1637.108075046511,1411.9432263002327,1,MEDIUM,95.9404408488208,0.6670395483151026,0.8247466823231875
33.33403783782599,1778.4989433313021,259.2665219951067,97.19118159007425,1745.5391117857507,1612.6788708010276,1,HIGH,211.25082781642936,7.930687476687126e-05,-1.0510112540045213
34.445080473649924,1991.855330936719,45.278157507105774,98.38367150289389,1873.6484232595133,2104.534761282745,0,MEDIUM,213.35638760541678,1.1924899128196387,1.1110426358239351
34.12020485765309,3360.620291525857,148.31187882288802,95.42835708283863,3724.228112274921,3223.281439609955,1,HIGH,1368.764960589138,-2.9553144200552595,-0.3248756159968309
34.27635581086336,1632.2389354656243,257.33737411396686,99.69348043344468,1582.8652413242942,1741.1340195210887,1,HIGH,-1728.3813560602325,4.265123350606046,0.15615095321026473
33.749105629705376,2152.3760388601822,226.07912643269404,99.78298204836898,2210.4427147680326,2136.8479412057645,1,HIGH,520.1371033945579,0.08950161492430198,-0.5272501811579815
32.90766584162101,982.863005618219,219.91350448289825,99.02955222784641,948.8854215335728,900.485760205416,1,HIGH,-1169.5130332419633,-0.7534298205225696,-0.8414397880843651
35.040575277223056,272.3124080302138,147.09042796469714,99.52021818708491,163.63525163622865,363.23741318620273,1,MEDIUM,-710.5505975880051,0.4906659592384983,2.132909435602045
33.48234069194256,889.4480292919195,286.60379050917845,98.12870404137277,819.3686226512563,998.5000362193929,1,HIGH,617.1356212617056,-1.3915141457121365,-1.5582345852804949
34.037127630206555,2454.6284129675114,84.46974295482873,95.32052325243455,2733.3582167177365,2310.5173672457327,0,MEDIUM,1565.1803836755919,-2.808180788938216,0.5547869382639945
33.79512875447732,2348.3954001676266,7.371794548918192,95.8318810074511,2483.1286521670027,2300.743963226363,0,MEDIUM,-106.23301279988482,0.5113577550165473,-0.24199887572923728
33.51113212920069,1189.172773754103,84.22341856630129,98.93189129408638,1298.6109234007745,1204.9928538558006,0,MEDIUM,-1159.2226264135236,3.100010286635282,-0.28399662527662883
34.4722097502271,1219.8920521360772,100.64240415360267,97.5515635375274,1189.2155017062219,1219.8430875644592,0,MEDIUM,30.719278381974163,-1.3803277565589838,0.961077621026412
33.90849085746208,3653.3049358303892,68.40807762451637,97.55642985179053,3527.711976759284,3641.049506286904,0,HIGH,2433.412883694312,0.00486631426312556,-0.5637188927650243
33.67100093415066,2006.1915428119503,1.360767513189376,98.80979053513472,1842.6200810964133,2048.064660845363,0,MEDIUM,-1647.113393018439,1.253360683344198,-0.23748992331141494
34.89286929213472,2609.214568829589,110.99962449491517,97.31002640190019,2501.628862670698,2725.1045003794693,0,HIGH,603.0230260176388,-1.4997641332345353,1.2218683579840572
33.352389474384665,1807.8152781589802,225.63984122620397,98.1247628415897,1744.0478897008802,1581.418920532392,1,HIGH,-801.3992906706089,0.8147364396895114,-1.5404798177500538
34.409166970927345,1074.0905368886538,231.1698829350791,98.71942401827351,859.665473877018,1279.549208633243,1,HIGH,-733.7247412703264,0.5946611766838146,1.0567774965426793
33.83909748161822,0.0,228.5348704204424,98.32979275886008,-26.031098033134406,-78.00419374510639,1,HIGH,-1074.0905368886538,-0.38963125941343435,-0.5700694893091267
35.04541447655725,1460.0383437798448,178.00813912529287,98.52625988887125,1663.9925110156298,1227.3495563020115,1,MEDIUM,1460.0383437798448,0.19646713001117178,1.20631699493903
35.333254881867916,959.2513533471089,244.25350486883247,99.42015544086898,1075.1866046057119,1007.8955839157094,1,HIGH,-500.78699043273593,0.8938955519977299,0.2878404053106678
34.03886543489443,1232.415056031846,157.89842303425718,98.91274230285443,1218.9248669490212,1327.7575603516,1,MEDIUM,273.16370268473713,-0.5074131380145559,-1.294389446973483
34.114178923539015,2513.8104955097406,16.30272359434865,97.57473198643544,2465.7838766644645,2497.836505815745,0,HIGH,1281.3954394778946,-1.3380103164189876,0.0753134886445821
35.2728449142133,1878.348172681653,113.84037788511634,97.76799415550383,1985.9636982097625,1856.4237008368086,0,MEDIUM,-635.4623228280875,0.19326216906839022,1.1586659906742867
34.92180918237561,1614.665157883852,229.00651630156457,97.88405213093974,1747.2611933064763,1668.0744035993723,1,HIGH,-263.683014797801,0.11605797543590768,-0.35103573183769043
35.36070974129028,1342.1846448970282,216.17503651406398,99.91422707708035,1195.4409940398891,1476.7009919760071,1,HIGH,-272.4805129868239,2.030174946140619,0.4389005589146677
33.91241924017178,380.6245233430851,99.82068140315488,98.47654946416687,367.92707252176183,275.79354296706236,0,MEDIUM,-961.5601215539431,-1.4376776129134896,-1.4482905011184997
34.682747438843926,198.8653626245037,18.42265871568632,99.0605870151531,275.8799180364043,143.265429882737,0,LOW,-181.75916071858143,0.5840375509862383,0.7703281986721464
34.68250482173879,1420.1358553754083,240.56337162332667,98.00960542299637,1439.4897356196016,1279.7695862221726,1,HIGH,1221.2704927509046,-1.050981592156731,-0.0002426171051368442
34.649000593508696,2460.0504407287563,132.31293988629668,97.33494394565253,2542.4355854693317,2507.7181304586643,1,MEDIUM,1039.914585353348,-0.6746614773438466,-0.03350422823009325
34.17081163572321,795.2916034221146,156.71743448357233,98.59798189269128,738.6869450486585,852.4631165430767,1,MEDIUM,-1664.7588373066417,1.2630379470387538,-0.4781889577854841
34.22913959089097,0.0,93.49608018394133,97.63127417738944,0.8200868728564981,305.3267334255473,0,MEDIUM,-795.2916034221146,-0.9667077153018369,0.05832795516776201
33.08136896851593,2334.883501298231,51.592924807493404,96.55212166729353,2332.2574083648756,2336.146406434119,0,MEDIUM,2334.883501298231,-1.0791525100959092,-1.1477706223750417
35.43494147227618,649.5664569298452,294.01283409917954,97.26057313282996,498.2896402730413,784.3259738242803,1,HIGH,-1685.3170443683857,0.7084514655364273,2.3535725037602475
34.10622953569139,472.9279697785756,180.04053429381955,97.66924614808666,180.3548106017114,482.0047320022835,1,HIGH,-176.63848715126966,0.40867301525669575,-1.3287119365847886
33.05804766910415,1945.6797588387126,135.3483109516304,97.18895272588254,1874.6162312819408,2125.0270043589176,1,MEDIUM,1472.751789060137,-0.4802934222041131,-1.0481818665872424
34.94964098586577,251.4615840845475,219.79409252695376,97.89935599985883,214.73039534138968,22.090177802505373,1,HIGH,-1694.2181747541651,0.7104032739762829,1.8915933167616217
33.71375681768339,1127.08833195853,96.95469670404685,98.33687111580043,1233.9222038363707,1075.8781441878157,0,MEDIUM,875.6267478739826,0.43751511594160775,-1.2358841681823804
34.38954382800488,1199.427624349005,34.77320798731065,100.0,1214.1888555711826,1071.214760613464,0,LOW,72.33929239047507,1.6631288841995655,0.6757870103214927
35.09508595197798,2903.3671655021985,39.98139448225597,95.93871979654627,2950.4691477388997,2918.099579492856,0,HIGH,1703.9395411531934,-4.061280203453734,0.7055421239730961
34.20900583664895,171.68450836485655,255.79322685064017,98.36489845370184,16.459188912227567,161.29745013877596,1,HIGH,-2731.682657137342,2.4261786571555746,-0.8860801153290296
34.55744031221062,722.618726791081,120.16856639434351,98.32370988781607,861.7088328049127,646.3597601216668,1,MEDIUM,550.9342184262244,-0.041188565885775574,0.3484344755616746
34.79492942953732,0.0,106.76149750033818,98.80611730501165,-133.06405628830666,-91.564936001932,0,MEDIUM,-722.618726791081,0.48240741719558855,0.23748911732669598
33.596051289928326,1627.4098815328073,25.5090344413033,96.69479662871412,1471.6773719245712,1403.3942087425644,0,MEDIUM,1627.4098815328073,-2.111320676297538,-1.1988781396089934
34.82636691242346,1079.2997724725822,226.92381523232956,96.15819803403137,799.9574670611973,1077.060868564918,1,HIGH,-548.1101090602251,-0.5365985946827436,1.2303156224951337
34.26867820896719,837.2180311258415,264.1067261471884,96.5483901992791,728.5729057402066,780.8969652250385,1,HIGH,-242.0817413467406,0.3901921652477256,-0.5576887034562716
35.082627140687,1009.4841458515233,196.81964831549968,97.76888399540574,1093.1082028331355,950.4342671986012,1,HIGH,172.26611472568175,1.2204937961266467,0.8139489317198141
35.32691371318262,2288.2595742343874,165.7035410161462,97.06987844826139,2246.6289781390556,2132.189486401411,1,MEDIUM,1278.775428382864,-0.6990055471443526,0.2442865724956178
34.386600562384785,1483.326833329655,104.41410145929137,98.86380041497465,1545.4112076535894,1411.7857956722041,0,MEDIUM,-804.9327409047323,1.7939219667132562,-0.9403131507978344
33.58763909047007,2221.8139593496358,178.09917318388412,94.83259594117555,1921.4172932453628,1974.694508090142,1,MEDIUM,738.4871260199807,-4.031204473799093,-0.7989614719147156
34.62964285747198,3024.230951662972,30.248634846491257,98.73386629914557,3136.5240505971287,3010.7873349336705,0,HIGH,802.4169923133363,3.90127035797002,1.0420037670019084
34.809508433212144,2132.273150503352,59.864933497555896,96.40714572033907,2248.7673928294184,1917.2586161052532,0,MEDIUM,-891.95780115962,-2.3267205788065013,0.17986557574016615
34.152756752875575,1614.873410057909,151.10818369918724,97.2254483403344,1589.2362370480841,1727.009133975745,1,MEDIUM,-517.3997404454431,0.8183026199953218,-0.6567516803365692
33.54810779460579,1659.8310904573666,104.99284444572231,96.85327442813235,1599.6886190346702,1701.757101870384,0,MEDIUM,44.95768039945756,-0.37217391220204377,-0.6046489582697845
34.96802498136157,1323.1867119475153,141.48074838192704,97.37393215081848,1219.8233425492272,1359.236823446011,1,MEDIUM,-336.6443785098513,0.5206577226861242,1.4199171867557823
34.771200117169,3186.5630834535636,31.893391725572446,95.16583722036849,3263.26745864442,3177.3934337020273,0,HIGH,1863.3763715060484,-2.208094930449988,-0.19682486419257117
34.54556181901083,1169.1491562036001,190.05238345155956,99.2525851914411,1368.726588993153,961.8296234720259,1,HIGH,-2017.4139272499635,4.086747971072612,-0.2256382981581737
34.0504887163493,1128.2016911627245,168.75589343198877,99.26394225449961,1163.4920700364082,1078.5343865761226,1,MEDIUM,-40.94746504087561,0.011357063058511585,-0.4950731026615287
34.95897430869752,1629.0952939458964,150.15002318139992,98.02121669409661,1939.3503844234608,1580.827303657867,1,MEDIUM,500.8936027831719,-1.2427255604030023,0.9084855923482209
34.33210971275511,1593.0593573324122,160.93402567882077,94.05059008658652,1665.467295342187,1474.3180397795786,1,MEDIUM,-36.03593661348418,-3.9706266075100842,-0.6268645959424077
34.514040389333346,2822.081462967089,15.254409892193546,96.92499458892874,2785.495573278972,2910.3186544535015,0,HIGH,1229.0221056346768,2.874404502342216,0.18193067657823292
34.63691953114455,1373.7809032460843,250.2642936651964,97.1658460115764,1224.806174388581,1433.9066996287697,1,HIGH,-1448.3005597210047,0.24085142264766546,0.12287914181120385
35.16939367211353,2021.4519655044555,262.89811628371666,95.03085827394618,2199.2290519830267,2103.549823363596,1,HIGH,647.6710622583712,-2.134987737630226,0.5324741409689793
34.6596235173565,2769.0675579165404,268.31817629212514,94.79021790881042,2609.195216390638,2788.837093745543,1,HIGH,747.6155924120849,-0.2406403651357607,-0.5097701547570281
34.718802276271134,1788.36948765078,300.0,98.39268228021685,1906.38684104998,1926.117383516487,1,HIGH,-980.6980702657604,3.602464371406427,0.059178758914633534
34.78615574105492,3380.4723706157615,209.8753439537928,95.42316961425476,3397.419391245734,3399.3283766114605,1,HIGH,1592.1028829649815,-2.9695126659620854,0.06735346478378545
34.200165757718075,3255.630408699488,151.48922121795792,94.85406275530207,3337.526271830078,3181.8758624176717,1,HIGH,-124.8419619162737,-0.5691068589526935,-0.5859899833368445
33.81168636316646,1535.9112747959757,91.64330425346392,97.55567828153576,1546.8385734727515,1466.015933859738,0,MEDIUM,-1719.719133903512,2.701615526233695,-0.3884793945516165
34.33277872252987,2070.162472855409,100.35238255228413,97.39617200627475,2059.333943558439,2073.0414571645697,0,MEDIUM,534.2511980594331,-0.15950627526100902,0.5210923593634149
34.87904870788651,1912.141597606874,187.77774815117988,96.35501614230294,1985.8281494796215,1833.5360212697653,1,HIGH,-158.02087524853482,-1.0411558639718095,0.5462699853566377
33.42460004644682,1408.9832134841974,215.80095891305206,96.11998600535026,1525.904465560234,1532.4334670894411,1,HIGH,-503.1583841226766,-0.23503013695268749,-1.4544486614396916
35.128380586597316,2277.468455543098,67.79477003030333,98.10206051176318,2188.404127390798,2410.4537540129704,0,MEDIUM,868.4852420589007,1.9820745064129284,1.7037805401504968
34.22363970596582,2666.1061213877997,241.34059069824661,94.56554310490436,2604.9421481664144,2796.2295356936665,1,HIGH,388.6376658447016,-3.5365174068588203,-0.9047408806314934
34.22105721428563,1219.3546069594074,0.0,98.63905095810621,1125.9947855731757,1049.8026498210418,0,MEDIUM,-1446.7515144283923,4.073507853201846,-0.0025824916801937547
34.53935252866094,975.8731881787285,191.69154816367006,97.63610733871643,1050.3799405824263,1014.3036217585138,1,HIGH,-243.48141878067895,-1.0029436193897823,0.31829531437531244
33.20810336688891,2111.29843529046,169.85860861990963,97.52047258649235,2216.8218758262738,2254.6261197042345,1,MEDIUM,1135.4252471117316,-0.11563475222408215,-1.3312491617720283
34.04400006510075,2837.0163053242127,164.64291278383044,97.1676720684382,2941.957714583328,2746.9938287777254,1,HIGH,725.7178700337527,-0.3528005180541527,0.8358966982118332
34.017237134264434,1145.5552095801554,291.5886458715012,97.2984663975812,1344.9930044430694,1080.7600398917739,1,HIGH,-1691.4610957440573,0.1307943291430007,-0.02676293083631265
33.75261413036241,1381.447658231313,296.4130295224182,98.04007964917649,1244.5580125320382,1314.7506432319362,1,HIGH,235.89244865115757,0.7416132515952967,-0.26462300390202387
34.59374667088983,1875.2800328728204,154.48318771012657,97.14233372511066,1915.8216484346472,1877.3386356395451,1,MEDIUM,493.8323746415074,-0.8977459240658305,0.8411325405274184
34.06598980517288,1255.099624420778,17.16132791227779,98.76117735444096,1323.3965396948815,1246.6204184653393,0,MEDIUM,-620.1804084520425,1.6188436293303,-0.5277568657169454
34.372865634564434,1449.8101254564453,81.78783018114979,98.62501500669374,1538.7997253322949,1290.1728112472106,0,MEDIUM,194.71050103566745,-0.13616234774721647,0.3068758293915508
35.04578069483916,1709.1975802541604,206.66269664415177,98.23014625012608,1776.5614794383196,1758.6413984942208,1,HIGH,259.387454797715,-0.39486875656766074,0.6729150602747254
33.74211950293726,2902.2512106980344,238.5787520000957,95.11413014132076,2858.6396659509182,2610.077346361278,1,HIGH,1193.053630443874,-3.1160161088053258,-1.3036611919019023
34.40852884069701,587.9669885061379,211.30556989321227,98.63763360617517,559.2458196870751,594.8530300278231,1,HIGH,-2314.2842221918963,3.5235034648544143,0.6664093377597524
34.54058919792859,2699.3540021988565,250.51833690378197,94.6665959320019,2508.1900545304165,2732.3311665723118,1,HIGH,2111.3870136927185,-3.9710376741732745,0.13206035723158038
34.75277289692658,3083.2708984275782,141.00720217467273,98.15534539884301,3133.318202321236,3027.272752348066,1,HIGH,383.9168962287217,3.4887494668411136,0.21218369899798972
34.75389814541323,1568.7613542363804,188.07622480333697,96.47336673146964,1297.1761722734634,1372.2900907084188,1,HIGH,-1514.5095441911978,-1.6819786673733716,0.001125248486651742
34.0934154765792,1967.6861097082394,236.9210623410674,98.43838357906098,2154.949438002765,1992.189872357486,1,HIGH,398.92475547185904,1.9650168475913432,-0.6604826688340282
33.45283420232205,648.3884775529476,291.5554052409898,99.76625949964104,601.5075139556648,420.5796508362679,1,HIGH,-1319.297632155292,1.3278759205800554,-0.6405812742571513
33.92814138267377,1210.7369770641412,215.82332086363672,97.64194984990903,1229.3167631822714,1284.9045250869967,1,HIGH,562.3484995111936,-2.1243096497320124,0.47530718035172015
33.77150529019486,0.0,72.59403312869405,99.42098822723372,-50.241468950603384,39.06660280918758,0,MEDIUM,-1210.7369770641412,1.7790383773246958,-0.1566360924789123
33.42230483993121,2718.9287048567508,9.47988106451904,95.52068449859301,2665.414278096672,2590.6451756347733,0,HIGH,2718.9287048567508,-3.900303728640708,-0.3492004502636519
33.52813371101,1634.7769448644312,122.55629008635727,95.71069300090642,1804.3118604229744,1683.3591279165194,1,MEDIUM,-1084.1517599923195,0.19000850231340394,0.10582887107879202
33.67717589439382,2286.7495376154025,28.58429840144256,97.00674123970512,2275.1618745752376,2269.703642769384,0,MEDIUM,651.9725927509712,1.2960482387987042,0.1490421833838198
34.45557498234515,1947.8554322611992,280.2410282385418,98.37579621465319,2003.4983042465765,2186.607188465464,1,HIGH,-338.89410535420325,1.369054974948071,0.7783990879513283
34.483390503942985,246.47331449467765,160.07115963587282,98.6765886726961,208.1494885442195,261.49308267433327,1,MEDIUM,-1701.3821177665216,0.3007924580429062,0.02781552159783729
34.34094754894127,1376.8284247235417,194.5493306045856,97.93707442537071,1551.1923189672011,1355.6992576038833,1,HIGH,1130.355110228864,-0.7395142473253884,-0.14244295500171233
34.73916148637394,1378.0863139638586,80.35404264030171,97.45905440326811,1433.2720025817853,1532.4707450739156,0,MEDIUM,1.2578892403168993,-0.47802002210259786,0.398213937432665
33.66742491017753,1315.415524598468,172.50028904747478,98.93193705528734,1174.0142379479946,1169.5553296780001,1,MEDIUM,-62.67078936539065,1.4728826520192229,-1.0717365761964075
34.13807215490353,0.0,284.30643828293324,98.35747972625009,-159.73654726808306,-20.62124507600205,1,HIGH,-1315.415524598468,-0.5744573290372443,0.4706472447260026
34.278934898473175,1384.798918949774,189.95765981846702,98.67451439643366,1267.2134790769767,1307.1428510086314,1,HIGH,1384.798918949774,0.317034670183574,0.14086274356964168
35.33555720944237,2656.8490372805495,89.90451392002305,96.56111116616427,2729.5028244990312,2655.3439822516357,0,HIGH,1272.0501183307756,-2.113403230269398,1.0566223109691961
34.81712455673279,2522.862917700155,251.02439596693017,96.7562120391096,2486.7758585025913,2271.6888994488495,1,HIGH,-133.98611958039464,0.19510087294533207,-0.5184326527095777
35.175705763233324,1826.6816791376245,284.42563448587055,96.47408519398627,1752.819737807509,1728.5403248849375,1,HIGH,-696.1812385625303,-0.2821268451233294,0.3585812065005314
34.444686359306715,2124.333167460423,198.65895205427552,97.55875138638683,2091.247760934529,2159.558662486182,1,HIGH,297.6514883227983,1.0846661924005616,-0.7310194039266094
33.85243987375505,1830.510617381687,256.66595022075296,98.36677509913154,1827.935171816583,1790.9833364755384,1,HIGH,-293.82255007873573,0.8080237127447134,-0.5922464855516623
34.50258591860524,580.6429166188191,122.70324747138115,96.6399508970274,519.2824401461263,570.4562462054436,1,MEDIUM,-1249.867700762868,-1.7268242021041402,0.6501460448501888
33.52449524965776,1970.2193341617447,272.4490261080748,96.39038316617079,1871.2835453647467,1859.9404851821932,1,HIGH,1389.5764175429256,-0.24956773085661155,-0.9780906689474804
35.107451564342746,2155.6191233498366,252.8086786882714,95.42296331983131,2034.227505092998,2304.702083295116,1,HIGH,185.39978918809197,-0.9674198463394816,1.582956314684985
34.98134770991775,2125.3940924062144,51.602027983436194,97.31899826384794,1804.892427631089,2144.374496737833,0,MEDIUM,-30.225030943622187,1.896034944016634,-0.12610385442499705
34.504984552140414,3022.103981721625,192.5793006071312,96.89757343128323,3067.459238048708,2790.156457635633,1,HIGH,896.7098893154107,-0.4214248325647105,-0.4763631577773353
33.53753192948853,2499.0425864592917,269.05747019478434,97.36101829928047,2676.4183691621574,2317.0219748778422,1,HIGH,-523.0613952623335,0.4634448679972394,-0.9674526226518836
34.954463277952875,1940.3239541916423,5.06288224096304,96.57598749641316,1774.9164351115721,1802.200886818459,0,MEDIUM,-558.7186322676494,-0.7850308028673112,1.4169313484643453
33.800905375251574,1248.6483943610872,140.88585151804253,99.29737764251249,1373.9201357897034,1221.765280119385,1,MEDIUM,-691.6755598305551,2.721390146099324,-1.1535579027013014
34.943494249014435,1426.7603578127398,76.48906746729746,97.11792170463222,1319.3553344104337,1437.4374718580534,0,MEDIUM,178.11196345165263,-2.179455937880263,1.1425888737628611
34.667974106580324,483.76228989645494,155.43767422136008,99.5779921889137,536.9621330806873,323.8818295965874,1,MEDIUM,-942.9980679162849,2.4600704842814736,-0.27552014243411094
34.199304753684935,3397.796704986818,150.07072971917785,94.56515434136605,3600.7189381070934,3502.9341020131883,1,HIGH,2914.034415090363,-5.012837847547644,-0.4686693528953896
33.700971385258335,313.62330097599346,100.9655045461474,98.07478331494129,149.8298753007424,323.93634048563155,0,MEDIUM,-3084.1734040108245,3.509628973575232,-0.49833336842660003
34.37985755594864,2563.2665441911254,56.18297603936317,96.15585100507647,2574.8577662053017,2449.578053696291,0,HIGH,2249.643243215132,-1.9189323098648146,0.6788861706903049
34.70646931317572,862.8937191206154,84.28403799749222,97.99876731418502,709.8860732218795,866.8415628603802,0,MEDIUM,-1700.3728250705099,1.8429163091085456,0.32661175722707725
34.2290461790977,1089.0901556444392,26.102230370771984,96.77218707632672,950.1051115970618,1102.8456608532395,0,LOW,226.19643652382376,-1.2265802378583004,-0.4774231340780162
35.05526510001912,2726.7176359645687,162.06083741540826,95.96686153166678,2833.3756799676007,2762.481955202247,1,HIGH,1637.6274803201295,-0.8053255446599366,0.8262189209214199
34.81176513679803,1357.6798390010292,25.583432483887346,97.40971575789568,1363.4890958169442,1378.3356006122383,0,MEDIUM,-1369.0377969635394,1.4428542262289028,-0.24349996322109035
34.11156444533555,2366.0441058418683,261.15881089925983,97.97775206486233,2363.9625225505033,2168.4636644692646,1,HIGH,1008.364266840839,0.568036306966647,-0.7002006914624772
34.93527206112667,2460.3174864196876,263.5536123087017,97.00390984280826,2522.376267887036,2446.4021156798963,1,HIGH,94.27338057781935,-0.9738422220540741,0.8237076157911147
33.77677242040685,1339.6170831055297,194.9652527471709,98.42654194766318,1436.663065738966,1327.1870824287337,1,HIGH,-1120.700403314158,1.4226321048549266,-1.1584996407198176
34.63389863389124,743.1369164531761,122.18061183372936,98.614346866591,730.6042050770669,859.8110018608548,1,MEDIUM,-596.4801666523535,0.18780491892782436,0.857126213484392
34.13780036821864,1617.6035050661467,59.469004695913696,96.87696827817699,1672.7321108176493,1635.5247896834398,0,MEDIUM,874.4665886129706,-1.7373785884140176,-0.4960982656726003
34.79206607718543,1822.0679907305182,276.9923552901071,97.82048101556263,1818.961318732886,2021.644690108762,1,HIGH,204.46448566437152,0.943512737385646,0.6542657089667898
34.50947895909153,520.4124513607,144.88257537148687,97.35542635657916,448.7567124541308,671.9036439934019,1,MEDIUM,-1301.6555393698181,-0.4650546589834761,-0.28258711809390036
34.68955089605897,4000.0,79.07993649255572,98.39788939891905,4049.2743988882735,3826.643158623842,0,HIGH,3479.5875486393,1.0424630423398895,0.18007193696743684
34.07910115720751,619.5308981508215,185.26978994752966,100.0,604.2738233020656,696.256165983652,1,HIGH,-3380.4691018491785,1.6021106010809518,-0.6104497388514574
31.857468002229542,1889.4724941445534,163.53985670070446,99.18488448121484,2075.881838403187,1708.4030176272668,1,MEDIUM,1269.9415959937319,-0.8151155187851629,-2.221633154977969
34.305061173088816,582.3445306697316,27.526425475211422,98.92143001656277,664.1986641105857,667.9632621733723,0,LOW,-1307.1279634748216,-0.2634544646520709,2.4475931708592746
34.274552626776206,1088.3925941766513,274.28206652460466,97.80943263763888,1088.5163938889677,1061.6483500736688,1,HIGH,506.0480635069197,-1.1119973789238884,-0.030508546312610463
35.4609217609994,0.0,107.57141258882139,98.84928341288337,-116.4669766632928,184.99075323594292,0,MEDIUM,-1088.3925941766513,1.0398507752444885,1.1863691342231917
35.861922672219244,2563.7985611699296,277.54283323422976,97.83007633310191,2446.30015326388,2253.8706901538076,1,HIGH,2563.7985611699296,-1.0192070797814523,0.40100091121984605
33.68974074515346,2530.2432240027056,176.02860114714593,98.11583234748758,2514.2009457008207,2486.748232190456,1,HIGH,-33.555337167224025,0.2857560143856688,-2.172181927065786
34.39061091487272,807.4923541216718,150.80363172052355,96.80369706310503,808.1102002014122,614.8929941570836,1,MEDIUM,-1722.7508698810339,-1.3121352843825491,0.7008701697192592
33.8672260777679,1179.557649270865,149.2751478478438,98.50867679579521,1198.6908502932429,1124.7866637470695,1,MEDIUM,372.0652951491933,1.7049797326901768,-0.523384837104814
32.88164757988188,1974.3567467939304,25.790012812714103,94.99892870561642,1905.6850366499866,2040.0071061691508,0,MEDIUM,794.7990975230653,-3.509748090178789,-0.9855784978860243
34.38524951919398,1009.6460425506007,153.653755846487,99.21246323633268,1149.1936958077388,1111.818558646051,1,MEDIUM,-964.7107042433297,4.2135345307162595,1.503601939312098
33.73737639716366,894.9032628351073,116.73384393217808,97.04236998814685,928.9941150274173,1020.6420119647998,0,MEDIUM,-114.74277971549338,-2.170093248185836,-0.6478731220303189
35.14858584230427,981.4001368066502,190.60559445165052,97.7447593355464,863.8835256463985,980.7785887324364,1,HIGH,86.49687397154287,0.7023893473995599,1.4112094451406136
34.89601608906346,986.4378424467558,45.556465457675934,96.8952270930716,749.646288844462,985.3373723366606,0,LOW,5.037705640105628,-0.8495322424748082,-0.2525697532408131
34.270812221295564,587.2901772539706,186.07074575583667,96.97991029229938,657.2314223668291,509.7079584929145,1,HIGH,-399.1476651927852,0.08468319922778278,-0.6252038677678939
33.50292046789377,0.0,44.5745904522778,99.82725498866432,-92.89681863210924,36.89513733345804,0,LOW,-587.2901772539706,2.8473446963649423,-0.7678917534017913
34.38830330146642,2197.7626698749864,25.996376816448517,97.3098947572282,2048.5525754806717,1989.7545168655108,0,MEDIUM,2197.7626698749864,-2.517360231436129,0.885382833572649
33.37038103024039,1169.8172790911924,20.333361149950477,97.62803836045383,1190.0780978873959,1134.7069929718373,0,LOW,-1027.945390783794,0.31814360322563573,-1.017922271226034
33.56094383787102,2083.9317161009394,282.2825090197845,96.69740087879583,1918.4845063122102,2103.6513466490665,1,HIGH,914.114437009747,-0.9306374816579961,0.19056280763063427
33.41228806296761,1092.7647354344338,204.47757169833912,96.57043263777881,1124.5429468104362,1227.478508633622,1,HIGH,-991.1669806665057,-0.12696824101702475,-0.14865577490341053
34.250802653431855,2880.5080646555266,109.02933266923132,95.6455849985458,3034.812622657396,2857.31224129189,0,HIGH,1787.7433292210928,-0.9248476392330076,0.8385145904642428
34.16737651200316,2716.4487707719245,203.5221517780686,95.42030917808496,2611.334468097417,2817.739309554643,1,HIGH,-164.0592938836021,-0.22527582046083694,-0.08342614142869564
33.36400786897448,0.0,133.13038523139244,98.76466492915849,109.31386832014817,-120.18411544680245,1,MEDIUM,-2716.4487707719245,3.344355751073522,-0.8033686430286764
34.00342719786432,988.4467003283195,103.89404808025621,96.96279420371636,1033.7914309428647,868.9631818595785,0,MEDIUM,988.4467003283195,-1.8018707254421287,0.6394193288898364
35.49964876005775,3057.6402118586166,243.87876719449008,95.81376722281026,3027.8299681771487,3178.7955180843514,1,HIGH,2069.193511530297,-1.1490269809061004,1.4962215621934334
34.72579532028045,2010.0699971596725,268.91529556280796,96.16302398602834,1956.6145450162057,1674.886757641754,1,HIGH,-1047.570214698944,0.3492567632180794,-0.7738534397773051
34.70969302499095,0.0,142.26647507907376,97.5365550005972,109.63630285669507,192.19293853337473,1,MEDIUM,-2010.0699971596725,1.3735310145688686,-0.01610229528949958
35.91637146965927,948.5243732317181,48.09833792118067,94.05380486728237,1025.6272979463147,932.557757779333,0,MEDIUM,948.5243732317181,-3.4827501333148376,1.20667844466832
33.49375234735433,0.0,15.621318577467123,99.95082795269681,-1.5956358485078752,-213.61977597451246,0,LOW,-948.5243732317181,5.897023085414446,-2.422619122304937
33.98824371123958,1144.4655188183701,197.75291709653817,97.69600152293047,1327.8615623634496,1112.4630970588496,1,HIGH,1144.4655188183701,-2.2548264297663394,0.4944913638852526
33.11721867285763,2505.936141530067,68.73816247524589,96.15414600765388,2591.903368842803,2623.209106564557,0,HIGH,1361.4706227116967,-1.5418555152765947,-0.8710250383819513
34.05275316276539,3309.518240469906,107.61606472203124,95.85117976140175,3096.2210850876922,3412.190865163886,0,HIGH,803.5820989398389,-0.30296624625212587,0.9355344899077593
34.190720000559615,1757.199056504312,71.16162104888832,97.6720425459236,1668.5167735696375,1747.8720319457566,0,MEDIUM,-1552.3191839655938,1.8208627845218501,0.1379668377942238
33.88450605132309,1152.3590097900776,25.915805835450907,97.57469917603834,1184.8408970702085,1129.452388617639,0,LOW,-604.8400467142344,-0.09734336988526593,-0.3062139492365219
35.053842583352214,2994.45690254913,288.3337092840459,96.51322057749465,3040.3058173497966,2901.6003753868076,1,HIGH,1842.0978927590525,-1.0614785985436868,1.1693365320291207
34.97558521331149,1896.3966186877672,32.835707289118886,96.83703205165783,1941.5237586508392,1962.762033483005,0,MEDIUM,-1098.060283861363,0.323811474163179,-0.07825737004072408
34.84877732143445,2544.8208439689106,153.79762075314477,97.34592743276664,2489.8474993940313,2490.3923358843385,1,HIGH,648.4242252811434,0.5088953811088146,-0.12680789187704278
33.65374805437921,0.0,247.22761480162697,99.27873387668855,-17.391440860042156,-72.7306183463371,1,HIGH,-2544.8208439689106,1.9328064439219048,-1.19502926705524
34.05977938046883,696.6686189606089,64.75025773614526,97.94040298819729,893.4830652806755,578.4793539612574,0,MEDIUM,696.6686189606089,-1.3383308884912566,0.4060313260896251
34.36454054804119,0.0,4.984069125627159,97.35431455051106,120.89437694762755,-86.2830798200629,0,LOW,-696.6686189606089,-0.5860884376862288,0.3047611675723587
33.339303308436165,1475.6678292703064,280.95609942602516,99.48226471209594,1566.3978997853985,1374.048041886144,1,HIGH,1475.6678292703064,2.1279501615848773,-1.0252372396050262
32.89768364632935,1278.629311876927,180.91711625243923,97.62242167830085,1450.9706454099833,985.0797752630455,1,HIGH,-197.03851739337938,-1.8598430337950873,-0.4416196621068167
34.57498012249918,1984.9376729324097,7.483264007541306,96.57313169218637,1812.858311254304,1815.0441123632654,0,MEDIUM,706.3083610554827,-1.0492899861144878,1.677296476169829
34.963861545691074,3025.543673114827,14.686660453821265,96.5167915392318,2988.103821941537,2973.591141249055,0,HIGH,1040.6060001824173,-0.05634015295456152,0.3888814231918971
34.49974523856042,461.34215450823217,179.1593152059488,99.31042813675948,867.4906503540271,424.90353711075323,1,MEDIUM,-2564.2015186065946,2.79363659752768,-0.4641163071306522
34.186525409779875,522.1260566867684,132.14439845810102,97.6102991476004,579.9823669325424,661.5165100315877,1,MEDIUM,60.78390217853621,-1.700128989159083,-0.31321982878054655
34.56505121434613,2086.3312506306547,73.60140869427427,96.05167563966725,2039.0226931689353,1999.990336497323,0,MEDIUM,1564.2051939438863,-1.5586235079331487,0.3785258045662516
33.95852557365682,2659.636738082093,15.28493425887628,96.78117811014165,2917.61468929711,2612.0834707279814,0,HIGH,573.3054874514382,0.7295024704744009,-0.6065256406893056
34.761418895674396,533.7791091042844,152.94920393993579,97.75121184540127,769.9606574189806,239.65194930128482,1,MEDIUM,-2125.8576289778084,0.9700337352596193,0.8028933220175745
33.72046413648162,1203.879569369447,139.29542959673267,98.323602849014,1269.5815278363555,1324.5872124688774,1,MEDIUM,670.1004602651625,0.5723910036127222,-1.040954759192779
33.783865011050295,3466.6127973898333,66.50079234715825,95.00950674965694,3741.859632470997,3455.9892009025198,0,HIGH,2262.7332280203864,-3.3140960993570587,0.06340087456867849
34.86006815515928,132.83237109098837,16.974943036425024,98.41176531675704,199.04467995165732,291.5893977775863,0,LOW,-3333.7804262988448,3.4022585671001053,1.0762031441089874
35.15312785919398,2637.311428621642,20.30039467332569,96.46624156929413,2613.227231571519,2606.406153731774,0,HIGH,2504.4790575306533,-1.9455237474629143,0.2930597040346967
33.6231194684151,1930.654335083305,227.2267129143272,95.06626952814705,1981.3981937465626,1651.565324815519,1,HIGH,-706.6570935383368,-1.3999720411470804,-1.5300083907788817
33.47738213761959,1371.24276727279,15.549215338631948,97.30279193564188,1279.75310919967,1173.6784787383265,0,MEDIUM,-559.4115678105152,2.2365224074948316,-0.14573733079550522
34.449415138911256,2071.4063851425994,39.23522884897808,99.12627028903995,1876.0932380749646,2138.848778557176,0,MEDIUM,700.1636178698095,1.8234783533980732,0.9720330012916634
34.248250228995296,1227.9884189221705,195.6731820443684,97.6077770983948,812.1229782076291,1181.534895683514,1,HIGH,-843.417966220429,-1.5184931906451453,-0.2011649099159598
34.17041766128152,459.20906219749196,300.0,97.88734727207776,374.99308736476985,463.3980805588089,1,HIGH,-768.7793567246786,0.27957017368295567,-0.07783256771377722
32.910033821030545,1886.3665881645352,267.72842170046994,96.73374231811665,1730.9143352180233,1886.6679435030194,1,HIGH,1427.1575259670433,-1.153604953961107,-1.2603838402509737
34.63422946477805,1663.3440753967523,203.1986412937501,96.58258597145593,1605.7072168736388,1606.725764135235,1,HIGH,-223.02251276778293,-0.15115634666072708,1.7241956437475068
33.47924906212266,1276.503800037496,150.37129579250322,99.24488906703256,1331.548909123684,1299.951730357558,1,MEDIUM,-386.84027535925634,2.6623030955766325,-1.15498040265539
33.801388558112336,1289.9241003034397,67.18751903287612,98.45764057558641,1210.8393755566485,1273.8245404830861,0,MEDIUM,13.420300265943752,-0.7872484914461495,0.3221394959896742
34.404909919658245,784.103816451978,280.73293666119787,95.41950543960165,836.6785186586047,775.282910949761,1,HIGH,-505.8202838514617,-3.03813513598476,0.6035213615459085
34.11564185920652,1181.7939472935745,137.64366057380252,98.6852401170892,1132.3443292315856,1224.5416109762446,1,MEDIUM,397.69013084159656,3.2657346774875435,-0.28926806045172526
33.94883761786519,0.0,43.933055875317244,99.47495448531726,-264.78967516820165,169.71533219600244,0,LOW,-1181.7939472935745,0.7897143682280614,-0.16680424134133176
33.55618968372955,2202.1179660109347,105.64408908163502,97.18287598009806,2188.496145339886,2038.6153735396267,0,MEDIUM,2202.1179660109347,-2.2920785052191945,-0.39264793413563837
34.19134894160803,107.90139620203931,196.7021378160065,98.39449055628216,197.82066830081928,-146.33420702659726,1,HIGH,-2094.216569808895,1.211614576184104,0.6351592578784775
33.81032186694141,356.66231807739604,251.91944535886535,99.03516700396578,479.2910558335162,293.43323322433895,1,HIGH,248.76092187535673,0.6406764476836173,-0.3810270746666191
35.026664202597274,2492.308721555424,54.61229798270187,97.88342094471271,2712.9327506082673,2348.8488177341947,0,MEDIUM,2135.6464034780283,-1.151746059253071,1.2163423356558667
33.31733965833406,697.4857627799543,206.57948229689038,97.9843183132507,733.4218739926644,424.3045586402504,1,HIGH,-1794.82295877547,0.1008973685379857,-1.709324544263211
33.7488327619428,2117.5136317808046,212.71691317835823,95.11132872022698,2149.4646020616865,2144.729839879838,1,HIGH,1420.0278690008504,-2.8729895930237177,0.43149310360873727
34.8789513608285,2541.180187479351,137.53194792992718,97.16643251712962,2473.9738523979677,2935.744408868253,1,HIGH,423.6665556985463,2.0551037969026424,1.1301185988857014
33.75109607950142,2024.906255408619,29.560043106510825,98.49794195630491,2148.520403878859,2021.1590355315147,0,MEDIUM,-516.2739320707319,1.3315094391752922,-1.1278552813270792
34.96578326320767,2173.194377947225,202.2177730471191,97.46985368269019,2235.938413595778,1950.9022885645961,1,HIGH,148.28812253860588,-1.0280882736147277,1.2146871837062463
34.45128893139565,1040.4780955194099,49.63673789672285,99.05723099479191,1063.845452606836,993.4859293405133,0,LOW,-1132.716282427815,1.5873773121017223,-0.514494331812017
34.221000895142595,1902.1597475836525,76.17990652498673,99.03853451926673,1951.100861612242,1688.1143192972634,0,MEDIUM,861.6816520642426,-0.01869647552517506,-0.23028803625305727
34.75372780477987,1209.3844257398544,262.1186921275139,95.55416725724042,1374.0962160516574,1184.6180429793867,1,HIGH,-692.7753218437981,-3.4843672620263106,0.532726909637276
35.232076010761844,674.0298724811427,140.2877862046043,98.68321779197585,792.0587488608575,657.947949010525,1,MEDIUM,-535.3545532587117,3.129050534735427,0.47834820598197325
34.19269450852183,1817.3640539820638,38.98921943386858,98.28381282081872,1761.4960329181226,1581.7651953361083,0,MEDIUM,1143.3341815009212,-0.39940497115712503,-1.039381502240012
33.322721941919795,3141.927552629662,199.46502906447773,98.22020200129525,3139.20919273603,2939.024760002828,1,HIGH,1324.5634986475982,-0.06361081952347547,-0.869972566602037
35.659607966710695,2790.4144978509835,264.8302105136887,98.68545353497149,2763.0201654347393,2650.523573840819,1,HIGH,-351.51305477867845,0.4652515336762377,2.3368860247909
34.33046702044172,0.0,264.30059180526115,98.19611057440719,-202.6055499189296,-68.12451057835588,1,HIGH,-2790.4144978509835,-0.4893429605643007,-1.3291409462689714
35.156007140354994,1110.8306048093943,133.88490092351572,100.0,1245.8400785820018,1058.410607050082,1,MEDIUM,1110.8306048093943,1.8038894255928142,0.8255401199132706
34.0339845126743,2160.7630917163942,32.30549213461201,99.36093558921367,2222.5846192733893,2276.2115779444143,0,MEDIUM,1049.9324869069999,-0.6390644107863324,-1.1220226276806926
34.02546726477354,2579.9979988983077,23.110198734414823,97.56770880904817,2389.1675914135685,2661.882343027405,0,HIGH,419.2349071819135,-1.7932267801654973,-0.00851724790076247
35.05175880826764,830.7905093631944,176.57749070447363,98.30008372079857,673.2548611799103,930.7910069432827,1,MEDIUM,-1749.2074895351134,0.7323749117503979,1.0262915434941036
33.85341119781318,1335.485934443316,68.52075528829693,97.6626536160509,1447.7048081473472,1389.1126164259051,0,MEDIUM,504.6954250801216,-0.6374301047476649,-1.1983476104544621
34.720612347953654,1730.9110392840935,220.6125290858181,97.18172077509007,1911.4176159773638,1697.2909741244655,1,HIGH,395.4251048407775,-0.48093284096083266,0.8672011501404739
34.312770869390896,430.89127411750917,11.779610361195388,97.96492219029061,533.6465753063655,432.02954689189517,0,LOW,-1300.0197651665844,0.7832014152005371,-0.40784147856275865
34.65324968017313,1561.9540240530878,230.3631409625219,97.03408988555502,1523.3190979823214,1596.5704901381948,1,HIGH,1131.0627499355787,-0.9308323047355884,0.34047881078223696
34.7405150111191,3022.9461091237927,114.47665421488841,97.43510228575443,3082.7565058278797,3011.7144760128112,0,HIGH,1460.992085070705,0.40101240019940576,0.08726533094596789
34.19606370544827,2044.927209523789,151.45274854302204,97.5184155489941,2198.7691380151473,2179.4540927208304,1,MEDIUM,-978.0188996000036,0.08331326323967403,-0.5444513056708331
33.80447616169704,1572.9532133364912,55.897254032244376,95.67127382661887,1483.7200251552981,1601.5006868626356,0,MEDIUM,-471.97399618729787,-1.847141722375227,-0.3915875437512284
34.189490706340905,2173.3383125516784,181.46033609126482,97.58215360506368,2202.124329257073,2150.4096904558032,1,HIGH,600.3850992151872,1.9108797784448086,0.385014544643866
34.715631953264186,2950.3871951464007,172.38372588653948,97.59979695576953,2904.2704426692376,3000.6025480612298,1,HIGH,777.0488825947223,0.017643350705853322,0.5261412469232809
33.652284994670794,1813.4996742163823,240.56163036800007,96.76359764673553,1595.468607862002,1876.2801640566704,1,HIGH,-1136.8875209300184,-0.8361993090340007,-1.0633469585933923
35.53585036214446,373.0271762539893,261.5585252198571,98.66158785569571,628.1091010406599,186.48040778893815,1,HIGH,-1440.472497962393,1.8979902089601808,1.8835653674736648
34.791802825302035,1756.0919581635928,251.01584610719502,97.26551427851525,1911.860679527423,1725.3654147149116,1,HIGH,1383.0647819096034,-1.3960735771804593,-0.7440475368424231
34.40503848753673,2837.466381504246,274.1288408649683,97.26346518550312,2935.5934391616547,2851.7734779156754,1,HIGH,1081.374423340653,-0.00204909301213263,-0.3867643377653067
33.7070860896187,899.1599837363258,52.7984073681946,97.7726903902106,1003.1993615525566,890.050508379236,0,LOW,-1938.30639776792,0.5092252047074766,-0.69795239791803
33.643579252429156,1032.2415958826828,123.25556781243293,96.75485341916965,896.8151793783989,1150.7403045311048,1,MEDIUM,133.08161214635697,-1.0178369710409498,-0.06350683718954286
34.61331191723875,1137.933262763638,183.2304941780406,98.48096125584615,1223.3653274892247,1100.6258000658217,1,HIGH,105.69166688095515,1.7261078366765048,0.969732664809591
34.807753188091084,2467.4839287447885,279.6644082936443,95.49851636436371,2451.445242282066,2660.907160630573,1,HIGH,1329.5506659811506,-2.9824448914824444,0.1944412708523373
34.58517584688038,948.4370665855942,210.61194790781363,97.07105024915258,971.1388914379828,863.552064411004,1,HIGH,-1519.0468621591945,1.572533884788868,-0.22257734121070172
34.03276101799157,2208.6847142682745,282.89823421958295,96.92521182035705,2181.868753189826,2099.480126454142,1,HIGH,1260.2476476826805,-0.14583842879552833,-0.5524148288888142
34.3923357621031,938.8604774155015,123.78285586433704,98.50745930219378,854.9955622710831,916.48253402133,1,MEDIUM,-1269.824236852773,1.5822474818367311,0.35957474411153356
34.339619320413,1396.8581402850486,239.6485021770323,100.0,1391.57453378822,1186.805042073219,1,HIGH,457.9976628695472,1.49254069780622,-0.05271644169010159
34.22074975031025,2114.3918236132395,7.842174502653494,96.24055098648455,2238.233934373833,2111.054217814722,0,MEDIUM,717.5336833281908,-3.75944901351545,-0.11886957010275268
34.88591671631396,2028.0329109695035,75.37386975732055,98.00420451249859,1897.053766441316,1975.2595144143304,0,MEDIUM,-86.35891264373595,1.7636535260140391,0.6651669660037101
35.064952024612936,2963.742068259634,181.2090442922872,95.61041297784175,3013.8529927039062,2926.716590398281,1,HIGH,935.7091572901304,-2.3937915346568417,0.17903530829897818
34.823598472075865,1716.3048225083212,152.86514911806879,98.73284419328576,1827.6794416295938,1722.2421178562831,1,MEDIUM,-1247.4372457513127,3.12243121544401,-0.24135355253707047
34.31928270754436,1142.4888834101243,92.28854396533262,98.05382460729783,1145.2680524788493,1129.338566912712,0,MEDIUM,-573.8159390981968,-0.6790195859879304,-0.5043157645315048
34.197287296152076,1577.6427584258993,283.5736651430595,97.85109559190927,1418.5279436639146,1486.2423626057075,1,HIGH,435.15387501577493,-0.20272901538855592,-0.12199541139228387
35.947493924536786,1653.1476487544649,76.57269099117732,98.05731869251214,1642.90971728682,1608.8150856366815,0,MEDIUM,75.50489032856558,0.20622310060286964,1.75020662838471
35.259434342399224,2585.329547613087,104.281269488922,98.88924711306504,2556.2132623348543,2677.055860624064,0,HIGH,932.1818988586222,0.8319284205528987,-0.6880595821375621
34.79455603614571,1221.099284296211,60.05187267051174,99.2778223958532,1399.8213333241533,1346.093538286059,0,MEDIUM,-1364.230263316876,0.38857528278816744,-0.46487830625351734
34.40843481713715,440.36597787609696,98.56843343699893,96.51044103029844,188.78836864549768,667.7737159537344,0,MEDIUM,-780.733306420114,-2.767381365554769,-0.3861212190085581
34.78694559400369,2275.458149439176,96.8553813885522,97.16964475443474,2186.653552503063,2322.5769698937047,0,MEDIUM,1835.0921715630789,0.6592037241363045,0.3785107768665412
33.643868589931444,319.21452278908896,181.50429372720976,98.6456686072902,160.65812990871174,273.1522237736107,1,HIGH,-1956.243626650087,1.4760238528554623,-1.1430770040722464
33.561355797164,2192.524333527917,296.04020054755887,95.35019700335373,1982.8728236356046,2467.638407481982,1,HIGH,1873.309810738828,-3.295471603936477,-0.08251279276744583
34.46623788252789,450.333484893355,107.92749669346895,97.62713270020033,533.6528135339101,539.0273244408339,0,MEDIUM,-1742.190848634562,2.276935696846607,0.9048820853638944
34.56889368329878,2409.297886028064,0.0,97.38381803724586,2357.4943936611926,2615.3491627886065,0,MEDIUM,1958.964401134709,-0.24331466295447512,0.10265580077088998
35.16022866791077,1988.8044957034076,169.0271120280732,96.15813027055883,1973.0635500901972,1746.741164250684,1,MEDIUM,-420.4933903246565,-1.225687766687031,0.59133498461199
34.41468613642632,0.0,296.1510349578815,98.36728143317625,-99.6931312357896,18.435694202155425,1,HIGH,-1988.8044957034076,2.2091511626174167,-0.7455425314844533
33.795930790054754,2199.680147949932,290.5722321174902,96.27566295876548,2083.8796643004503,2333.84294406706,1,HIGH,2199.680147949932,-2.0916184744107653,-0.6187553463715645
36.02228330893249,1099.0368400837358,0.0,99.26631832181077,1079.262997467479,1018.5957207596886,0,LOW,-1100.643307866196,2.990655363045292,2.2263525188777322
35.21715532551955,0.0,81.91921276167301,98.87942963228183,-108.786311178096,-194.41117890030804,0,MEDIUM,-1099.0368400837358,-0.38688868952894495,-0.8051279834129375
34.13421660106432,606.3929554970834,291.7169619193001,99.59002427826574,542.3460458114816,726.0297072116841,1,HIGH,606.3929554970834,0.7105946459839174,-1.0829387244552322
34.00795654145375,871.2137735287847,35.38573482510015,99.16061465787793,624.6540362921729,785.8578744855431,0,LOW,264.82081803170126,-0.4294096203878155,-0.12626005961056563
35.56558490832969,1116.953942359185,170.42216405942838,98.60251798121654,1181.2333809006916,813.6192418404956,1,MEDIUM,245.7401688304003,-0.5580966766613926,1.5576283668759388
34.90319319199845,1521.8075047536431,144.1250719263231,97.482402467278,1526.278793011989,1623.6607870037092,1,MEDIUM,404.8535623944581,-1.1201155139385293,-0.6623917163312427
35.10407468235997,130.02940660762414,300.0,99.00864051956563,387.18665410379936,-3.238247052594339,1,HIGH,-1391.778098146019,1.5262380522876242,0.20088149036152458
33.74195220671297,492.73660654978676,29.513868969323532,99.13015262384295,477.3282027489269,384.5128548388787,0,LOW,362.7071999421626,0.12151210427731485,-1.3621224756469985
33.844422537050015,1965.9585649370952,133.9406332948837,96.07261369976789,2107.2969601872005,2113.70890396209,1,MEDIUM,1473.2219583873084,-3.057538924075061,0.10247033033704156
34.471947170783835,2516.7688037362254,29.8549273025794,95.69338652109077,2493.559866016506,2512.5924831173834,0,HIGH,550.8102387991303,-0.3792271786771124,0.6275246337338203
34.611763073183745,3196.406253664652,76.75980991791734,95.79516576066288,3431.3244237887247,3264.9378902292215,0,HIGH,679.6374499284266,0.10177923957211021,0.13981590239990993
35.138111057168224,0.0,66.13709892561185,97.93575138093198,-138.01932950373026,107.12152839845072,0,MEDIUM,-3196.406253664652,2.1405856202690927,0.5263479839844791
33.573768861773175,2122.488021992987,227.25061334031767,98.50038775838021,2383.3214612677393,2347.8454706785346,1,HIGH,2122.488021992987,0.5646363774482381,-1.5643421953950494
33.50901220585761,1761.999465712963,239.44612674271622,97.20570157977492,1724.6419475374416,1784.0732172983846,1,HIGH,-360.4885562800239,-1.2946861786052892,-0.06475665591556634
34.97287711556169,1683.4907522352382,172.77085582371598,99.15005705250414,1541.896082118141,1787.0392672406715,1,MEDIUM,-78.50871347772477,1.9443554727292138,1.4638649097040783
33.32599970088541,1395.0989692084263,26.600837925019654,96.66120983941528,1267.6465895598014,1480.795509014228,0,MEDIUM,-288.39178302681194,-2.48884721308886,-1.6468774146762755
34.16244100026405,624.157198451403,196.74740338834084,97.34627298360219,553.307802974989,636.1692818871389,1,HIGH,-770.9417707570233,0.6850631441869126,0.8364412993786416
34.422075153648066,2349.8741527674906,68.24689013744094,96.00970301164297,2340.676397798022,2289.663529610361,0,MEDIUM,1725.7169543160876,-1.3365699719592214,0.2596341533840132
34.98122894305465,2842.9245332406244,17.881063637784177,96.579623076347,3049.036942398185,2649.0087646989396,0,HIGH,493.0503804731338,0.5699200647040357,0.5591537894065866
33.21032369487528,1538.4143450190836,194.28626058342616,96.86585529107802,1304.0161327356761,1436.6849242917215,1,HIGH,-1304.5101882215408,0.28623221473101523,-1.7709052481793748
33.588732331662385,1097.8340273506208,273.88707351938604,96.7244537247042,1025.9442519067206,1222.5788409438694,1,HIGH,-440.58031766846284,-0.1414015663738155,0.3784086367871069
34.35842151437895,1464.5050540338536,215.7990913273146,97.21650340068514,1300.4561764839502,1290.8692196400907,1,HIGH,366.67102668323287,0.49204967598093674,0.7696891827165686
33.24583424117853,2452.3918457668224,151.43343118381512,95.91944109294428,2454.3645490084086,2501.245339799661,1,MEDIUM,987.8867917329687,-1.297062307740859,-1.1125872732004254
33.33756305839778,1564.8687466244546,244.7402258270528,98.86135161223545,1892.6437962873356,1499.3066740701174,1,HIGH,-887.5230991423678,2.94191051929117,0.09172881721924853
34.75101061593921,663.7127559846034,7.719667363341198,99.30792482042084,659.8502290011648,639.5014540853972,0,LOW,-901.1559906398512,0.4465732081853844,1.4134475575414314
34.821780145865084,2868.8008147377623,143.31271241119353,97.86873912647489,2943.974394998137,3030.4404192231086,1,HIGH,2205.0880587531587,-1.4391856939459444,0.07076952992587593
34.58641669199357,690.9761753603588,135.2685265866017,98.2508675584511,862.3510547341862,747.34796195583,1,MEDIUM,-2177.8246393774034,0.3821284319762128,-0.23536345387151414
34.016644519811564,3504.3836452953415,49.20536457717603,95.6572245166841,3451.94373134069,3731.412790286591,0,HIGH,2813.4074699349826,-2.5936430417670095,-0.5697721721820059
34.23797012134732,1138.6748354572983,85.74490374932309,99.02292183946622,1169.608888490155,988.7116938442239,0,MEDIUM,-2365.708809838043,3.3656973227821254,0.22132560153575298
33.44916459800278,116.88989026687149,58.950709063776216,97.2820418081084,172.32595912560086,189.09593913971693,0,LOW,-1021.7849451904268,-1.7408800313578183,-0.7888055233445357
33.38225458780507,1258.2807429966922,266.17479017913126,99.65364074887941,1389.2761643672634,1116.3988046966103,1,HIGH,1141.3908527298206,2.3715989407710083,-0.06691001019770937
34.42478128335113,577.4172564773256,122.13251382423421,98.6356583459836,573.8991150859804,760.8962963944995,1,MEDIUM,-680.8634865193666,-1.0179824028958109,1.0425266955460586
34.65378141404607,2991.08752370354,265.87448360142406,96.6702952685509,2932.3989225796563,2936.339547225577,1,HIGH,2413.670267226214,-1.9653630774326984,0.22900013069494207
33.158579083723986,427.6742072481845,140.37413614183228,97.11398516802491,361.2933469711627,515.4362458266714,1,MEDIUM,-2563.4133164553555,0.44368989947400905,-1.495202330322087
35.534594646608106,1806.8733401453655,285.6644055835276,97.8524074488381,1946.2097623467985,1931.1253922552082,1,HIGH,1379.199132897181,0.7384222808131824,2.3760155628841204
32.66181103093819,1909.9709453996677,114.71470503680213,95.90536258319916,1824.9477719984536,1771.9049545930616,0,MEDIUM,103.09760525430215,-1.9470448656389294,-2.872783615669917
34.6939966256034,844.7460098998018,99.01135943127699,98.25874298245368,743.8442774200115,941.7649756860403,0,MEDIUM,-1065.2249354998658,2.353380399254519,2.032185594665208
34.55716222757979,1617.1685736005602,143.537263542255,98.4048497896994,1653.6594898478186,1512.2999743098267,1,MEDIUM,772.4225637007584,0.14610680724571523,-0.13683439802360908
33.60050332354284,2092.940702644956,260.3737607936272,97.3164408090642,2139.126028546134,2106.4362969897024,1,HIGH,475.772129044396,-1.0884089806351938,-0.9566589040369493
34.98414554041147,2452.535659391672,73.98288656679404,96.99045338700964,2464.8559657430296,2414.0348234173334,0,MEDIUM,359.594956746716,-0.3259874220545669,1.3836422168686298
34.58369676628402,1138.2339731473867,39.727295183319114,98.0984729450707,1121.5219143482036,1175.2123671453894,0,LOW,-1314.3016862442855,1.1080195580610592,-0.4004487741274474
35.10954351983117,798.7786129153862,278.3260057233544,97.94675210992249,656.8622644220292,786.5759162333416,1,HIGH,-339.45536023200043,-0.1517208351482111,0.5258467535471496
34.42404589470573,1910.3468282546783,144.6014153031216,97.22756790756692,1948.8867348402323,2015.7305902765634,1,MEDIUM,1111.568215339292,-0.7191842023555637,-0.6854976251254428
34.25805890356353,201.4978603138884,292.96787135172764,99.74276077309788,335.90552265167645,185.8985277320363,1,HIGH,-1708.8489679407899,2.515192865530963,-0.16598699114219784
34.89945425818209,698.530999127311,267.70550787077167,98.50620876080939,479.48760198225494,638.8392135318894,1,HIGH,497.0331388134226,-1.2365520122884988,0.6413953546185596
34.033663167579874,1730.2471785470746,107.2367453998206,99.0857854406776,1616.4721772030034,1709.0761091199297,0,MEDIUM,1031.7161794197636,0.5795766798682109,-0.8657910906022153
33.903820614694546,1479.1014234147158,89.63157922037456,97.30095952882976,1663.3497202318351,1255.9445312785986,0,MEDIUM,-251.14575513235877,-1.7848259118478325,-0.12984255288532864
35.43347369388003,2487.988963716527,125.06674232028087,98.8846713675167,2416.784515457353,2620.5635734103917,1,MEDIUM,1008.8875403018112,1.5837118386869378,1.5296530791854863
33.60450292832996,2289.953692910611,137.8959558048818,97.11921766697412,2070.5464176339983,2412.1826702170083,1,MEDIUM,-198.03527080591584,-1.7654537005425794,-1.8289707655500749
33.56442296197306,855.2081209409323,204.41067626296237,97.81129302123456,1027.0683258719962,843.4038438264154,1,HIGH,-1434.7455719696788,0.6920753542604388,-0.04007996635689892
34.94783347714322,918.6732221007612,298.46052379939994,98.57928393884579,987.2558144337883,951.78936718596,1,HIGH,63.46510115982892,0.767990917611229,1.3834105151701621
33.664985697723495,2220.025191245535,216.60883182507263,98.41363819701148,2365.9969482341776,2268.2755369961496,1,HIGH,1301.3519691447739,-0.1656457418343109,-1.2828477794197255
33.84932142798772,1001.7762631972074,165.13951499067184,96.42264134225688,1044.0524761281201,1199.9899134674936,1,MEDIUM,-1218.2489280483278,-1.9909968547545986,0.18433573026422323
34.386064421846726,604.1029735460277,271.6174163121556,98.42159922106767,533.4238606819612,431.0978257917271,1,HIGH,-397.67328965117974,1.998957878810785,0.5367429938590078
33.876096874753436,487.6459400776249,253.00024021144833,100.0,664.2316902943389,457.5700935958031,1,HIGH,-116.45703346840276,1.578400778932334,-0.5099675470932894
35.04557363806228,2399.59620306038,216.0991957766882,96.30245598213128,2512.1549547154627,2475.622599649594,1,HIGH,1911.9502629827552,-3.697544017868722,1.1694767633088432
35.1692517224856,225.46053040717655,300.0,98.82622525714459,255.9821863578628,209.32330645221947,1,HIGH,-2174.1356726532035,2.523769275013308,0.12367808442331807
35.768710123818,1564.1985369741828,207.91265466655892,97.59533671357342,1675.0665307496945,1551.744015952417,1,HIGH,1338.7380065670063,-1.2308885435711687,0.5994584013324058
34.34539966546829,721.7256592617616,207.1635742598931,96.48534586069505,572.335738718522,683.358059704311,1,HIGH,-842.4728777124212,-1.1099908528783686,-1.423310458349711
33.24714958076113,1704.2720177146482,78.67049283869977,96.1898155128739,1792.0588587790144,1610.081036126793,0,MEDIUM,982.5463584528866,-0.29553034782114196,-1.0982500847071606
34.131433348956776,1157.80736639652,20.938754428172263,98.59314694417147,1141.812203612773,1232.5290675196047,0,LOW,-546.4646513181283,2.403331431297559,0.8842837681956439
32.88059078202088,2149.877871235384,92.34063658320531,97.93840683819248,2250.765356271739,2057.4984199347286,0,MEDIUM,992.0705048388643,-0.6547401059789877,-1.2508425669358942
35.15084155233596,1068.726364286663,174.20479012840084,98.29105488417095,822.0067918346847,1092.1605664580404,1,MEDIUM,-1081.1515069487211,0.3526480459784693,2.27025077031508
34.2683488751793,1183.5087545931956,147.08955684605752,99.74292482266452,1328.1922482544614,1132.7356145798544,1,MEDIUM,114.78239030653253,1.451869938493573,-0.8824926771566624
34.41916646508423,1895.6737575859345,105.9357141419864,97.50092177553164,1824.3688653709157,1836.3620223053363,0,MEDIUM,712.1650029927389,-2.242003047132883,0.150817589904932
33.54957876250216,2161.4989087540635,265.84822288116305,97.92493365929462,2208.994518165933,2187.672933010341,1,HIGH,265.82515116812897,0.4240118837629865,-0.8695877025820735
35.880183904970465,2132.4826749191025,143.93110684845044,96.34456256078796,2359.3102228271787,1952.6457666757465,1,MEDIUM,-29.016233834960985,-1.5803710985066601,2.3306051424683076
33.72845854777665,1947.9750167571522,174.56441499554793,97.26291652084369,2100.375641329977,1929.265788345875,1,MEDIUM,-184.5076581619503,0.9183539600557253,-2.1517253571938184
34.59296664411732,1885.5365325267696,27.45141349395833,97.66395390977964,1804.0065690544848,1735.7490051248408,0,MEDIUM,-62.43848423038253,0.4010373889359471,0.8645080963406713
33.86197379315346,962.8150727795633,31.899346991251157,98.3593519162826,1114.7829327957813,1113.6749935983382,0,LOW,-922.7214597472064,0.6953980065029697,-0.7309928509638581
34.86462675744062,2663.1883172395483,73.72661042302263,96.15890489297865,2640.066592297075,2691.7549840282304,0,HIGH,1700.373244459985,-2.2004470233039513,1.002652964287158
34.16147585571233,1054.2088894129245,142.75572585339518,98.12957218600559,961.4562188157573,1243.1932966727709,1,MEDIUM,-1608.9794278266238,1.9706672930269349,-0.7031509017282858
35.40793803469177,0.0,236.2435917671958,99.39631220162408,-43.55296709649971,-40.95166324060421,1,HIGH,-1054.2088894129245,1.2667400156184954,1.246462178979435
33.3018769477224,1153.7790694912235,176.68276837037087,97.98294865803754,1052.7907621200404,1343.144093666977,1,MEDIUM,1153.7790694912235,-1.4133635435865415,-2.106061086969369
35.05547313288027,284.6443796482324,291.3839524436403,98.35268671020212,248.80661272586661,148.09254033106225,1,HIGH,-869.1346898429911,0.36973805216457833,1.7535961851578747
34.41013871074047,1243.0924296442624,105.95453693111871,97.68091904687824,922.4648044565615,1253.4128070613397,0,MEDIUM,958.44804999603,-0.6717676633238767,-0.6453344221398041
34.49395368426252,1513.5203168333808,91.9153713616133,98.75231889750262,1454.4350212533348,1411.5021258387042,0,MEDIUM,270.42788718911834,1.071399850624374,0.08381497352205258
33.12985927238325,0.0,86.08615376230719,99.07097387445106,-150.3126219190466,46.2666361409387,0,MEDIUM,-1513.5203168333808,0.31865497694843725,-1.3640944118792717
33.33648306025854,925.0485200363576,61.452818784881224,98.85256779843158,1036.0467467772428,901.9687050554745,0,MEDIUM,925.0485200363576,-0.2184060760194768,0.20662378787528723
34.68630650332459,1831.1465390533199,167.6294393033972,97.91415544775414,1804.5678642521716,1946.0216031078537,1,MEDIUM,906.0980190169623,-0.9384123506774387,1.3498234430660503
33.88723552127083,1496.8616167912107,182.47657588799342,97.04641323742185,1419.066684026276,1530.575864720785,1,HIGH,-334.28492226210915,-0.8677422103322954,-0.799070982053756
33.46303975603324,1506.4841184710422,283.44643637721896,97.68976707893066,1698.587679590884,1619.8306248868328,1,HIGH,9.62250167983143,0.6433538415088123,-0.4241957652375916
33.493545622374775,2676.1978663322016,248.86631683822682,96.17119375535816,2635.5988625747204,2709.6689765415654,1,HIGH,1169.7137478611594,-1.5185733235724967,0.03050586634153518
34.18957037823505,1457.7925111137902,133.2263833598767,99.29415728278084,1442.001210276337,1415.642494729686,1,MEDIUM,-1218.4053552184114,3.1229635274226837,0.6960247558602717
33.65182373857754,845.2216343193774,38.50675389929588,98.81944253996944,830.4585530676605,861.4142957228053,0,LOW,-612.5708767944128,-0.47471474281140047,-0.5377466396575059
35.42459781857848,1145.642489785801,211.08867824818464,97.98011820947967,1140.6733692435193,1194.8123301081007,1,HIGH,300.42085546642363,-0.8393243304897737,1.7727740800009357
35.16018795442613,2379.4513491746266,33.612809184367876,94.77040115065404,2431.6273033346383,2326.5847767792397,0,MEDIUM,1233.8088593888256,-3.209717058825632,-0.26440986415234846
33.97467907148936,1061.851303922579,146.35394858095466,97.0110596443498,1004.6723176755378,1086.439464575715,1,MEDIUM,-1317.6000452520475,2.2406584936957614,-1.185508882936766
34.03876156309176,509.2072628971344,116.70772219022116,98.91595340364142,514.53506913726,555.7858654779703,0,MEDIUM,-552.6440410254447,1.9048937592916246,0.06408249160239876
34.64938451599095,2462.296439208897,273.3349059119693,96.21961107176269,2528.5810860659803,2386.092989534491,1,HIGH,1953.0891763117627,-2.696342331878739,0.6106229528991918
34.49071574269079,966.5443855915835,77.59695202474231,98.96351025360799,936.6619525868281,1064.8180409036065,0,MEDIUM,-1495.7520536173135,2.7438991818453076,-0.15866877330016393
33.40172707103612,1260.8686476874266,243.8058099610864,96.47560125869305,1244.7157954261017,1156.2549354707428,1,HIGH,294.3242620958431,-2.487908994914946,-1.0889886716546684
34.25061599992506,137.31065727266144,154.97153764326714,98.63750562849071,323.0075059904479,43.913721165098984,1,MEDIUM,-1123.557990414765,2.161904369797668,0.8488889288889396
35.61662725002883,1340.4990044649778,236.83829996648376,97.80660786254575,1291.2922453248468,1042.3938861190927,1,HIGH,1203.1883471923163,-0.8308977659449681,1.3660112501037673
34.419180280277146,0.0,46.834332357705016,98.7104385154999,-104.54701717315233,-43.9236848644257,0,LOW,-1340.4990044649778,0.9038306529541558,-1.197446969751681
33.35389435486186,1417.428053822161,267.75753386474025,95.56107127901996,1227.786518304203,1646.173477056487,1,HIGH,1417.428053822161,-3.1493672364799465,-1.0652859254152887
33.958925179396374,41.44528639400101,111.87498739397603,98.03836914924678,-25.795387732601583,94.1976203473971,0,MEDIUM,-1375.98276742816,2.4772978702268205,0.6050308245345164
35.169711913767,258.31947705761496,167.00635695303902,100.0,338.0581151110695,-3.6241841235869146,1,MEDIUM,216.87419066361394,1.9616308507532239,1.210786734370629
33.00657136963077,615.4910740188229,59.90104618116497,100.0,585.5444623795624,699.9332574330425,0,LOW,357.17159696120797,0.0,-2.1631405441362332
34.85718152298279,1991.7777020931712,232.8804753683631,96.92007627265804,1832.4271167603683,1790.0676504938044,1,HIGH,1376.2866280743483,-3.0799237273419635,1.8506101533520223
34.29520845405588,1676.867578590339,32.67173344358876,100.0,1624.4177283015747,1801.4413737380355,0,MEDIUM,-314.9101235028322,3.0799237273419635,-0.5619730689269105
34.153501301081526,2024.2706065230268,85.53875232406338,98.6045310602346,2050.7283229279174,2024.1209935958248,0,MEDIUM,347.4030279326878,-1.3954689397653937,-0.1417071529743552
34.94000831734497,1074.3652819951205,230.0280620131943,97.19032812213608,1077.9295014619524,1387.0397643989268,1,HIGH,-949.9053245279063,-1.4142029380985264,0.7865070162634424
33.59350005108949,2276.8038687457547,274.8931295421317,94.78830632810516,2291.6161387486636,2300.5730312386227,1,HIGH,1202.4385867506342,-2.402021794030915,-1.3465082662554764
34.51702257941485,1434.4832745758642,138.16339156256987,96.56957903898733,1287.6213770895831,1341.542148271629,1,MEDIUM,-842.3205941698905,1.7812727108821633,0.923522528325357
33.879630860836336,2271.8631641793268,284.41949452044656,98.92252179414963,2085.66555942052,2278.724704191931,1,HIGH,837.3798896034625,2.352942755162303,-0.6373917185785132
35.22338746598841,1257.3072329386061,276.5025187691644,99.37860184374956,1149.1187318248722,1191.832278994196,1,HIGH,-1014.5559312407206,0.4560800495999331,1.3437566051520733
34.55419578739955,1533.8563457175164,153.66606949280805,98.46943365971713,1520.0511034011952,1638.5494106147305,1,MEDIUM,276.5491127789103,-0.9091681840324384,-0.6691916785888594
33.67138199184446,2176.4908608776263,250.12777183461216,97.40259613355367,2029.8426594864286,2236.220187535756,1,HIGH,642.6345151601099,-1.0668375261634537,-0.8828137955550872
34.918751807202135,1402.1037583527132,133.62903976925756,96.1242190247373,1486.508967789427,1394.8993607695122,1,MEDIUM,-774.3871025249132,-1.2783771088163718,1.247369815357672
33.73081723283384,1652.3903250771966,181.41352749331307,98.22641987477759,1619.5570210442293,1616.5762611049472,1,HIGH,250.28656672448346,2.1022008500402904,-1.1879345743682919
35.26784559514912,2059.1136264218517,138.40112153022739,98.67437991761473,1931.467848444209,2103.8412364786805,1,MEDIUM,406.72330134465506,0.4479600428371384,1.5370283623152758
34.690360131130326,187.81735896014717,81.6526625981221,98.44267854996954,142.05862356560905,89.23148722945203,0,MEDIUM,-1871.2962674617045,-0.23170136764518645,-0.5774854640187925
35.16393530107657,3104.5030459895365,2.1408662407937475,95.41866241782233,2975.021807129051,3103.1448667213363,0,HIGH,2916.6856870293896,-3.02401613214721,0.47357516994624405
33.299763836753904,575.1332417100039,35.10883689146371,97.22853084372294,598.0734186337287,650.8221026140508,0,LOW,-2529.3698042795327,1.8098684259006035,-1.8641714643226663
33.37402710601262,0.0,200.71618552667587,98.70466556956792,-90.49221645255969,-1.4745622693670928,1,HIGH,-575.1332417100039,1.476134725844986,0.07426326925871507
33.9427445392471,2425.1465427142402,273.88724043397536,95.92440078056612,2184.076195373258,2149.035295271968,1,HIGH,2425.1465427142402,-2.780264789001805,0.5687174332344824
33.56477197479758,780.4342073063671,17.727184599606336,98.25302091053075,879.8453852795345,785.3773649142497,0,LOW,-1644.712335407873,2.3286201299646336,-0.37797256444952154
35.0683175592003,555.1678527392974,81.54723583217121,99.94941261581774,647.1227044067941,420.96352765249077,0,MEDIUM,-225.2663545670697,1.6963917052869846,1.5035455844027226
34.640300674129215,2379.957961253516,198.35932523196894,97.48829014607442,2469.4070349908275,2240.699795172281,1,HIGH,1824.7901085142184,-2.461122469743316,-0.4280168850710879
34.269707880978046,354.2674836088764,117.50928815283066,99.639182111003,294.01084806508754,413.4188789680836,0,MEDIUM,-2025.6904776446395,2.150891964928576,-0.3705927931511681
35.01508749190616,517.5751557410831,276.65187278724045,96.57448073151794,478.7619689320797,573.3656222828592,1,HIGH,163.30767213220673,-3.064701379485058,0.7453796109281114
35.64423487390226,1200.987072594455,157.28831713118652,96.9805151382231,1291.996788541591,1049.8168538906232,1,MEDIUM,683.4119168533718,0.4060344067051602,0.6291473819961055
33.74546244172756,730.1608929882307,18.998429787076745,96.16115081276754,879.7850094145703,611.3364947069496,0,LOW,-470.8261796062243,-0.8193643254555525,-1.8987724321747024
33.62607871020993,849.2881185025378,240.72054759620923,100.0,842.1797641153876,796.3433234858284,1,HIGH,119.12722551430716,3.838849187232455,-0.1193837315176296
33.632623792709666,2753.8755090210448,231.51000235667843,95.29676794218797,2734.922415839897,2887.035976403461,1,HIGH,1904.587390518507,-4.703232057812031,0.006545082499734178
34.557763514824146,2652.9675620985013,68.52473105372793,97.32647349281454,2806.0523211013183,2654.0733760826975,0,HIGH,-100.90794692254349,2.0297055506265735,0.9251397221144799
34.45273387217404,2126.8330912973415,266.920638258299,96.4693909627615,2279.526202107326,2272.2616162721984,1,HIGH,-526.1344708011598,-0.8570825300530487,-0.10502964265010206
34.10204657290922,1177.0803921283268,228.1223330783735,97.74281978320427,919.560544786908,1200.9753436438755,1,HIGH,-949.7526991690147,1.2734288204427742,-0.3506872992648269
34.125821601772095,2979.4889024423646,199.71975586404815,96.218610761621,3070.8004418858877,2958.4746374844667,1,HIGH,1802.4085103140378,-1.5242090215832746,0.023775028862878855
34.329956513242045,1605.9348631169642,230.8083071512942,98.82936767760431,1703.752919415123,1469.6864440666652,1,HIGH,-1373.5540393254005,2.610756915983316,0.20413491146995
33.945363941268276,2334.994313145293,68.0974451418235,95.75580731477487,2380.647483495976,2369.5082730185222,0,MEDIUM,729.0594500283287,-3.07356036282944,-0.3845925719737693
35.402565002497404,853.1088093197176,69.8634681887606,97.07413141199429,862.3803023890566,930.2865885933187,0,MEDIUM,-1481.8855038255751,1.318324097219417,1.457201061229128
33.97543448096189,2248.708766866337,206.00537484355698,97.64071720583036,2150.320677571599,2242.162275816568,1,HIGH,1395.5999575466194,0.5665857938360688,-1.427130521535517
33.61564782760784,272.12249644578907,129.46859258658293,97.16577955029662,137.64531485374073,206.89378831230104,1,MEDIUM,-1976.586270420548,-0.47493765553373635,-0.3597866533540497
34.76090843419937,1323.222481750501,300.0,98.9795353164043,1255.8557670899431,1385.3540711120447,1,HIGH,1051.099985304712,1.8137557661076755,1.1452606065915347
34.24620639201909,0.0,121.43030560389067,100.0,35.637159424799904,-160.29101515785854,1,MEDIUM,-1323.222481750501,1.020464683595705,-0.5147020421802821
33.313307470178785,384.73837831982456,283.80423718020313,98.91556554828331,252.09788278744227,455.7917824165218,1,HIGH,384.73837831982456,-1.0844344517166888,-0.9328989218403052
33.71935033404873,1662.228376623042,141.2353570998345,98.30344821749546,1619.2153648233125,1648.9864069913956,1,MEDIUM,1277.4899983032176,-0.6121173307878536,0.40604286386994204
35.4264140943452,3144.2864019497288,108.20875515600247,96.62333188795685,3204.775655852146,2897.557811430118,0,HIGH,1482.0580253266867,-1.6801163295386061,1.707063760296471
33.425502466000516,1127.8291505705733,259.85025740853376,98.44099934753912,976.1472976415806,1115.6504536581888,1,HIGH,-2016.4572513791554,1.8176674595822675,-2.0009116283446815
34.84594150178257,3000.729863265481,297.0573107203761,96.25318057059422,3080.6184739354635,2788.4282635533073,1,HIGH,1872.9007126949077,-2.1878187769448942,1.4204390357820529
33.385949938545956,903.7605148728388,238.23785414820844,98.0426625989531,887.4257708328446,869.4610347146906,1,HIGH,-2096.969348392642,1.7894820283588757,-1.4599915632366134
34.33609174259901,1669.077361937604,258.3958635189862,98.02042052656805,1504.9673132173066,1879.7814402371937,1,HIGH,765.3168470647653,-0.022242072385054712,0.9501418040530538
33.73388559936136,1236.7918041043254,33.09751302902163,97.84583937134816,1265.4142127157104,1105.2538173486023,0,MEDIUM,-432.28555783327874,-0.17458115521988304,-0.6022061432376518
34.42872612735471,266.07361338199104,245.4854374351445,99.96759309547647,164.17393510016697,259.58264116557586,1,HIGH,-970.7181907223344,2.121753724128311,0.6948405279933496
34.54205996042832,1443.5276764974074,102.98417959296037,97.4722459469342,1470.6220888613007,1280.986612301704,0,MEDIUM,1177.4540631154164,-2.4953471485422796,0.11333383307361089
33.47965537995502,3801.0493652553982,270.0172802588263,96.48408849598388,3832.5783129738998,3597.8443039640356,1,HIGH,2357.521688757991,-0.988157450950311,-1.0624045804732987
34.44642378702738,93.36466409385793,224.2371218750869,97.95746545448246,-84.12002144005567,91.85584613133592,1,HIGH,-3707.6847011615405,1.4733769584985765,0.9667684070723581
34.83945061325733,0.0,0.5097378278182498,99.13151508282326,84.76739440962825,-328.81026761421157,0,LOW,-93.36466409385793,1.1740496283407964,0.3930268262299492
34.50548571012107,546.9871944240625,42.422414245967445,98.7736727725175,365.3130368712107,610.4582486775377,0,LOW,546.9871944240625,-0.357842310305756,-0.3339649031362555
34.73148699159838,2132.8162997142485,71.02838544323201,97.76939606070201,2094.2868178282915,2163.4068409241736,0,MEDIUM,1585.829105290186,-1.0042767118154927,0.22600128147730913
33.54640538666108,2130.107435505001,173.18880153433938,98.99466276667894,2081.3474792419993,2255.390186146637,1,MEDIUM,-2.708864209247622,1.225266705976935,-1.1850816049373023
34.1854288554882,1059.1360055281336,11.900244561553446,98.68245159109858,1032.8344646213316,1016.0976483308976,0,LOW,-1070.9714299768673,-0.3122111755803587,0.6390234688271192
34.616553372311124,1364.590759098742,202.84582385489986,96.80920619742494,1462.393457353309,1347.6312898890756,1,HIGH,305.4547535706083,-1.873245393673642,0.4311245168229263
33.952030395993724,1430.9443364274007,275.95064711673086,98.73264101528675,1712.152247421876,1417.2743926040275,1,HIGH,66.35357732865873,1.9234348178618035,-0.6645229763174001
35.08298712962606,991.6792537687089,69.84727140383958,100.0,1164.9698433161793,930.0530153034107,0,MEDIUM,-439.26508265869177,1.2673589847132547,1.1309567336323383
34.598864110587265,2379.841274294373,250.42513628576705,96.52533102635815,2369.739641975107,2389.658945887721,1,HIGH,1388.162020525664,-3.4746689736418546,-0.4841230190387975
33.754513963580614,2632.442504002951,75.37325046824554,96.12575784478376,2486.5983942331977,2605.6871441577086,0,HIGH,252.6012297085781,-0.3995731815743824,-0.8443501470066508
33.35421978265869,0.0,115.58260851289373,98.9458524091425,-275.2239681783092,-106.97214468927555,0,MEDIUM,-2632.442504002951,2.8200945643587403,-0.40029418092192515
35.02836417170509,512.9103429263241,78.84155359153564,98.63714224274472,471.9712849576938,444.4854440101698,0,MEDIUM,512.9103429263241,-0.3087101663977876,1.674144389046404
34.65492290638553,0.0,126.84507020145428,99.10578364081087,85.45978004178149,-94.91949641400109,1,MEDIUM,-512.9103429263241,0.4686413980661541,-0.37344126531956334
34.500401579160815,2261.0663804471374,118.92958911039234,94.9222575211784,2498.979355755509,2215.2886311034135,0,MEDIUM,2261.0663804471374,-4.183526119632475,-0.1545213272247139
34.382281906166355,1718.232569607042,137.44082899651985,95.94432257414235,1587.69530450491,2067.1921974323936,1,MEDIUM,-542.8338108400953,1.0220650529639528,-0.11811967299446025
34.05260530172486,1051.4696685772642,213.03497936731216,96.3010163252555,1125.9118461506719,885.4473298309046,1,HIGH,-666.7629010297778,0.3566937511131556,-0.32967660444149516
34.97694420992662,1406.9108124388354,108.46269340305918,98.62055856728887,1477.0558484156004,1084.4027827680961,0,MEDIUM,355.44114386157116,2.3195422420333642,0.9243389082017615
35.039214220503396,1879.2050334247945,124.55819855030786,97.43523216196138,1718.9003963320913,2102.446373158892,1,MEDIUM,472.2942209859591,-1.185326405327487,0.06227001057677484
34.60845469922847,1029.7029039764734,283.3993686314954,96.99508211407641,1062.4447564808004,964.5678756171873,1,HIGH,-849.502129448321,-0.4401500478849698,-0.4307595212749291
34.913610726011534,2059.043881621705,155.59967689658632,95.94472274273903,2005.1393688137523,2028.9777790435132,1,MEDIUM,1029.3409776452318,-1.0503593713373789,0.30515602678306664
34.67087102859312,1046.2302791743796,71.89781654985377,97.17874855118652,949.0862974364479,1020.9715314213038,0,MEDIUM,-1012.8136024473256,1.234025808447484,-0.24273969741841483
35.17694886555963,780.2674510786998,271.8667951360953,98.43294726155558,793.8714911405947,937.2872172829314,1,HIGH,-265.9628280956798,1.2541987103690673,0.5060778369665115
33.07779757668431,1749.3511225453506,143.7472095172706,96.81362579706506,1560.930182355409,1485.9427623131921,1,MEDIUM,969.0836714666508,-1.6193214644905254,-2.099151288875319
34.598047073075456,1552.9314589289604,48.324201488362434,97.18016607657117,1460.3715182198043,1606.6069357835024,0,MEDIUM,-196.41966361639015,0.36654027950611123,1.5202494963911448
34.74041578128901,787.6953166819175,114.84885683160162,100.0,646.6362678353652,749.0077606714515,0,MEDIUM,-765.236142247043,2.819833923428831,0.14236870821355296
33.77932281197715,2344.3796950691435,216.48355823547968,97.08787007821192,2433.473607356111,2244.014732676544,1,HIGH,1556.684378387226,-2.912129921788079,-0.9610929693118564
34.696223578877486,1537.2900703729804,148.59517166348544,97.52441672556988,1635.4465053155707,1466.8749497693163,1,MEDIUM,-807.0896246961631,0.43654664735795734,0.9169007669003335
35.42622080641212,99.2679440715329,191.1465576638466,98.90404018752024,-14.714321291515025,116.89317876463548,1,HIGH,-1438.0221263014475,1.3796234619503593,0.729997227534632
34.09413899794612,801.7442437493979,111.44304997673083,98.81551840987808,965.8951609714685,594.9493825524019,0,MEDIUM,702.476299677865,-0.08852177764215696,-1.3320818084660004
34.65115039339981,1254.7012325887702,188.08308192553525,97.41575424150022,1339.6301938654653,1467.3348413598449,1,HIGH,452.95698883937223,-1.3997641683778568,0.5570113954536922
34.068060308275086,1891.144856101917,265.44257133579333,94.53949388250724,2019.8788688865513,1895.30068677548,1,HIGH,636.4436235131468,-2.8762603589929796,-0.5830900851247236
35.13674911559621,1500.2684961507387,56.16920377846977,95.00573683136392,1533.4004984356113,1627.2478994258697,0,MEDIUM,-390.8763599511783,0.4662429488566744,1.0686888073211236
35.64736629540386,0.0,180.0044585773577,98.65436970851584,74.15793562737603,163.21957658507642,1,HIGH,-1500.2684961507387,3.6486328771519254,0.5106171798076531
34.723695941391405,2147.427001615425,250.63946962215766,97.71712122233211,2230.0415757407786,2071.524223388466,1,HIGH,2147.427001615425,-0.9372484861837336,-0.923670354012458
33.73073540082981,2409.6188190657904,127.19853903672933,98.43054364414674,2524.0852552790466,2523.1506674833345,1,MEDIUM,262.1918174503653,0.7134224218146272,-0.9929605405615973
35.20612789587337,1504.685546779266,105.70882148895544,96.84282013998703,1622.3341093732486,1645.8086016287052,0,MEDIUM,-904.9332722865245,-1.5877235041597118,1.4753924950435646
35.9759804035376,1406.5693380891132,290.4587347847844,99.34072248177164,1560.8425949731304,1237.9381086358417,1,HIGH,-98.11620869015269,2.4979023417846093,0.7698525076642255
35.45162945608206,0.0,96.75535257136389,99.94889945608045,164.23990985179444,-235.26791597633337,0,MEDIUM,-1406.5693380891132,0.6081769743088188,-0.5243509474555381
33.55096813562577,926.0161614636309,150.69075801206085,98.11315043107005,883.5708540621656,1045.6296868076865,1,MEDIUM,926.0161614636309,-1.8357490250104007,-1.9006613204562868
34.51448552233374,2101.7299508786673,73.01284566141575,97.38385073616975,2136.2819917439742,1736.889979018457,0,MEDIUM,1175.7137894150364,-0.7292996949003054,0.96351738670797
33.88550899869253,1418.7088406241505,50.483991532792714,96.61375692921597,1401.818165843103,1308.5303022050089,0,MEDIUM,-683.0211102545168,-0.7700938069537813,-0.6289765236412137
32.89898089162434,2110.3081446474635,52.67651541144799,98.16865417494427,2042.524240506954,2024.2352149415533,0,MEDIUM,691.5993040233129,1.5548972457282986,-0.9865281070681888
34.98387217077607,1308.6049283631078,208.49926133854237,97.28639205939531,1248.6078791625253,1436.5659370085114,1,HIGH,-801.7032162843557,-0.8822621155489543,2.0848912791517265
35.37503738695523,1373.5004607698465,141.5662038729016,98.08120877537706,1137.9955376943794,1360.3740034229606,1,MEDIUM,64.89553240673877,0.794816715981753,0.3911652161791608
33.74239359306895,641.0566323668548,42.840443894899664,98.36729618028767,697.7343010912422,650.3190341267687,0,LOW,-732.4438284029917,0.286087404910603,-1.632643793886281
33.69719199826206,898.7187600805338,247.17348654435634,97.04422735369566,950.5124340048594,788.9169708497872,1,HIGH,257.66212771367896,-1.3230688265920065,-0.04520159480688335
34.428050945738946,1614.7064080751695,120.80324273116565,97.33941796158005,1528.7310181203252,1766.9022018940539,1,MEDIUM,715.9876479946357,0.29519060788439333,0.7308589474768823
33.90097686609584,760.0175699541409,151.66538249044962,99.16972984037233,685.9741952557376,785.7788402930173,1,MEDIUM,-854.6888381210287,1.8303118787922728,-0.527074079643107
33.20921076112518,1634.035608386494,155.2460202873514,97.3060425390478,1624.131246797838,1724.4247845348289,1,MEDIUM,874.0180384323531,-1.863687301324532,-0.6917661049706609
34.58743967616398,861.9517462172329,277.0513796635599,99.27402341038044,845.2412894024392,765.6455585959259,1,HIGH,-772.0838621692611,1.9679808713326423,1.3782289150388038
34.62858186280056,0.0,220.22945478780915,100.0,-315.5507324961436,157.3936287282642,1,HIGH,-861.9517462172329,0.7259765896195631,0.041142186636577094
33.059248500280425,3083.280909130833,260.90831980648414,94.22103306195389,3003.0196368010184,2907.1076912544263,1,HIGH,3083.280909130833,-5.778966938046111,-1.5693333625201333
33.62829149542688,812.8184259058189,217.67512705422013,98.96856729354971,569.6093268692389,853.2497239717078,1,HIGH,-2270.4624832250142,4.7475342315958216,0.5690429951464537
33.09708477615787,1314.1158298226385,165.3252492200643,98.32698706025393,1476.6982745238593,1282.6665756918048,1,MEDIUM,501.2974039168196,-0.6415802332957838,-0.531206719269008
34.50078808709745,1380.7661216283773,255.0861872236162,97.41554787999615,1443.8048703878535,1142.102244152014,1,HIGH,66.65029180573879,-0.9114391802577728,1.4037033109395765
34.766628721795755,1209.160289925976,208.45509684393858,97.38638725494553,1126.9582599497448,1227.327869862371,1,HIGH,-171.60583170240125,-0.029160625050622002,0.2658406346983071
34.154731763915,1459.8667702132777,156.49994689305987,94.52428317987653,1370.8449311224447,1401.391951511493,1,MEDIUM,250.7064802873017,-2.8621040750689986,-0.6118969578807523
33.39729011506311,1803.6178269001412,132.31476657246685,97.95332059991665,1872.1043917671652,1865.4627114866098,1,MEDIUM,343.7510566868634,3.4290374200401175,-0.7574416488518949
33.88868699900193,2239.6103537186996,89.49694448479785,96.96448420239854,2042.4856838928454,2035.0419747144342,0,MEDIUM,435.9925268185584,-0.9888363975181136,0.4913968839388261
34.71475131685585,2533.6411014358905,241.10606326485114,98.65290474806002,2517.255414738906,2565.127708848757,1,HIGH,294.03074771719093,1.6884205456614865,0.8260643178539198
35.47727971478751,172.65729140450728,271.78400763115127,98.3844502984788,423.7822159059767,-12.988374344653403,1,HIGH,-2360.983810031383,-0.26845444958122755,0.7625283979316535
35.15502949534699,580.6339783333319,63.98202058802916,97.99300364476596,492.878978098563,727.5073952292121,0,MEDIUM,407.9766869288246,-0.3914466537128334,-0.32225021944051946
34.64916697517,2369.9786592070145,77.99220636651961,97.9039506085168,2316.7576750351545,2322.0430059943324,0,MEDIUM,1789.3446808736826,-0.08905303624916883,-0.50586252017699
34.424228432765844,1078.3238827969026,207.07484201927622,99.26705641027375,1121.3527610491908,1021.7656348406897,1,HIGH,-1291.654776410112,1.3631058017569586,-0.22493854240415345
35.378790580736975,1429.9141223954978,15.701864905495277,98.77554892305216,1500.482725199225,1551.226937837154,0,MEDIUM,351.5902395985952,-0.49150748722159676,0.9545621479711315
34.04823125101093,1491.2337497865378,264.44873676912573,97.76278288686144,1368.7503351926703,1477.574638003487,1,HIGH,61.31962739104006,-1.0127660361907118,-1.330559329726043
33.61172713199194,1863.1920521247973,37.560164152784665,95.60167296127747,1756.660254633956,1807.5030127692141,0,MEDIUM,371.9583023382595,-2.161109925583972,-0.43650411901899133
34.26486901981257,2436.8607819665303,80.62306775065527,96.74287164651497,2546.1977884439234,2466.734886640887,0,MEDIUM,573.668729841733,1.141198685237498,0.653141887820631
34.60026729741424,2095.7087123246774,123.30212153329025,96.30247803592188,2087.40190177078,2328.9381766416077,1,MEDIUM,-341.1520696418529,-0.440393610593091,0.3353982776016693
34.24108431259584,1715.421494423627,148.15579296015207,99.17245238594975,1652.5569110716185,1542.5840063944524,1,MEDIUM,-380.2872179010503,2.8699743500278743,-0.3591829848184034
34.68671903680448,2298.1114808545453,18.343611635759,97.92375661648114,1982.836863810981,2281.2781671786142,0,MEDIUM,582.6899864309182,-1.2486957694686112,0.44563472420864514
34.407876258840446,613.5060543224234,31.084887005626214,98.30366500259716,686.5500736490014,656.8780855719475,0,LOW,-1684.6054265321218,0.3799083861160142,-0.2788427779640372
34.228615400490405,1947.414970484802,297.23634931707545,96.62010646930909,1999.578943405186,1942.7000502273327,1,HIGH,1333.9089161623788,-1.683558533288064,-0.17926085835004102
33.977421327551006,1312.434374615193,230.25526051102221,99.371909413603,1448.9014263650897,1353.7395260548026,1,HIGH,-634.980595869609,2.751802944293914,-0.25119407293939844
34.49612425427853,830.7960079063381,157.46402297260065,97.0323149079288,869.2908637912896,890.5816701029155,1,MEDIUM,-481.63836670885496,-2.3395945056742136,0.5187029267275207
34.22900997152053,1885.5878151048246,52.06373051069099,96.55457149932838,2109.7933137582368,1989.3821478320797,0,MEDIUM,1054.7918071984864,-0.47774340860041775,-0.2671142827579942
34.593374362785084,1293.8954742034546,195.1529604986763,99.37058619301446,1350.584765389814,1083.7256398056766,1,HIGH,-591.69234090137,2.8160146936860855,0.36436439126455156
34.830179930373994,2732.7236355435457,282.9215072260463,97.23449637515962,2741.966340090948,2782.7694533872545,1,HIGH,1438.8281613400911,-2.136089817854838,0.23680556758890958
34.774887585159874,2902.8095240767357,241.60379700317972,96.48089926764743,2841.6123610972622,2838.2456623445873,1,HIGH,170.08588853318997,-0.7535971075121921,-0.055292345214120076
33.831274577181475,2012.2599434810113,84.07448355851238,99.02108198754195,2034.2308186401012,1980.046671858807,0,MEDIUM,-890.5495805957244,2.540182719894517,-0.9436130079783993
34.86089451973609,1543.796857868377,294.94885734546676,98.16714351965382,1466.59549534458,1460.1159076551558,1,HIGH,-468.46308561263436,-0.8539384678881277,1.0296199425546178
34.088520422986335,2289.001124608141,220.27854456086186,96.50048539198595,2321.5733640749913,2521.462375547672,1,HIGH,745.2042667397639,-1.6666581276678727,-0.7723740967497577
35.06682451627256,2037.9414092792229,241.6231525237695,98.07716770766633,1981.5850884081638,2104.6611845890548,1,HIGH,-251.05971532891795,1.5766823156803866,0.9783040932862264
34.30344023171551,1858.4210364749415,134.82702175436037,95.99510372246014,1965.76970763887,1869.4922756335504,1,MEDIUM,-179.52037280428135,-2.08206398520619,-0.7633842845570484
33.86352276246217,2505.96307717963,33.44891430772226,96.35031399137746,2413.643205066346,2593.5065354294898,0,HIGH,647.5420407046886,0.3552102689173182,-0.43991746925334496
34.938431183513536,2585.6608747689047,294.267364283497,97.0389300184296,2623.4197521313204,2463.4029444414246,1,HIGH,79.69779758927461,0.6886160270521344,1.0749084210513686
35.5585811216898,2152.938654029947,154.90347705793127,96.06626454740535,2214.2681672703216,1955.6666128140907,1,MEDIUM,-432.72222073895773,-0.9726654710242428,0.6201499381762616
35.27450198237131,2970.9065859480543,194.40763570467436,98.06606586895025,3083.2007235626315,2868.336674302873,1,HIGH,817.9679319181073,1.9998013215448935,-0.28407913931848583
34.504670884382584,1274.063178558476,103.79773541055718,97.72069911328846,1196.6483169691192,1078.0419795966784,0,MEDIUM,-1696.8434073895783,-0.3453667556617859,-0.7698310979887282
34.208128650768565,2001.711635180632,37.573146296072586,95.74427839444628,1872.7906793037423,2152.3384711482095,0,MEDIUM,727.6484566221559,-1.9764207188421778,-0.2965422336140193
35.69100958544864,1824.8872451273835,31.808575317437473,97.31849514612166,1965.6247911641478,1703.6117723707628,0,MEDIUM,-176.8243900532484,1.5742167516753796,1.4828809346800753
34.65095672548698,2240.925836035476,213.4745718635023,99.21003318130987,2209.3527928177864,2257.985679318842,1,HIGH,416.0385909080926,1.891538035188205,-1.040052859961662
32.809634374219385,0.0,137.42261457453077,97.63268270168764,26.86931300004592,14.527300855200878,1,MEDIUM,-2240.925836035476,-1.5773504796222255,-1.8413223512675927
33.68372418849059,3032.7022185070805,181.46779593854836,96.67464030707553,2950.381291306639,2890.112821825711,1,HIGH,3032.7022185070805,-0.9580423946121073,0.8740898142712012
34.80416649653855,3432.2336143992306,56.51809589803224,94.79716289339088,3305.463820204832,3617.157765323976,0,HIGH,399.53139589215016,-1.8774774136846588,1.1204423080479629
34.41275748519578,1542.1238144296178,121.57585572115224,97.19248582764541,1424.709562104752,1460.4799068435582,1,MEDIUM,-1890.1097999696128,2.395322934254537,-0.3914090113427662
33.45781891760836,2532.163855314936,223.97395261657266,96.4392441969992,2548.0298432112613,2402.9356553344837,1,HIGH,990.0400408853181,-0.7532416306462153,-0.9549385675874262
35.322238933681355,2160.202881503844,201.23377200066494,97.55392528071356,2128.45114761426,1979.8423956633599,1,HIGH,-371.9609738110921,1.114681083714359,1.864420016072998
34.43161094338962,2282.6598868668693,85.77990731131725,95.849558726492,2296.1631693426393,2215.885068440545,0,MEDIUM,122.45700536302547,-1.7043665542215507,-0.8906279902917333
35.55834257278067,3297.6786210342225,165.97487760071766,98.18627640360573,3499.3422553071873,3299.4412673960032,1,HIGH,1015.0187341673532,2.3367176771137252,1.1267316293910454
34.14809403307506,2257.9892372983013,60.24685988812995,99.00897139841139,2405.182271668061,2286.6785135079194,0,MEDIUM,-1039.6893837359212,0.8226949948056586,-1.4102485397056057
34.14173341431754,1802.2648055789443,127.55879177660766,97.24713410473863,1772.8385214866548,1723.5891281615134,1,MEDIUM,-455.72443171935697,-1.7618372936727553,-0.006360618757518921
34.36148228687749,1369.8853095389825,28.923199224679728,95.67923767370426,1486.6216641941946,1297.4648157923866,0,MEDIUM,-432.37949603996185,-1.5678964310343702,0.21974887255994702
33.9100556413942,542.5375574429252,33.90479982243897,96.5508183466193,604.3331486944863,574.3958223042243,0,LOW,-827.3477520960573,0.8715806729150302,-0.4514266454832878
35.41405897614176,913.6999772326196,78.49268276242836,98.55241506431551,945.4610011227738,767.7523298426732,0,MEDIUM,371.16241978969447,2.0015967176962164,1.5040033347475585
34.86340677310421,852.2905675827466,25.704020795293648,98.89952734714825,986.8907867218228,870.1413812377629,0,LOW,-61.409409649873055,0.34711228283273954,-0.5506522030375507
33.77102074317689,990.8548439500157,198.76196815865603,98.44053955331799,986.7808022791561,1034.8349835380563,1,HIGH,138.56427636726914,-0.45898779383026067,-1.0923860299273187
35.3708874375214,0.0,32.95813781389364,97.71590446818955,-58.94590380033834,-70.99277659638597,0,LOW,-990.8548439500157,-0.7246350851284404,1.599866694344506
34.62740527299113,1831.2160003216018,147.5542602053377,97.21333561679916,1864.9354729314691,1757.1424787785654,1,MEDIUM,1831.2160003216018,-0.502568851390393,-0.7434821645302634
34.388173725741694,1380.763353971428,122.55724558849667,97.31564000744591,1357.5356690228189,1554.7836921349076,1,MEDIUM,-450.45264635017384,0.10230439064675068,-0.23923154724943885
35.03074272204898,767.4710410968436,70.14451300333124,100.0,489.6017788708333,661.4659003296792,0,MEDIUM,-613.2923128745844,2.684359992554093,0.6425689963072827
34.42325543446861,1978.9482263935063,243.73793769472732,98.05223556217109,2067.9617279757504,2052.328114637789,1,HIGH,1211.4771852966628,-1.9477644378289085,-0.6074872875803692
34.401867075689594,3591.5458572218135,77.0480666051302,96.48237402045315,3634.0821803720646,3514.588424359587,0,HIGH,1612.5976308283073,-1.5698615417179411,-0.021388358779013572
33.045066782807176,2732.591193657616,225.63192316745344,96.29684385662296,2658.7211930919275,2699.1485019879538,1,HIGH,-858.9546635641977,-0.18553016383019383,-1.3568002928824185
35.0362061313147,2310.173278402657,199.4185998946144,98.27091862474842,2252.1259777883774,2289.886789443389,1,HIGH,-422.41791525495864,1.9740747681254618,1.9911393485075237
35.052969314435344,1182.5603088469795,265.38941008480737,98.39537824982298,1284.697171918614,1163.5376316049199,1,HIGH,-1127.6129695556776,0.12445962507456443,0.016763183120644953
33.175083285080426,2253.307537971495,266.98512276014594,97.8546894147415,2106.6696133065902,2101.1419289768323,1,HIGH,1070.7472291245156,-0.5406888350814825,-1.8778860293549187
32.354903821356984,2073.120150096079,231.96083848692479,97.31388312925048,2187.6754934420965,2132.2413385522714,1,HIGH,-180.18738787541588,-0.5408062854910156,-0.8201794637234414
35.73320188766783,396.9511940529538,262.6967412874877,97.82022302104819,360.3008114109291,451.97672067059045,1,HIGH,-1676.1689560431255,0.5063398917977082,3.3782980663108475
34.77471068878179,1163.938999150728,208.13367665338603,98.76414005256126,1300.5050493099727,1123.1782526240122,1,HIGH,766.9878050977743,0.9439170315130667,-0.9584911988860441
34.09776078585008,1759.6701095443686,203.42570465756336,96.55381638910069,1928.3730298249625,1633.8745259966015,1,HIGH,595.7311103936406,-2.2103236634605707,-0.6769499029317103
34.44702686741059,1358.9571247512738,130.28350476403585,96.6624049133725,1373.310592472151,1357.8324083028326,1,MEDIUM,-400.71298479309485,0.1085885242718092,0.34926608156051486
35.688870428851985,1552.3627438465721,118.02961918188869,96.82068265057167,1821.1323460513267,1474.3084484402293,0,MEDIUM,193.40561909529833,0.15827773719917104,1.2418435614413923
33.606709686611104,906.2255731531499,272.363713210587,99.37231914025266,864.3665624800698,734.9092132101378,1,HIGH,-646.1371706934223,2.5516364896809876,-2.0821607422408803
34.46885607642296,2371.70500469433,58.95712448425483,95.00143728425378,2397.8351528368808,2315.9919914951083,0,MEDIUM,1465.47943154118,-4.370881855998874,0.8621463898118549
33.612100675717635,2103.4807460038087,54.108985449981994,97.21093830592471,2164.525623541358,2077.3374723965903,0,MEDIUM,-268.2242586905213,2.209501021670931,-0.8567554007053246
32.9797611652399,83.84162638293049,218.43484065502352,100.0,335.1656960008288,143.57141316582675,1,HIGH,-2019.6391196208783,2.7890616940752864,-0.6323395104777347
33.97744430547791,1011.765135675313,132.00225223636252,95.24079905338843,786.6152005526554,1051.4247464896607,1,MEDIUM,927.9235092923825,-4.759200946611571,0.99768314023801
34.04269789609052,192.10121800474823,0.0,99.80590978239655,394.32272178044155,208.4031032728242,0,LOW,-819.6639176705647,4.565110729008126,0.06525359061261327
34.03903747079126,1387.8584199671618,1.7217512277460436,99.64400199366942,1341.941702174045,1324.3895639634125,0,MEDIUM,1195.7572019624135,-0.16190778872713452,-0.0036604252992660236
33.81262042242929,1366.3645475852863,32.35247065949181,96.51492416299011,1041.7104738732414,1468.983036809941,0,MEDIUM,-21.493872381875462,-3.1290778306793072,-0.22641704836196652
33.860992384868176,2837.4904108211035,88.73004419167458,97.4030906882183,2873.564992278767,3000.629366997764,0,HIGH,1471.1258632358172,0.8881665252281863,0.04837196243888542
33.986790075024636,1546.4816139927084,246.62643368171533,97.29432454484618,1605.767046081242,1513.3795335660486,1,HIGH,-1291.0087968283951,-0.10876614337212231,0.12579769015646036
33.70211293929494,1134.3422469689606,43.020423738392495,98.07103311491592,1150.99592943297,1102.512495282281,0,LOW,-412.1393670237478,0.7767085700697436,-0.28467713572969444
34.006548117081216,1567.720917602789,8.812257663449863,96.1543141842944,1256.4566607724905,1498.405350020908,0,MEDIUM,433.3786706338285,-1.9167189306215136,0.3044351777862744
35.00608644986429,1527.2308422074996,178.0694943439477,97.98121002480869,1581.5622397068428,1479.2021501453867,1,MEDIUM,-40.49007539528952,1.8268958405142826,0.9995383327830751
33.320915203645626,2704.8411262610634,163.81860514611287,96.66305228959509,2726.49836346736,2454.629321687646,1,HIGH,1177.6102840535639,-1.3181577352136031,-1.6851712462186654
33.76282305037345,1203.7004655987778,37.69197772526491,99.01357587156954,1027.3823397509084,1265.2577175546153,0,MEDIUM,-1501.1406606622857,2.350523581974457,0.4419078467278226
35.09701503557132,1511.6725877369195,143.50828779770055,100.0,1607.4526323279383,1431.1164002132844,1,MEDIUM,307.9721221381417,0.9864241284304569,1.3341919851978687
34.54685915762891,514.2252387704734,264.65416026021234,97.47911299649205,358.3600142116023,618.4627582602305,1,HIGH,-997.447348966446,-2.5208870035079514,-0.5501558779424087
34.057463249130784,3555.4766670554604,287.3339237865809,95.46138307087092,3615.066364436127,3737.8482113154505,1,HIGH,3041.251428284987,-2.0177299256211256,-0.48939590849812475
33.81229965469286,2134.350983306008,137.1422830687675,96.96509738568564,2227.4209478769985,1952.566982305019,1,MEDIUM,-1421.1256837494525,1.5037143148147152,-0.24516359443792624
34.48155039724374,482.4079299103298,170.39190518695975,100.0,286.31839313756774,403.91422707331174,1,MEDIUM,-1651.9430533956781,3.034902614314362,0.6692507425508794
34.479210154921546,1025.0590949957837,181.80933151499414,98.9230887647983,1004.5886679759988,902.2501971017252,1,HIGH,542.6511650854538,-1.076911235201706,-0.0023402423221909885
34.45200110366457,2238.676178711579,135.58065705233847,97.71344536841973,2379.74846492424,2301.4815703717004,1,MEDIUM,1213.6170837157952,-1.209643396378567,-0.027209051256974703
34.82454142453249,702.0945912579612,69.75303770387663,97.71346285344747,739.410732954007,622.1530440144346,0,MEDIUM,-1536.5815874536177,1.7485027740349324e-05,0.37254032086791966
34.35457758547332,2197.2996973854756,275.4690961082445,98.10556881959711,2382.513802707592,2250.548669981355,1,HIGH,1495.2051061275145,0.3921059661496429,-0.4699638390591687
35.41063897555319,2075.5625418745435,109.0069074880576,97.63292571387878,2033.228028456042,2167.8851329893773,0,MEDIUM,-121.7371555109321,-0.47264310571833335,1.0560613900798685
34.50011028622987,1269.4254538230398,74.74433663150927,97.35048594935117,1494.849777773715,1220.729134976559,0,MEDIUM,-806.1370880515037,-0.2824397645276093,-0.9105286893233213
35.15455953772289,231.82375685803845,27.813798289406346,99.61416630357239,301.88710339652425,226.87543828830684,0,LOW,-1037.6016969650013,2.263680354221222,0.6544492514930198
34.712603408041666,58.2058715917518,261.43690601305,100.0,96.5132152848003,127.06707474553858,1,HIGH,-173.61788526628663,0.38583369642761056,-0.44195612968122333
33.486662610265114,570.7945685130286,200.44513687882835,100.0,658.9536672462527,533.0389540745798,1,HIGH,512.5886969212768,0.0,-1.225940797776552
35.0747071677066,1652.3779075156262,251.25929076800327,98.3615487572261,1808.4317868393325,1895.0373160910005,1,HIGH,1081.5833390025978,-1.6384512427738969,1.588044557441485
34.35945943694479,1471.4688069373146,142.73789462004618,96.50037918913367,1467.314064064065,1358.5707439181592,1,MEDIUM,-180.9091005783116,-1.8611695680924356,-0.7152477307618099
33.98286645146558,1041.5316096800443,201.73467783173496,98.36859441546166,897.1963627199026,1219.3777872282553,1,HIGH,-429.9371972572703,1.8682152263279903,-0.3765929854792063
34.78405364920857,1451.3274206698984,205.85606705615396,96.91724118496953,1449.4274133077258,1388.2308346906186,1,HIGH,409.7958109898541,-1.4513532304921313,0.8011871977429905
34.713954250436274,399.96127287080094,71.18224538450725,99.67423974065989,326.36013230946054,677.0137845739014,0,MEDIUM,-1051.3661477990975,2.756998555690359,-0.07009939877229954
35.25527517918344,0.0,50.25709536992962,98.57872638257719,118.83440255275653,87.68398495628131,0,LOW,-399.96127287080094,-1.0955133580826981,0.5413209287471688
33.145359657367955,1752.441810455656,106.20900594346449,97.26588545557918,1684.7196657357579,1672.072115112717,0,MEDIUM,1752.441810455656,-1.3128409269980068,-2.1099155218154877
33.46767352778752,223.0592296940265,215.63859977203578,97.12316567093296,297.43896344020516,96.23076843669881,1,HIGH,-1529.3825807616295,-0.14271978464621782,0.3223138704195634
35.945868020441964,1053.9813052417146,104.57842558583168,98.41415434267996,1143.4755552671907,1328.1327900262863,0,MEDIUM,830.9220755476881,1.2909886717470016,2.4781944926544455
34.41710471138924,0.0,260.8767730119764,99.55359460438679,125.78690369939764,90.38630852087309,1,HIGH,-1053.9813052417146,1.1394402617068238,-1.5287633090527208
33.348886458394766,1558.8803764279428,148.76099298752433,99.10788486811879,1603.3087857510084,1792.4570737862234,1,MEDIUM,1558.8803764279428,-0.44570973626800026,-1.0682182529944768
35.33687996985323,736.3976093456622,14.28430701856941,97.78500343754868,853.138145532347,604.7423874288083,0,LOW,-822.4827670822806,-1.3228814305701064,1.9879935114584626
34.400351873356286,1248.979114870827,284.8166097518791,97.62862241589652,1337.6413040547338,1299.5042574100182,1,HIGH,512.5815055251649,-0.15638102165216594,-0.9365280964969429
34.97382326223581,921.5091507694335,132.0984421013216,99.38090771669782,799.4795085161101,958.4451465278498,1,MEDIUM,-327.46996410139354,1.7522853008013044,0.5734713888795255
33.69445925041551,2051.0600195702937,300.0,98.86914716154233,1834.3242046218631,2067.0140419451022,1,HIGH,1129.5508688008601,-0.5117605551554902,-1.2793640118202987
34.85491789573251,3029.694196405777,168.92905278907764,97.33640729958681,3387.2595123243723,2992.1475647128736,1,HIGH,978.6341768354832,-1.5327398619555197,1.160458645317
33.74219444474966,0.0,55.41637069934856,99.45770417270138,-51.80576470545963,319.5819318681331,0,LOW,-3029.694196405777,2.1212968731145736,-1.1127234509828554
33.6214370606496,2516.7979740678916,50.130331079023264,97.367910090042,2546.399588389362,2467.4002935247136,0,HIGH,2516.7979740678916,-2.089794082659381,-0.12075738410005954
33.791642529406914,1131.852395636419,146.79994323540214,98.60755364888911,1159.8618593665506,1239.8943082681867,1,MEDIUM,-1384.9455784314725,1.2396435588471064,0.17020546875731668
33.95422053736438,1678.308157563696,221.50286196877835,97.98596113102485,1550.9017923756428,1830.57600322903,1,HIGH,546.4557619272771,-0.6215925178642578,0.1625780079574639
35.4463976383118,1569.3012741581397,95.15139508842117,97.53734220152081,1564.7631734483184,1607.3393044544698,0,MEDIUM,-109.00688340555644,-0.44861892950403615,1.4921771009474227
33.364454847385545,2989.552259754338,17.109020333587292,96.56748499503277,2936.3637833342677,2854.1537633671182,0,HIGH,1420.2509855961985,-0.9698572064880437,-2.081942790926256
33.34000875747817,1861.412763755884,272.3198655686286,97.08231431288917,1818.050622292326,1794.549655049439,1,HIGH,-1128.139495998454,0.5148293178563961,-0.02444608990737862
34.08626072653558,385.7658328190069,154.483772848484,97.69383756414362,363.1072552715213,382.5395967746803,1,MEDIUM,-1475.6469309368772,0.6115232512544537,0.7462519690574112
34.35357547720452,1105.5622394856716,43.63508407031032,97.0468674362321,1171.376545641315,1293.369777868539,0,LOW,719.7964066666648,-0.6469701279115156,0.2673147506689446
32.999131254705176,588.2487965071105,130.431022289342,98.31295787929453,641.4802977019183,484.2029946351364,1,MEDIUM,-517.3134429785612,1.2660904430624242,-1.354444222499346
34.14667608302099,1317.317360141648,23.888886768323847,97.13626256916571,1356.3009935589537,1328.070173209776,0,MEDIUM,729.0685636345374,-1.176695310128821,1.1475448283158158
34.56961958674016,1831.1958389237398,13.793100565091187,98.07063280380322,1731.4227938322006,2041.2586936133737,0,MEDIUM,513.8784787820919,0.9343702346375125,0.4229435037191678
34.33639149273051,683.0908053770332,255.34917719522605,97.9291048084748,866.1587320522277,981.2327193913584,1,HIGH,-1148.1050335467066,-0.14152799532841698,-0.23322809400964672
33.01878267988053,1019.1267366387731,269.2363435562877,99.26529451923977,1012.7051001059543,944.6877607349361,1,HIGH,336.03593126173985,1.3361897107649696,-1.3176088128499828
34.97573111750783,1131.0084198247534,85.96195570883205,98.72848377775125,1097.9984101996226,1173.272705308095,0,MEDIUM,111.88168318598036,-0.536810741488523,1.9569484376272968
34.23574533092022,1510.8394526418367,179.22811074580198,96.30539087071013,1329.100386800421,1396.644677427104,1,MEDIUM,379.83103281708327,-2.4230929070411236,-0.73998578658761
34.0438428826309,1609.7475875971504,272.80725401647663,97.34823059829903,1857.2596098285014,1953.908725224423,1,HIGH,98.9081349553137,1.0428397275888983,-0.19190244828931924
34.749393610106175,480.42454157720977,122.82737271639151,99.5859352755558,467.716629326553,408.58211829165634,1,MEDIUM,-1129.3230460199406,2.2377046772567724,0.705550727475277
35.21545637889629,2800.6683416198193,10.491674246687197,96.88484624425259,2922.806069130354,2777.2413814850524,0,HIGH,2320.2438000426096,-2.701089031303212,0.4660627687901169
34.67904375344598,1506.0919030077418,22.005587724604695,96.37805509169698,1470.9714188550827,1551.3725811536344,0,MEDIUM,-1294.5764386120775,-0.506791152555607,-0.5364126254503105
34.43217511326607,2455.3106295444163,52.113731198009006,96.01110180071365,2769.108872651321,2409.784146729034,0,MEDIUM,949.2187265366745,-0.3669532909833322,-0.24686864017991184
35.21854458232545,1590.2207517244342,76.09480556021788,99.39000360479332,1649.0512989484314,1550.3517028463114,0,MEDIUM,-865.0898778199821,3.3789018040796748,0.7863694690593803
33.66007982611625,2916.6807446828343,205.43700870775626,96.99769009191263,3109.0608295270204,3062.5047248157807,1,HIGH,1326.4599929584,-2.3923135128806905,-1.5584647562091973
34.29394036642023,0.0,141.30128562343228,100.0,-51.822430925499205,-3.9798506797031052,1,MEDIUM,-2916.6807446828343,3.002309908087369,0.6338605403039779
34.69979990636257,2234.410201737968,239.13682240672492,98.23540855123619,2365.625674941537,2107.7658015689085,1,HIGH,2234.410201737968,-1.7645914487638095,0.40585953994234103
35.260600369422974,2487.8497325154663,93.79295496307753,98.0423512188718,2313.0167263090634,2612.323731380384,0,MEDIUM,253.43953077749848,-0.19305733236438982,0.5608004630604029
32.80231584184674,1020.613925681765,278.20174612891174,98.11722886329663,1021.1599561613133,953.4293974397519,1,HIGH,-1467.2358068337012,0.07487764442483069,-2.4582845275762324
33.42856007609278,3426.677872805,79.45618722253484,97.61446551005832,3494.0531051905537,3417.3702036779628,0,HIGH,2406.063947123235,-0.5027633532383078,0.6262442342460375
34.56342193732508,1719.0718167474529,204.35912800706515,96.46471084647168,1797.9367073414205,1688.5624874260313,1,HIGH,-1707.606056057547,-1.1497546635866485,1.1348618612323023
34.30347137989372,587.1691857888202,236.866208698522,98.91287965349042,476.18562058078396,579.5772397239039,1,HIGH,-1131.9026309586327,2.448168807018746,-0.25995055743135964
33.905373509593005,1220.928251227814,64.9305738681607,97.20455626903926,1333.1550667713639,1179.361551175144,0,MEDIUM,633.7590654389937,-1.7083233844511625,-0.39809787030071675
35.1954183026097,224.5993907131969,111.1825852378568,99.86512457337454,270.6673757014487,231.62880618374186,0,MEDIUM,-996.328860514617,2.6605683043352855,1.2900447930166976
33.33592477999503,2871.1461169277472,94.05639323310524,97.00086086224091,2748.451858866207,2839.1612942302318,0,HIGH,2646.5467262145503,-2.8642637111336313,-1.8594935226146703
34.74202942958306,1343.8743755899582,256.3667080309581,95.45420195354603,1091.9593919340925,1068.878327981657,1,HIGH,-1527.271741337789,-1.54665890869488,1.4061046495880305
35.84330897823992,1353.4664845664186,40.115642799070855,98.29040342345142,1171.3873947284646,1186.3227299795528,0,MEDIUM,9.592108976460395,2.83620146990539,1.101279548656855
34.2298853261884,1611.3495311693043,96.51697845081004,95.52399546737159,1550.4778413937163,1462.6680340861412,0,MEDIUM,257.88304660288577,-2.7664079560798314,-1.613423652051516
34.06933682717224,887.3714122932294,167.79814082061702,98.56868973470797,996.9575497074046,824.8309286769736,1,MEDIUM,-723.978118876075,3.044694267336382,-0.16054849901615853
34.43790808189695,2351.3174495863195,3.7826567415664964,98.33949840779634,2412.5414968619034,2549.2013526369137,0,MEDIUM,1463.9460372930903,-0.22919132691163213,0.3685712547247064
34.167824337182694,893.703574367516,170.44061703908883,99.20815173840262,870.121424566603,1088.8312127655338,1,MEDIUM,-1457.6138752188035,0.8686533306062785,-0.2700837447142561
34.374229292075896,1167.1226144478997,227.36673709795943,99.25224292315232,1261.5902632594803,1323.9411109947082,1,HIGH,273.41904008038364,0.044091184749703416,0.20640495489320188
32.812503247277704,584.0959491184373,86.40071968966258,97.09647522192661,473.2110724784084,419.04887420668075,0,MEDIUM,-583.0266653294624,-2.155767701225713,-1.561726044798192
35.59401607479603,798.7543758810757,202.83551763678665,97.67514057724429,671.0836911964981,773.1608375122562,1,HIGH,214.65842676263844,0.5786653553176819,2.781512827518327
34.91463673786516,3376.1481882710536,152.89762743009436,96.91964217288536,3586.137383904123,3491.2576102410617,1,HIGH,2577.393812389978,-0.7554984043589315,-0.6793793369308716
33.60237856078726,765.8769827766907,262.1188778728968,98.51700917929772,813.8377709199464,695.9443608821814,1,HIGH,-2610.271205494363,1.5973670064123553,-1.3122581770779007
33.852243394770156,2903.058327779342,123.36460135737616,95.50397646170845,2852.304537344832,2805.84112994457,1,HIGH,2137.181345002651,-3.013032717589269,0.2498648339828975
33.585328788928436,1302.1237952291533,113.25873369863638,96.75108532282927,1269.8681203762376,1481.8082273365778,0,MEDIUM,-1600.9345325501888,1.2471088611208216,-0.2669146058417198
34.35445579505856,449.1787150595872,142.241633356916,97.72066951326401,401.00258899225224,457.47489298255874,1,MEDIUM,-852.9450801695662,0.9695841904347446,0.7691270061301267
34.20395658940416,1328.2147943718926,95.3573964136796,99.10513094517027,1402.3929303332284,1322.6394526240356,0,MEDIUM,879.0360793123054,1.38446143190626,-0.15049920565440544
35.51469415781787,1116.6943936992295,191.03155518144303,96.66955153259724,1046.3144935271187,1046.9065674116798,1,HIGH,-211.52040067266307,-2.435579412573034,1.310737568413714
34.929340862425455,3436.8933847846206,110.42291271747678,96.03447276141873,3526.561750894405,3444.1501317239836,0,HIGH,2320.198991085391,-0.6350787711785131,-0.5853532953924159
33.99597991002309,2946.228838895721,255.82135943708047,98.76706717123848,2895.606012773168,2860.0980130090425,1,HIGH,-490.66454588889974,2.732594409819754,-0.9333609524023672
33.74679338201101,571.2222110594571,103.49264796039617,100.0,608.7185681890271,325.4757243661722,0,MEDIUM,-2375.0066278362638,1.2329328287615198,-0.24918652801207486
34.97296049468701,377.67880630118515,166.82594852736634,97.42435592524627,649.0941837997962,371.2736217501618,1,MEDIUM,-193.54340475827195,-2.5756440747537255,1.226167112675995
34.719377183624935,1541.7651318086191,6.112594303827903,97.87211663278228,1553.3295301474127,1609.995507088832,0,MEDIUM,1164.086325507434,0.4477607075360055,-0.2535833110620729
34.03002527773666,3119.672889619965,287.46146131646833,97.48115335388817,3116.7950018723964,3090.175580672631,1,HIGH,1577.907757811346,-0.3909632788941053,-0.6893519058882731
35.112660025524235,3057.2201296708113,283.93605136451265,94.82563311670295,3174.944440437653,2944.8397221330265,1,HIGH,-62.452759949153915,-2.655520237185229,1.0826347477875728
33.87358534292121,171.10964911812846,95.55544463547442,97.08547805713502,153.19209040243825,172.79447479918306,0,MEDIUM,-2886.110480552683,2.2598449404320746,-1.2390746826030252
35.246253557120866,1492.8498562697578,138.35912534396132,96.58318613902189,1440.6872867997834,1645.1796106587387,1,MEDIUM,1321.7402071516294,-0.50229191811313,1.3726682141996562
34.84414199220443,2294.0192343485583,30.59266982810069,98.17171967992063,2255.405022982789,2292.146617629898,0,MEDIUM,801.1693780788005,1.5885335408987373,-0.4021115649164386
34.371553565263454,1183.2106196301825,233.75581530298143,97.93513258371352,1146.6962397326886,1185.135914926746,1,HIGH,-1110.8086147183758,-0.23658709620710283,-0.47258842694097325
34.63817679790397,1892.8599958954271,9.337895279085668,98.12788747083711,1736.4947475159515,1911.405404324146,0,MEDIUM,709.6493762652447,0.19275488712358424,0.26662323264051224
34.794892381342635,3040.6507590003753,133.1938047032162,96.46326110506568,2948.7813695588366,2913.7577729796953,1,HIGH,1147.7907631049482,-1.6646263657714258,0.1567155834386682
34.70910672458422,2791.768072234411,265.2685916682442,94.68363724305992,2914.951330966833,2512.5685965890366,1,HIGH,-248.88268676596408,-1.7796238620057636,-0.08578565675841787
33.204770533462316,1041.7535013440206,38.29158361823261,99.70225516062544,791.3921571404878,970.192245081156,0,LOW,-1750.0145708903906,5.018617917565521,-1.5043361911219009
34.334198553442604,960.8453895124281,54.26926017935757,98.94254897920187,924.3416335544365,1069.8553655667965,0,LOW,-80.90811183159246,-0.7597061814235673,1.1294280199802884
34.90189891007046,1155.4793109342459,0.0,97.48183114190168,1324.8000412775498,1106.2601206463119,0,LOW,194.63392142181772,-1.4607178373001943,0.5677003566278529
34.80868888334362,1462.260192564874,100.82914245511544,96.66886261865135,1252.1004814195135,1334.4211875767026,0,MEDIUM,306.7808816306281,-0.8129685232503334,-0.09321002672683676
35.015576972344405,1977.9407194025423,298.00074956884833,97.9855278861755,1772.6272780124416,2019.8787343002105,1,HIGH,515.6805268376684,1.316665267524158,0.2068880890007847
33.25778817726126,1424.2531338507804,110.76721635709495,98.73505427872497,1479.6910002658979,1636.5279200500042,0,MEDIUM,-553.6875855517619,0.7495263925494697,-1.757788795083144
33.21630840843545,741.2689922560941,165.63216888596676,98.32305345267706,811.4485687170256,686.6731685507826,1,MEDIUM,-682.9841415946863,-0.4120008260479153,-0.04147976882580906
34.88704102117041,20.62217941104624,299.32697317057654,98.70822019110116,41.29133009797687,44.16286176033388,1,HIGH,-720.6468128450479,0.385166738424104,1.6707326127349589
33.524307741410105,1018.5205824440707,18.787517745592556,97.43194272602727,1159.2312641624612,949.9102887596439,0,LOW,997.8984030330245,-1.276277465073889,-1.362733279760306
34.75490908967052,1359.7626407635769,291.62050242084814,97.71969938219792,1283.7861353482729,1269.7532514288584,1,HIGH,341.2420583195062,0.28775665617064305,1.2306013482604143
34.46385181351271,2978.3879612672736,148.39228656974726,95.57115085349935,2938.046892370379,2681.2549403116823,1,HIGH,1618.6253205036967,-2.1485485286985693,-0.2910572761578081
33.63211918040776,525.7547899122466,212.51388651920266,99.47353635138883,397.132341271236,648.0788447538525,1,HIGH,-2452.633171355027,3.902385497889483,-0.8317326331049486
34.010638156341074,666.458624386519,182.54531377606415,98.74679248589544,612.0576061218269,614.4987003934432,1,HIGH,140.7038344742724,-0.7267438654933898,0.37851897593331074
34.56051696791032,1586.388531061655,74.03555276036944,98.36714051107522,1431.7639168737642,1479.622690769514,0,MEDIUM,919.929906675136,-0.37965197482022006,0.5498788115692435
34.181472301147075,780.9488784821518,285.1791035106751,98.64761942881493,699.8451595410789,776.5988010365659,1,HIGH,-805.4396525795031,0.280478917739714,-0.37904466676324233
33.178255894819415,397.77098630710896,17.704897924741662,99.00732003829648,272.7263277776531,386.2088263128468,0,LOW,-383.17789217504287,0.3597006094815498,-1.0032164063276596
33.26354719868537,1623.6012765969883,165.78756821951134,99.38591992555631,1541.0811536201866,1810.2682409518281,1,MEDIUM,1225.8302902898795,0.3785998872598242,0.08529130386595796
35.00983103625536,2461.264264430375,111.72772849859032,97.72816259909303,2473.968174817428,2419.4964062261283,0,MEDIUM,837.6629878333868,-1.6577573264632832,1.7462838375699903
34.397539072770655,2419.0745911764398,67.53445642933917,96.3094011718353,2398.4736182390798,2552.8180480803944,0,MEDIUM,-42.189673253935325,-1.4187614272577207,-0.6122919634847079
34.47958773954347,518.8269233724338,284.1628651928033,99.01008651130029,440.00403015425206,524.8177809426082,1,HIGH,-1900.247667804006,2.7006853394649823,0.0820486667728133
34.09283638479356,2034.8785642065295,151.8587597306024,96.8764311349101,1927.370933113068,2204.46570503287,1,MEDIUM,1516.0516408340957,-2.1336553763901804,-0.3867513547499115
34.8397491219875,1427.5521298631943,29.564664061308534,97.32311215702705,1170.1769078274901,1568.7252569200064,0,MEDIUM,-607.3264343433352,0.44668102211694816,0.746912737193945
33.1710252874685,672.9232900647701,207.45051264288097,98.0088304453486,866.2843607177603,617.2521886396289,1,HIGH,-754.6288397984242,0.6857182883215387,-1.6687238345189996
34.279969261127675,1058.000225825258,291.1714500200553,96.48946005682049,752.2361920592746,1056.5508892683765,1,HIGH,385.0769357604879,-1.5193703885281025,1.1089439736591729
34.689146024577965,2337.3248186206165,171.30132215272363,98.25470436852757,2404.141022973025,2189.339152196392,1,MEDIUM,1279.3245927953585,1.7652443117070789,0.4091767634502901
34.01183754509848,1509.7236219386778,107.79186089673462,95.74138377591147,1482.561036122501,1498.7652754974154,0,MEDIUM,-827.6011966819387,-2.513320592616097,-0.6773084794794855
34.4690083346511,2574.408810006392,38.990248081506465,96.70117921004939,2421.5702561230914,2707.844812154225,0,HIGH,1064.685188067714,0.9597954341379165,0.45717078955262025
34.704875869338736,2291.979491003386,72.6119856394927,98.08193701383775,2298.2684152400916,2282.0920979097345,0,MEDIUM,-282.42931900300573,1.3807578037883559,0.23586753468763533
34.791690789019924,2328.2294552613384,279.7306958533535,96.83302101100844,2496.345940584631,2309.4381334829277,1,HIGH,36.24996425795234,-1.2489160028293043,0.08681491968118848
33.58420428553939,1647.8533616172156,217.20802160576875,95.80653613222516,1886.6245188665544,1765.6291247123484,1,HIGH,-680.3760936441229,-1.026484878783279,-1.2074865034805313
34.468892942776996,2426.7732097948133,277.4775772260222,95.46914146055732,2428.652568778408,2607.7697704285956,1,HIGH,778.9198481775977,-0.33739467166783754,0.8846886572376036
34.42802419642065,1379.2116051848361,148.25878470480967,99.64534235211163,1389.3853059076391,1441.9844432448647,1,MEDIUM,-1047.5616046099772,4.176200891554302,-0.0408687463563453
35.11386739715484,1782.6814741951907,3.963689625564176,95.6977111612377,1968.5190234899012,1868.8063869521427,0,MEDIUM,403.4698690103546,-3.9476311908739206,0.6858432007341904
34.14917133207588,418.9669920886131,110.54238580392565,98.35786159341949,286.71761475204545,439.01091864195797,0,MEDIUM,-1363.7144821065776,2.66015043218178,-0.9646960650789609
34.47570466904075,360.3188096166321,267.8210398726583,99.02400956222789,541.645288820133,445.57092543005115,1,HIGH,-58.64818247198099,0.6661479688084029,0.3265333369648715
34.69807244590037,2791.0773331953314,28.782030227758085,97.16808386621749,3046.1625284417123,2633.5020622646102,0,HIGH,2430.758523578699,-1.8559256960104022,0.2223677768596204
34.46092323954266,1482.215780298022,104.67998375101047,97.18517971644785,1645.3842157002812,1491.4400335907135,0,MEDIUM,-1308.8615528973094,0.017095850230361975,-0.23714920635771364
34.02652437281689,1152.7300602066161,52.882491067643954,100.0,1166.0884015311547,1351.8685870738498,0,LOW,-329.48572009140594,2.8148202835521516,-0.4343988667257719
35.08766132906626,1140.8945292889164,281.27149454923165,98.53482897667094,1082.2914638686366,913.1973164388719,1,HIGH,-11.83553091769977,-1.465171023329063,1.0611369562493707
33.941203221811946,787.2169166920129,161.46849952228925,98.2977780778203,649.4543832342016,795.8476460744057,1,MEDIUM,-353.6776125969035,-0.23705089885064012,-1.1464581072543112
34.13380153065329,2009.4918610791412,183.12133367645336,96.32028188901653,1991.290580610591,1932.7519404180043,1,HIGH,1222.2749443871285,-1.9774961888037694,0.19259830884134033
34.266518023505185,1103.6341051032562,127.57947879999315,97.04543519332391,1012.3941157698474,937.4403241301907,1,MEDIUM,-905.8577559758851,0.7251533043073835,0.13271649285189824
34.01523208607808,482.63023061806604,5.856226235455631,100.0,318.19416742896703,446.24294697567257,0,LOW,-621.0038744851902,2.954564806676089,-0.2512859374271059
33.35910311049618,1484.285998666566,219.42804382349595,97.43876530620739,1460.063706443206,1349.8577357390504,1,HIGH,1001.6557680485,-2.5612346937926134,-0.6561289755819004
34.49990321843279,1898.535518759424,296.86133155317833,98.86158108221886,2020.651121974729,1923.4223713145034,1,HIGH,414.2495200928579,1.4228157760114755,1.140800107936613
33.7494947897242,1010.8823664311881,147.67135310016823,96.10001897942561,793.9058378058578,1174.196363452837,1,MEDIUM,-887.6531523282358,-2.761562102793249,-0.7504084287085888
33.360377265742976,1462.5425246016987,276.78549730491284,99.54446383123947,1648.4919167984826,1614.9030899319796,1,HIGH,451.6601581705106,3.4444448518138557,-0.389117523981227
34.596770432855436,1092.076050104847,124.39941775274775,96.90762316004545,1392.3860210689986,1179.6516414518142,1,MEDIUM,-370.4664744968518,-2.6368406711940224,1.2363931671124604
34.88898639500625,0.0,253.0165937751085,99.32873512144836,-108.87127353868216,-201.76650816207527,1,HIGH,-1092.076050104847,2.4211119614029144,0.2922159621508129
34.257468612689635,1071.6770088817946,96.99896466135863,98.41042395524197,1171.0165447174163,995.6383100151447,0,MEDIUM,1071.6770088817946,-0.9183111662063936,-0.6315177823166138
34.07924021614836,2029.0833930470203,272.06100809311454,97.75045476580277,2193.942734432124,2021.7938943863257,1,HIGH,957.4063841652257,-0.6599691894391952,-0.17822839654127876
33.33248909934463,1543.3900047823577,212.25199249019414,96.39018086258822,1460.6291102442065,1690.314713834523,1,HIGH,-485.69338826466264,-1.3602739032145479,-0.7467511168037291
33.89668460643643,2169.3111578726243,175.09643044319486,96.6869533198754,2294.074499875984,2031.4535768200153,1,MEDIUM,625.9211530902667,0.29677245728717594,0.564195507091803
33.772835318977585,3078.879727442308,15.559113197371243,97.36466164825073,3070.7207981771085,3008.5687690228247,0,HIGH,909.5685695696839,0.6777083283753313,-0.12384928745884594
34.74788370774662,1086.0474088780923,27.749716237119458,99.11142655489395,1099.7973251095505,886.0087762391079,0,LOW,-1992.832318564216,1.7467649066432216,0.9750483887690322
34.20587925318021,277.50039962052193,94.34600314726971,99.77908089090981,310.8760972573047,394.83935089587357,0,MEDIUM,-808.5470092575704,0.6676543360158576,-0.5420044545664098
34.813961057148845,989.791887783632,182.75795812788303,98.71528445460632,1123.179503133994,1028.3617274489027,1,HIGH,712.29148816311,-1.063796436303491,0.6080818039686378
33.98277770669204,774.6454280616007,229.57158333005725,98.3431511040976,720.5816086701751,607.3924353420892,1,HIGH,-215.1464597220313,-0.37213335050871876,-0.8311833504568042
33.54961176812946,2081.092368119073,178.3414216409144,98.72067575635803,2217.5421571808256,2181.9480463953196,1,MEDIUM,1306.4469400574721,0.3775246522604334,-0.43316593856258123
34.73103430267514,2334.3713209053117,46.05167552559426,96.4452750546995,2243.927517240276,2266.188474412633,0,MEDIUM,253.27895278623873,-2.2754007016585405,1.181422534545682
34.561594496177534,1034.5976402198703,78.97737841113688,97.8472485629556,957.7954217340239,1265.7372420198014,0,MEDIUM,-1299.7736806854414,1.4019735082561056,-0.16943980649760704
34.14865438858052,2590.8525647957244,201.45357948154947,98.30084190608912,2534.9471519252284,2628.4207096863192,1,HIGH,1556.2549245758541,0.4535933431335195,-0.4129401075970165
35.19085552629825,0.0,81.44779250523963,98.77078077313523,-0.627141371572951,145.98720800373997,0,MEDIUM,-2590.8525647957244,0.46993886704611043,1.0422011377177327
35.88288094616599,1842.7674913465798,33.89267873673876,97.45293544531128,1660.4848439152488,2134.1143337776966,0,MEDIUM,1842.7674913465798,-1.317845327823946,0.6920254198677398
34.26355572212827,1255.1386865222019,119.90863988954824,96.51508639664331,1257.74492530449,1309.6049153599645,0,MEDIUM,-587.628804824378,-0.9378490486679709,-1.6193252240377234
35.04419702590412,431.4723119311478,133.55281498726774,99.19589711922117,557.1687022580563,203.2371775133479,1,MEDIUM,-823.6663745910541,2.68081072257786,0.7806413037758517
34.40423827977616,1103.6690358430767,221.54333418047847,98.83922643690948,1172.7705041418997,1128.3430808599398,1,HIGH,672.196723911929,-0.3566706823116874,-0.6399587461279594
34.05524495775622,1073.2884693056774,129.3872954849488,97.97909715124753,1102.7420581592824,1108.6713181766238,1,MEDIUM,-30.380566537399318,-0.8601292856619551,-0.34899332201993616
34.18188353122627,817.236089409341,53.68762655065895,95.58924473668863,1060.7096424394203,776.8204050708633,0,MEDIUM,-256.05237989633633,-2.389852414558902,0.12663857347004637
34.98487970178336,2960.0487401349314,130.26121220785453,96.27636686191913,3120.9706254644493,2857.422973332391,1,HIGH,2142.81265072559,0.687122125230502,0.802996170557094
34.78413815492899,1504.0816194164413,73.41900168832862,98.04212282526277,1376.7415003515962,1752.6730374486433,0,MEDIUM,-1455.9671207184902,1.7657559633436364,-0.20074154685437406
34.60179242599104,1832.462755753478,100.34038961851863,98.67666312397941,1762.41381576705,1701.7060923028328,0,MEDIUM,328.38113633703665,0.6345402987166437,-0.1823457289379462
33.07280032760447,2063.934045274861,82.15081039486245,98.74807463909342,2226.4833287562924,2058.918211889916,0,MEDIUM,231.47128952138314,0.07141151511400778,-1.5289920983865741
34.90977445943067,1347.7541854297724,191.38831767396104,100.0,1364.5344019642275,1392.3072286255608,1,HIGH,-716.1798598450887,1.2519253609065828,1.836974131826203
34.89115358780232,1969.6251576096302,28.49974133385721,98.28564747017549,2132.646065520204,2092.708461466757,0,MEDIUM,621.8709721798577,-1.7143525298245095,-0.018620871628350244
34.69606217846999,2685.0419025724264,55.134995910413906,94.70311333686675,2572.527835746276,2478.6798821711664,0,HIGH,715.4167449627962,-3.582534133308741,-0.19509140933233482
33.45076040194997,1111.7060738561154,292.3950546199233,97.87272023874506,993.4988793421111,1301.3580731825232,1,HIGH,-1573.335828716311,3.1696069018783106,-1.2453017765200158
34.48231930548183,2506.867441361933,102.49387934689507,99.55849850246932,2320.5112929507236,2453.268508199345,0,HIGH,1395.1613675058175,1.6857782637242593,1.0315589035318595
34.93753213600018,1284.3940407235448,169.0300892284581,97.94056172125862,1371.461217180668,1382.9850015615123,1,MEDIUM,-1222.473400638388,-1.6179367812107017,0.4552128305183487
34.57257893228421,1114.0432871308485,193.01272056706227,96.72366704050022,1201.2614106734156,1117.6202105085727,1,HIGH,-170.35075359269626,-1.2168946807584007,-0.3649532037159702
34.73105989165708,3085.03525564789,144.4002264621732,97.0948105748104,3201.1724433244754,3152.7458764973553,1,HIGH,1970.9919685170416,0.3711435343101783,0.15848095937287354
34.851974771209164,1219.2100720289966,278.58317467843045,98.408398729199,1201.3313663902022,1229.645584855021,1,HIGH,-1865.8251836188936,1.3135881543886114,0.1209148795520818
33.36294650023291,2150.789902963409,178.48697387429402,98.44596467870514,1995.23261163867,2013.7475973293012,1,MEDIUM,931.5798309344125,0.037565949506131346,-1.489028270976256
33.37681577968878,2381.3676995356122,292.57575320327675,96.89318905172824,2278.068664244114,2358.30976316056,1,HIGH,230.57779657220317,-1.5527756269768958,0.013869279455875017
33.951901225790756,2261.2474156061967,85.25696303841372,97.31535686515984,2307.9183033751187,2301.825697779007,0,MEDIUM,-120.12028392941556,0.42216781343159937,0.5750854461019728
34.92273446893446,1363.9839538370095,59.425051525718146,96.8461360746467,1415.2042369418054,1231.8177916748755,0,MEDIUM,-897.2634617691872,-0.46922079051314824,0.9708332431437015
33.72937961410868,368.81574910403447,70.39794430785702,97.34208665238849,612.1191870477105,227.26612504367063,0,MEDIUM,-995.168204732975,0.4959505777417945,-1.1933548548257775
35.072927894739074,3195.8560407437976,250.57226360658163,95.54295656487548,3303.214765761979,3029.8803292803545,1,HIGH,2827.0402916397634,-1.7991300875130065,1.3435482806303938
35.87648602923112,0.0,47.14103243519942,100.0,80.98538927455304,34.311380362525455,0,LOW,-3195.8560407437976,4.457043435124518,0.803558134492043
34.36224786274855,1880.303040148905,112.5981678472545,98.8358554377659,1884.1896335249605,2089.1524396596815,0,MEDIUM,1880.303040148905,-1.1641445622340996,-1.5142381664825635
35.263761909014825,2811.902827241755,282.2870293951224,95.6346514423839,2935.55763345771,2877.427315965625,1,HIGH,931.59978709285,-3.201203995382002,0.9015140462662714
33.79993598563306,1372.368234678749,137.87795788701726,97.47805630372174,1213.5422781154255,1421.9238659597038,1,MEDIUM,-1439.5345925630058,1.843404861337845,-1.463825923381762
34.721743237140345,527.831926835759,111.71993461458005,97.9368865039752,571.5406649161191,229.00960317807667,0,MEDIUM,-844.5363078429901,0.458830200253459,0.9218072515072819
35.41812040008022,729.0234038792323,184.681920156731,98.80038374262905,881.0005925672323,569.904196527039,1,HIGH,201.19147704347336,0.8634972386538493,0.696377162939875
34.54343047509048,2311.816738778659,119.48962831489777,95.03437131911028,2565.7483363644933,2377.4223997994577,0,MEDIUM,1582.7933348994266,-3.7660124235187737,-0.8746899249897382
34.142486190237285,1822.010032243049,232.5056065325185,98.70331276884748,1697.7764207694422,1703.399690398268,1,HIGH,-489.8067065356099,3.668941449737204,-0.4009442848531961
34.38194943371497,1843.5979725271031,112.56883747317232,97.72146383908809,1695.8171919339675,1974.9927736862644,0,MEDIUM,21.587940284054184,-0.9818489297593942,0.23946324347768666
35.0404855060129,1228.7273782193793,295.8933179406396,97.7755784143785,1192.500004671732,1181.9032517686214,1,HIGH,-614.8705943077239,0.05411457529041286,0.6585360722979274
34.15139910024793,2026.5953558849685,217.86766028133414,97.86574593043812,1965.4912071973047,2034.1380184866207,1,HIGH,797.8679776655893,0.0901675160596227,-0.8890864057649708
33.74237449841562,1176.8440604408745,118.37493909088371,97.11061918942154,1307.0184443932374,1186.1545372667676,0,MEDIUM,-849.751295444094,-0.7551267410165821,-0.40902460183230716
33.48833645569101,0.0,74.53239371754889,99.3453929802486,-92.0274007817026,-75.65890119958999,0,MEDIUM,-1176.8440604408745,2.234773790827063,-0.25403804272460917
34.64978707621715,1189.2430294303224,173.71577416118652,97.50783859891045,1236.9732994706114,1236.9230294716474,1,MEDIUM,1189.2430294303224,-1.8375543813381512,1.1614506205261392
34.357898514035746,1432.1063150381412,263.58674540246614,94.97360364100912,1358.5728293734426,1352.1555977572232,1,HIGH,242.86328560781885,-2.534234957901333,-0.2918885621814056
34.3531206302065,679.4694080207754,215.67091427871839,98.142634792692,555.352012051176,701.6274486268891,1,HIGH,-752.6369070173658,3.169031151682873,-0.004777883829248708
33.365019717392094,1350.5847196657853,173.55094839694152,97.49350338010557,1628.1027988104793,1471.8083934730007,1,MEDIUM,671.1153116450099,-0.6491314125864278,-0.9881009128144029
34.41133549358613,2112.8776637237625,48.345215967768276,97.77204700939679,2021.0742064571136,2096.097475510236,0,MEDIUM,762.2929440579771,0.2785436292912209,1.0463157761940352
32.86385290136272,1149.3586643351646,258.94238812190747,97.87441095074684,1182.094830124866,1511.7625517549454,1,HIGH,-963.5189993885979,0.102363941350049,-1.5474825922234103
34.43547507078168,2380.4548292856734,2.5503136794520715,97.31139088691181,2354.411408378367,2376.3945319839513,0,MEDIUM,1231.0961649505089,-0.563020063835026,1.5716221694189585
33.82501528849789,1408.6225252371642,298.85786726020194,97.79723218206671,1229.1706441334675,1493.5090487003724,1,HIGH,-971.8323040485093,0.4858412951548985,-0.6104597822837903
34.49841596560329,1189.360187733876,23.033069992340792,98.8274208946958,1135.8571375863141,1119.650953761864,0,LOW,-219.2623375032881,1.0301887126290978,0.6734006771054055
35.29249305636944,412.254033433925,45.696452409308534,100.0,382.7661465642829,168.7354750887092,0,LOW,-777.1061542999511,1.1725791053041945,0.7940770907661445
33.40232917430057,1333.2260408247082,10.877694023769834,98.2950979939886,1204.0119803687476,1312.5963339092236,0,MEDIUM,920.9720073907832,-1.7049020060113946,-1.8901638820688689
34.10215634034131,2634.0697699162088,39.205176227713196,95.46450906155498,2731.7780003520866,2672.0367128942494,0,HIGH,1300.8437290915006,-2.8305889324336277,0.6998271660407411
35.320199255313895,606.1670875719801,212.75657284294022,99.85782858520095,567.3104699789217,660.2015725450076,1,HIGH,-2027.9026823442287,4.393319523645971,1.2180429149725853
34.138376943164175,1860.3004188724753,278.85390717780666,96.39323088071122,1809.6813745873142,1999.9357911338261,1,HIGH,1254.1333313004952,-3.4645977044897336,-1.1818223121497198
34.0826635835687,1480.426992695864,196.9380495680699,98.34443631919986,1582.426359778339,1665.9269403892185,1,HIGH,-379.87342617661125,1.9512054384886426,-0.05571335959547241
34.5760162276288,933.1178105162584,297.48145625860934,96.82353130693919,976.66352329645,1109.1598000585873,1,HIGH,-547.3091821796057,-1.5209050122606698,0.4933526440600957
35.07409433274341,1997.728397397263,17.727708196356627,97.40438869373695,2147.3871358977617,1809.4020567833873,0,MEDIUM,1064.6105868810046,0.58085738679776,0.49807810511460815
35.066535099104335,1031.3823141927312,236.08869135520607,96.56636487067732,958.3582344939584,1145.8007849714147,1,HIGH,-966.3460832045319,-0.8380238230596291,-0.007559233639071294
33.87082040430177,2366.227063731874,42.97842678869076,95.36603508032958,2344.527904475892,2214.4802284814177,0,MEDIUM,1334.8447495391426,-1.2003297903477375,-1.195714694802568
32.65802424994142,2575.684323834288,296.91392198327486,97.52123796426349,2501.8284216410616,2781.872993946119,1,HIGH,209.45726010241424,2.15520288393391,-1.2127961543603476
34.5465767351078,976.2288743919025,93.25374542785865,97.08739654649098,898.5174845779696,975.6707628778424,0,MEDIUM,-1599.4554494423855,-0.4338414177725127,1.8885524851663789
35.09514962708494,0.0,234.07048760451607,96.77126765061143,198.55035064692035,240.30640165807856,1,HIGH,-976.2288743919025,-0.31612889587954385,0.5485728919771446
33.148455620767294,514.5213850518599,136.62738132838803,100.0,499.6241560818135,362.9506978808446,1,MEDIUM,514.5213850518599,3.228732349388565,-1.9466940063176494
33.19094738094379,898.7780899168876,217.84946913218656,96.54314244748812,800.0171579593159,943.943158992902,1,HIGH,384.2567048650277,-3.4568575525118774,0.04249176017649603
34.841886478491496,785.6636480119201,37.17694627031376,98.75449218785275,628.5166878772516,965.9428000919312,0,LOW,-113.1144419049674,2.211349740364625,1.650939097547706
32.87327615062718,1300.296074132733,5.409791675971544,98.57227741226782,1556.93990815683,1152.9182201298283,0,MEDIUM,514.632426120813,-0.18221477558492438,-1.9686103278643188
33.825840711738905,1542.256732972716,124.21178140649857,95.54736804507537,1677.7324210398642,1866.911937315952,1,MEDIUM,241.9606588399829,-3.02490936719245,0.9525645611117284
34.62970679178431,1665.0758839041514,31.42042051511958,97.45334970166674,1557.8407538142112,1681.8947738664003,0,MEDIUM,122.81915093143539,1.905981656591365,0.8038660800454025
35.02840720552583,1564.8397266578147,260.9422817298907,97.71498190559782,1516.0320852734326,1644.1763542852705,1,HIGH,-100.23615724633669,0.2616322039310859,0.39870041374152265
34.35313508560925,1235.974071503639,56.3476216374011,99.7267508291177,1166.6152473632126,1265.0630357595353,0,MEDIUM,-328.8656551541758,2.011768923519881,-0.6752721199165777
34.712614242947694,274.7213323254559,212.29219716705893,97.32585750254096,93.94179596601651,327.0904909025215,1,HIGH,-961.252739178183,-2.4008933265767496,0.35947915733844127
34.54571167932353,368.8241762817974,285.3772126977063,97.79777047090111,293.46776838520907,566.228327692522,1,HIGH,94.10284395634153,0.47191296836015795,-0.16690256362416278
33.748757497562195,311.0593098503615,197.2028065424693,98.91718329284693,365.00060986215254,444.39567788050226,1,HIGH,-57.764866431435905,1.119412821945815,-0.7969541817613361
35.00511170035101,1037.4316213251548,247.01529796039574,97.37383089861315,925.5660386322988,1006.7349165212106,1,HIGH,726.3723114747933,-1.5433523942337786,1.2563542027888133
34.610239728328565,2180.1876870943993,102.92002406202825,96.85135459653362,1969.4232845585348,2058.0529916217815,0,MEDIUM,1142.7560657692445,-0.5224763020795251,-0.3948719720224432
33.605669748993314,376.7028952419114,0.0,98.09385209572638,412.92880740692766,356.38693105251895,0,LOW,-1803.484791852488,1.2424974991927513,-1.0045699793352512
33.97137250559674,1034.129910841505,59.42014517476901,98.67162657041125,1064.3716536405368,1071.0359983839414,0,LOW,657.4270155995937,0.5777744746848725,0.3657027566034259
34.70074052830159,1844.5897837518598,265.6078157736594,99.20680992455304,1965.0873139076934,1727.5670993592025,1,HIGH,810.4598729103548,0.5351833541417932,0.7293680227048469
34.469906800089994,1473.3101255457786,143.8662902836721,98.79175686380559,1636.2249966054098,1332.4705102887576,1,MEDIUM,-371.2796582060812,-0.41505306074745363,-0.23083372821159287
35.157497823420684,1602.3122071076161,269.57352880972695,98.0163927613109,1686.2514862717203,1440.4988698058282,1,HIGH,129.00208156183749,-0.7753641024946916,0.6875910233306897
35.91185143828207,1158.9005280372896,58.44062847602065,99.29209581535588,994.3349791099741,1255.981770232955,0,LOW,-443.4116790703265,1.2757030540449819,0.7543536148613867
35.34361098560114,2226.1036718167593,276.68901302330846,98.31751160742898,2355.0004534876252,2325.0648813751327,1,HIGH,1067.2031437794697,-0.9745842079268954,-0.5682404526809322
34.578937814412,1343.6204825770824,263.1293414976009,95.25495825410948,1306.4029190242247,1345.676191487806,1,HIGH,-882.4831892396769,-3.062553353319501,-0.7646731711891377
33.429656302679426,819.7392275584335,29.779005240317304,98.51470893714931,870.083206400766,782.2108995558342,0,LOW,-523.8812550186489,3.259750683039826,-1.1492815117325748
34.71612555301842,3215.3358243518296,221.3476366539688,98.12739321136195,3181.0613610344612,2936.007017231158,1,HIGH,2395.596596793396,-0.38731572578736007,1.286469250338996
35.332841205662106,1615.3015026681264,192.49819049034105,97.81538915549886,1437.326454352619,1764.7673908023087,1,HIGH,-1600.0343216837032,-0.3120040558630848,0.6167156526436841
34.40609079402275,1341.1995860250413,172.0129719635885,98.47713585016947,1525.458888895112,1429.8935664053547,1,MEDIUM,-274.10191664308513,0.6617466946706116,-0.9267504116393539
34.18493616974948,2111.5057151051674,246.94753828595736,98.16633940747667,2243.728704783663,1908.6456018453764,1,HIGH,770.3061290801261,-0.31079644269280493,-0.22115462427327515
33.692565120689494,2482.934577156263,123.08498500861194,98.77028285083811,2604.3765244804363,2247.08820393926,1,MEDIUM,371.4288620510956,0.6039434433614446,-0.4923710490599831
34.20660289434734,365.71906260768884,262.41480191895243,98.54722429806036,321.476601049036,343.32423863502265,1,HIGH,-2117.215514548574,-0.22305855277775777,0.5140377736578472
32.895282233772505,2613.3106187545145,91.1113170868372,98.43619854672357,2701.0113549299863,2700.2831752837565,0,HIGH,2247.5915561468255,-0.11102575133678272,-1.311320660574836
35.41331001914015,3034.5878218820417,112.83289328005067,96.4110834566329,3080.4988836488333,2811.9715135979473,0,HIGH,421.2772031275272,-2.0251150900906794,2.518027785367643
34.219654332791926,1538.3877751572527,83.63716129862866,97.94825326453227,1485.3950806377716,1615.492602618438,0,MEDIUM,-1496.200046724789,1.5371698078993745,-1.1936556863482224
33.54003535939473,1904.190829169153,201.74041319323877,99.10401446509516,1950.8923228459998,1780.4176710827312,1,HIGH,365.80305401190026,1.1557612005628926,-0.6796189733971971
35.289866750432424,1108.3894941606536,160.9086902914513,100.0,1305.3273906990098,1175.9084569662955,1,MEDIUM,-795.8013350084993,0.8959855349048382,1.749831391037695
33.998902735598094,922.5860818977156,200.23711505149154,99.21906591525766,899.0065176312906,810.1764109615591,1,HIGH,-185.80341226293797,-0.7809340847423414,-1.29096401483433
34.18881508968756,1860.2805961739914,153.90448373299463,96.5518892913783,1732.44948403657,1922.929514962243,1,MEDIUM,937.6945142762758,-2.6671766238793566,0.18991235408946494
35.04909782194886,412.8297712970218,50.45069287692174,100.0,412.32433071435895,499.68775523271955,0,LOW,-1447.4508248769696,3.448110708621698,0.8602827322613038
33.53736502088854,2183.5109628397277,7.672810788737646,98.94974227336648,2253.782225470036,2100.336462122881,0,MEDIUM,1770.6811915427058,-1.050257726633518,-1.511732801060326
33.72382119904139,1141.314207223009,114.14474219191969,96.67832728642423,871.8942400281642,1195.5549117911942,0,MEDIUM,-1042.1967556167187,-2.271414986942247,0.1864561781528522
35.13408353655035,2020.2218069468163,95.23934196421345,98.44070611835691,2005.7217410467983,1986.826714487598,0,MEDIUM,878.9075997238074,1.7623788319326792,1.4102623375089607
35.2459528512695,43.61605654408043,211.28785678334427,98.64386476314766,160.73856662911254,82.02735328855188,1,HIGH,-1976.6057504027358,0.2031586447907472,0.11186931471915074
33.36661760708823,1181.1226581934034,224.287510485421,97.17263111608247,1144.9111722134503,1127.5455073031007,1,HIGH,1137.5066016493229,-1.4712336470651906,-1.87933524418127
33.40556535190893,2201.784517143624,185.92405469426714,97.00741483650988,2202.111473400006,2409.5983095009183,1,HIGH,1020.6618589502204,-0.16521627957259,0.03894774482070318
34.2531621700385,2478.124690005656,66.2952115218531,95.88729279062093,2494.3487040917817,2557.3784643548165,0,MEDIUM,276.340172862032,-1.120122045888948,0.847596818129567
33.97915681908235,1380.2760814447895,112.28635674958889,98.12012064459115,1537.737599853699,1433.0402417755347,0,MEDIUM,-1097.8486085608663,2.232827853970221,-0.27400535095615197
34.7118448922758,103.88839924990491,225.01717118484015,99.70084741551904,58.19551768276615,-172.07079892121482,1,HIGH,-1276.3876821948845,1.5807267709278818,0.7326880731934509
34.361880029058995,369.18446353031703,269.413708804755,99.46428601527703,441.28448773000247,435.97095380820303,1,HIGH,265.2960642804121,-0.23656140024201022,-0.34996486321680464
34.85371406556971,2152.315113635893,239.1897284149063,95.9331783616724,2305.583418311383,2209.3729845069806,1,HIGH,1783.1306501055758,-3.5311076536046215,0.491834036510717
35.35096484016865,967.7583595597368,280.785280489944,99.98849603739694,928.2365855531649,1023.83516873627,1,HIGH,-1184.556754076156,4.055317675724538,0.49725077459893896
34.02004777206302,1479.251824170255,223.37419641440997,96.76250432109383,1453.186742537589,1653.7708334729675,1,HIGH,511.49346461051823,-3.2259917163031133,-1.3309170681056273
35.742286029581294,0.0,101.16089373127512,100.0,-140.75039524739068,18.016271083623423,0,MEDIUM,-1479.251824170255,3.2374956789061713,1.7222382575182706
34.3282947539005,1884.6026477363935,166.14483035739624,99.23490562471372,1906.2030909995767,1742.147731713728,1,MEDIUM,1884.6026477363935,-0.7650943752862815,-1.413991275680793
34.219770682345256,2061.0056848987288,274.8573310387843,97.38275118754395,2068.3562174406266,2016.0853030768797,1,HIGH,176.4030371623353,-1.852154437169773,-0.10852407155524446
35.620938679988114,0.0,173.47289634865186,99.23165717719453,-196.8476920267124,0.7773116266382374,1,MEDIUM,-2061.0056848987288,1.8489059896505893,1.4011679976428582
34.8449810992143,3032.5793520068455,227.59335235154236,96.4002311531841,3052.8159922621053,3083.6619858433064,1,HIGH,3032.5793520068455,-2.8314260240104403,-0.775957580773813
33.56470601058419,1924.9386550301147,3.122738980835712,97.09691928497452,1802.640183810014,2082.4466790435217,0,MEDIUM,-1107.6406969767309,0.6966881317904239,-1.2802750886301126
34.45158559070731,2117.90235837547,134.3453850428924,98.45286632252704,2003.7687730985813,2188.2250234932208,1,MEDIUM,192.9637033453555,1.355947037552525,0.8868795801231215
34.717952136433766,1723.489656200527,294.092075991399,97.23250541520129,1776.7659386253115,1801.555917527332,1,HIGH,-394.4127021749432,-1.2203609073257553,0.2663665457264557
33.27710086009608,0.0,240.83449940273542,98.58802872117894,177.74805307845756,47.28575579341703,1,HIGH,-1723.489656200527,1.3555233059776555,-1.440851276337689
34.44796972193187,2805.2283091097024,290.8564015053086,97.13775718511212,2765.161004787576,2965.6166535135467,1,HIGH,2805.2283091097024,-1.450271536066822,1.1708688618357925
35.29112758728473,588.4080066309327,166.6233035340321,99.19352242786503,470.4183340418565,617.769934245824,1,MEDIUM,-2216.82030247877,2.055765242752912,0.8431578653528575
34.466518252569266,2046.3768372161928,118.66825991381195,95.50432665872115,1784.1634184907427,2152.473216460068,0,MEDIUM,1457.96883058526,-3.689195769143879,-0.8246093347154613
34.37159396031949,1101.6287060637928,10.990169606875172,96.36359149972563,1277.989242421951,1184.763294623051,0,LOW,-944.7481311524,0.8592648410044745,-0.09492429224977883
34.89693566762282,2758.705544987322,102.50275299996612,97.18080242895368,2763.8888814436323,2818.127867905482,0,HIGH,1657.076838923529,0.8172109292280538,0.5253417073033333
34.29679857797032,667.0985602616438,34.79425782945316,100.0,544.9681870792124,676.4186288587297,0,LOW,-2091.606984725678,2.819197571046317,-0.6001370896524989
34.26126916707462,1084.1378500297444,153.2543743644586,97.91537069597061,1352.2233225118339,1098.4205481925737,1,MEDIUM,417.0392897681006,-2.0846293040293915,-0.03552941089569828
34.20515172622912,1047.2793642531128,240.9815232452574,99.66074731796591,1281.632219553922,1284.8398059006272,1,HIGH,-36.858485776631596,1.7453766219953053,-0.05611744084550452
34.76369424795406,15.968587445953776,54.95598798852877,96.98026484070512,-20.532317654444235,-117.41822447602907,0,LOW,-1031.310776807159,-2.680482477260796,0.558542521724938
34.71182724489914,818.1432940156244,107.18443421802571,98.60303142118346,1084.5333857113478,771.1990103809369,0,MEDIUM,802.1747065696707,1.6227665804783413,-0.05186700305491598
34.16653222320388,764.5938007076317,56.2273192897681,98.4515377852102,615.3805422656409,821.6096425080125,0,LOW,-53.54949330799275,-0.15149363597325305,-0.5452950216952601
33.46064869518986,4000.0,38.62736423013537,98.70923129048045,3963.155289257467,4001.069769207159,0,HIGH,3235.4061992923685,0.2576935052702396,-0.7058835280140201
32.94697523559254,1447.4508238768406,9.363076734585439,95.99599152527777,1724.404430058558,1372.7256880413784,0,MEDIUM,-2552.5491761231597,-2.7132397652026725,-0.5136734595973209
33.64454331745987,291.3393660039225,161.1313875935691,99.13422818522803,368.1645955481146,300.15854720324796,1,MEDIUM,-1156.111457872918,3.138236659950252,0.6975680818673311
33.73659625450516,2760.6941563830455,252.83936120468343,96.31869883287843,2872.2517698503943,2650.5214514907116,1,HIGH,2469.354790379123,-2.8155293523496,0.09205293704528827
33.175957953757774,1411.1897740544075,280.44520775390777,97.68837756806582,1620.2744416962282,1309.0924955527526,1,HIGH,-1349.504382328638,1.3696787351873922,-0.5606383007473852
33.95343282797289,414.8288070443624,21.871369288684686,99.34497137301724,459.14907528091015,568.313384467348,0,LOW,-996.3609670100451,1.6565938049514273,0.7774748742151161
34.60498965300298,821.3960788587368,179.68938818127918,96.74283118061126,1024.5985522549202,719.0607077374805,1,MEDIUM,406.5672718143744,-2.602140192405983,0.6515568250300916
32.19674972842615,604.3847756117503,16.176641390390163,100.0,649.1009475618836,729.999969397892,0,LOW,-217.01130324698647,3.2571688193887383,-2.408239924576833
34.8061167050149,1408.1763108078721,257.4329562477729,98.91368915879335,1602.313537008882,1474.1284593518283,1,HIGH,803.7915351961218,-1.0863108412066538,2.6093669765887526
33.16011289072279,1016.8923718705397,72.62199638835371,98.9863044165962,982.5485448549589,880.004911797347,0,MEDIUM,-391.28393893733244,0.07261525780285183,-1.6460038142921078
34.98077054195398,713.7852378561495,176.7018174596011,98.97200022222353,594.9440845372933,650.7983744969126,1,MEDIUM,-303.1071340143902,-0.014304194372670054,1.820657651231187
33.7246240943831,969.9482123419273,183.27865661034667,97.97281621367144,927.4005950171099,837.6986895118608,1,HIGH,256.1629744857778,-0.999184008552092,-1.2561464475708775
34.0067839884149,785.0759100131328,24.21325780162725,97.67097111573658,577.8480394510966,1011.6882402376283,0,LOW,-184.8723023287945,-0.3018450979348586,0.28215989403179975
33.154655253788576,1365.9876291192188,72.65992368580454,98.76265579449414,1388.7295254710532,1347.1837106801734,0,MEDIUM,580.911719106086,1.0916846787575594,-0.8521287346263264
34.220932358044,1171.9774193805642,167.5387166980489,97.68695778576358,1107.9794609002167,963.4417601334594,1,MEDIUM,-194.01020973865457,-1.075698008730555,1.0662771042554269
34.806966932221265,2516.02939021994,18.294682047324052,96.21255565809761,2570.0937848269787,2391.1617547905585,0,HIGH,1344.0519708393758,-1.474402127665968,0.5860345741772619
34.07304395592426,3374.4474793129607,242.74753381073754,96.51865448381079,3650.490643830341,3550.1711315406146,1,HIGH,858.4180890930206,0.30609882571317826,-0.7339229762970021
34.23059749640112,1900.0124888664047,284.0637689452585,94.70083919455897,1990.5818268754167,2128.3474759292876,1,HIGH,-1474.434990446556,-1.8178152892518256,0.15755354047685444
34.70446037354231,2566.4313221033167,143.0289239228221,97.96560387429,2632.436225031906,2428.306611700595,1,HIGH,666.418833236912,3.26476467973103,0.4738628771411939
33.455399192463425,3957.2741127153204,112.5474500316129,96.80831251414864,4023.126217303315,4022.4789407070743,0,HIGH,1390.8427906120037,-1.1572913601413575,-1.2490611810788863
34.117063490357644,925.1822445291654,137.68224212147328,98.13714908888814,857.9072177458662,776.7334361524532,1,MEDIUM,-3032.091868186155,1.3288365747394977,0.6616642978942195
34.40696366613319,895.5549922327713,213.51814839424986,98.08809601634984,792.8318062773413,839.9574594927171,1,HIGH,-29.62725229639409,-0.0490530725382996,0.28990017577554283
34.05105428863803,1463.320555548077,177.4123206193994,96.42427099580016,1485.4363504310747,1433.3442203022569,1,MEDIUM,567.7655633153057,-1.6638250205496803,-0.35590937749515916
33.24959010139986,1837.6364401706614,105.76092096398524,99.62616452802578,2064.4983950960655,2026.0511586543716,0,MEDIUM,374.31588462258446,3.2018935322256254,-0.8014641872381674
33.73059830453027,1202.9844742362745,198.89225580436414,97.78693673763729,1285.0992050829893,1215.7310592913782,1,HIGH,-634.6519659343869,-1.8392277903884917,0.4810082031304077
34.22301743964338,818.1235707843637,106.07633056097308,98.51897003229787,738.9470775876313,961.0743823282779,0,MEDIUM,-384.8609034519109,0.7320332946605816,0.49241913511311
35.29068792486974,1004.0923332524778,282.7252272170547,97.74460418871232,943.7083347513843,893.5700085836622,1,HIGH,185.96876246811416,-0.7743658435855565,1.0676704852263583
34.76229151413386,1151.0682223391561,222.836685336034,99.75176796818258,1386.320184845197,1096.0535069949187,1,HIGH,146.9758890866783,2.007163779470261,-0.5283964107358798
33.47711854851837,550.6935348785581,270.511493440585,99.15058153929711,599.9976332374688,523.3930258657621,1,HIGH,-600.374687460598,-0.6011864288854696,-1.2851729656154873
35.2392556297982,1479.4787328583136,116.11459029028076,97.71860717708707,1250.7956790329015,1681.3086522512474,0,MEDIUM,928.7851979797555,-1.4319743622100418,1.7621370812798318
34.08419125483885,1192.1337541205523,160.338687437849,97.2755771019958,1425.7384697153461,1141.496201289449,1,MEDIUM,-287.34497873776127,-0.4430300750912721,-1.1550643749593519
33.93042379625809,576.6745857182666,8.558513295667188,97.7257218048937,468.3139266143623,707.3372901833374,0,LOW,-615.4591684022857,0.45014470289790154,-0.15376745858075935
34.12404807065938,381.3557448377811,252.10867055387865,98.71566576147384,386.65862743453334,326.7718396754642,1,HIGH,-195.31884088048548,0.9899439565801487,0.19362427440128727
34.123941371776084,827.3464402719076,262.7732389988325,99.38163834382031,568.5269948637296,669.7355670609094,1,HIGH,445.99069543412645,0.6659725823464697,-0.000106698883293177
35.14940265821799,2507.711581018963,1.7039582489240916,95.68074972080645,2605.8023163028515,2330.6656694718085,0,HIGH,1680.3651407470554,-3.700888623013867,1.025461286441903
33.273968824701065,3639.246215041764,252.2905681200814,94.47970364553852,3772.913780308566,3714.9520706639373,1,HIGH,1131.5346340228011,-1.201046075267925,-1.8754338335169223
33.983225004130276,2527.9659480489113,164.97630406713327,95.27036295832268,2412.1687199232915,2490.746335195053,1,HIGH,-1111.2802669928528,0.7906593127841575,0.7092561794292109
33.54348212102931,873.9587727072814,128.27280606384676,97.79616719716175,870.2558986993607,903.8992772551295,1,MEDIUM,-1654.00717534163,2.525804238839072,-0.4397428831009691
34.49960732681074,2746.6484605017636,297.0886996381029,96.99048635856408,2724.921449269116,2634.785874397309,1,HIGH,1872.6896877944823,-0.8056808385976666,0.9561252057814329
34.014633208030034,1786.1715666452205,35.52228771132988,95.97252448356103,1760.8073393769353,1874.3292290364282,0,MEDIUM,-960.476893856543,-1.0179618750030528,-0.4849741187807055
34.656023592428824,1023.943589042184,239.48282395241478,98.4706894728124,959.2788943416344,1064.1543825456044,1,HIGH,-762.2279776030365,2.4981649892513644,0.6413903843987896
35.02382085852717,1635.8518223828792,132.5595018418888,98.0649641561153,1802.6522635965514,1637.3782909038493,1,MEDIUM,611.9082333406951,-0.4057253166971009,0.36779726609834995
33.79754169906387,1574.1198605562174,182.31609856584294,98.04666300378734,1470.1193501627538,1529.347485197704,1,HIGH,-61.731961826661745,-0.018301152327950376,-1.226279159463303
35.224770590184924,1122.6934599312922,168.01569537732288,99.04720376793578,1075.0660014541575,1252.781068958476,1,MEDIUM,-451.42640062492524,1.0005407641484396,1.4272288911210538
34.46056943597374,2422.609802950847,71.12768863853526,94.71726655739813,2583.0390823755197,2422.7437396325763,0,MEDIUM,1299.916343019555,-4.329937210537651,-0.764201154211186
33.39078816386291,2925.6212109399657,227.39150545873775,95.5502450428373,2835.004305331427,3344.1969243837434,1,HIGH,503.01140798911865,0.8329784854391704,-1.0697812721108306
34.37909204649594,1559.2708013426143,283.1636453587488,98.19603492849886,1553.834512750951,1570.540525890636,1,HIGH,-1366.3504095973515,2.645789885661557,0.9883038826330335
35.19486260218211,664.8261625967231,105.02593205440763,98.1949613932072,580.5954257170229,839.1810734718166,0,MEDIUM,-894.4446387458912,-0.0010735352916668717,0.8157705556861714
33.35927517610196,397.54867454449936,280.99228778749216,99.29534059515191,541.9867963286953,353.2374762961881,1,HIGH,-267.2774880522237,1.100379201944719,-1.8355874260801528
32.860456195694944,1014.1048329604452,68.29108730176414,96.99299713755717,820.5278627691262,716.0162927266547,0,MEDIUM,616.5561584159458,-2.302343457594745,-0.498818980407016
33.908175695601095,821.169379957447,11.916416279271369,97.33682182051977,1053.7955600791756,729.6712777219758,0,LOW,-192.9354530029982,0.34382468296260527,1.047719499906151
35.217808393086536,2539.1409969288748,24.714282578561505,95.29316309210398,2435.0407182991507,2411.815793512311,0,HIGH,1717.971616971428,-2.0436587284157923,1.3096326974854406
35.39956025111596,1509.0367398060937,61.0256273992782,97.40873191538124,1594.9724133718234,1486.1279803458945,0,MEDIUM,-1030.104257122781,2.1155688232772576,0.18175185802942195
34.73969889667863,2392.745800007994,271.3404477675783,97.89017637898789,2320.2102960348184,2096.499485284942,1,HIGH,883.7090602019005,0.4814444636066497,-0.6598613544373251
33.058982224470746,2276.3656960724675,167.77597405786415,96.48599558813375,2299.502308198207,2443.3861975780346,1,MEDIUM,-116.38010393552668,-1.4041807908541415,-1.6807166722078861
34.6206911521029,3263.242064913145,18.285759610731883,96.47602468564203,3404.7449335961855,3287.1798656451374,0,HIGH,986.8763688406775,-0.00997090249171606,1.5617089276321536
33.88957933493995,0.0,186.61711460803602,99.2709246374733,-273.44256657544213,179.1482233873705,1,HIGH,-3263.242064913145,2.794899951831269,-0.7311118171629474
33.87837752543039,1951.1099130308119,19.12172455700521,96.78272215699599,1904.0447691109243,1961.131253484341,0,MEDIUM,1951.1099130308119,-2.4882024804773124,-0.011201809509564953
34.746219305975046,1972.4212761162446,234.89246965550228,96.7846913981292,1931.7635934338687,2089.9265625501553,1,HIGH,21.31136308543273,0.0019692411332101756,0.8678417805446585
34.288915605841076,312.6688293695407,66.45406274884004,100.0,328.7502970617591,355.8129507919047,0,MEDIUM,-1659.752446746704,3.2153086018708024,-0.4573037001339699
34.66898211860161,1370.60670558107,91.64967026414854,98.09199200827224,1454.7049089244776,1448.0603860288454,0,MEDIUM,1057.9378762115293,-1.9080079917277573,0.3800665127605356
34.38382983976843,849.8484643221609,217.01647816138916,100.0,964.7846374324923,892.8651773173935,1,HIGH,-520.758241258909,1.9080079917277573,-0.2851522788331806
32.37119235998352,2689.147853570309,266.63847755715267,95.69886636939641,2804.2000484506966,2642.4604264468617,1,HIGH,1839.2993892481481,-4.301133630603587,-2.012637479784914
34.66235403234534,2526.8642675465726,211.8962931091317,95.333935152288,2628.7374375294603,2446.1031786635513,1,HIGH,-162.28358602373646,-0.36493121710840626,2.2911616723618238
34.65548865417278,3368.5645298857426,198.01595348543214,96.54764934307819,3207.6155550699914,3358.4162734143156,1,HIGH,841.70026233917,1.213714190790185,-0.0068653781725629415
33.334068116985584,2035.9392823023347,161.9730246082891,97.92215503678464,2109.0072951937836,1798.8892818834588,1,MEDIUM,-1332.6252475834078,1.3745056937064533,-1.321420537187194
34.10055080327542,2752.1735214617784,168.8920072231504,96.58766328780764,2442.4951343913704,2691.550058594433,1,HIGH,716.2342391594436,-1.3344917489770012,0.7664826862898337
35.06974694103359,2005.7248130805947,242.73945300908557,97.42264910361959,1925.6251093990927,1862.4145163344756,1,HIGH,-746.4487083811837,0.8349858158119474,0.9691961377581748
34.53062053564128,1504.682994250358,295.28712086381125,97.38503318906197,1541.927919129708,1588.70230871307,1,HIGH,-501.0418188302367,-0.03761591455761959,-0.5391264053923095
34.645157119452,1621.5048150564853,226.99517972752585,96.72908132502843,1600.9895385497007,1679.1659831819418,1,HIGH,116.82182080612733,-0.6559518640335398,0.11453658381071818
34.62172504608037,2073.033497127631,151.71885149959857,97.75079521515613,2015.4753856712432,1910.091271284749,1,MEDIUM,451.5286820711458,1.0217138901276996,-0.023432073371630224
33.92447940356491,1240.769407959402,218.40944912498,96.55785656124196,1291.3766588046342,1459.4234969847873,1,HIGH,-832.264089168229,-1.1929386539141689,-0.6972456425154618
34.778224503216215,1996.959468799901,72.52443356818476,97.13333119627437,1973.6875371275235,1817.794113869273,0,MEDIUM,756.190060840499,0.5754746350324069,0.8537450996513058
33.95261249753467,156.53826217178658,102.87197213517106,98.98619581726679,85.13699459403647,229.47281187765316,0,MEDIUM,-1840.4212066281145,1.8528646209924204,-0.8256120056815419
34.199467501598015,168.1328539940484,279.1279559380368,98.07895868867736,207.38786838558127,366.52066469447567,1,HIGH,11.594591822261805,-0.9072371285894292,0.2468550040633417
33.41283061125146,1891.367997946602,23.19778093967313,97.05386148723676,1896.2710109317238,1746.2247710120334,0,MEDIUM,1723.2351439525535,-1.0250972014406017,-0.786636890346557
33.55801860935447,2680.1217895470254,143.90037030439797,97.07799843639347,2734.974823801776,2603.008629688736,1,HIGH,788.7537916004235,0.024136949156712717,0.14518799810301175
35.154333816638996,0.0,31.45028299094879,99.56676694398513,-132.5234725970092,-30.378823274619062,0,LOW,-2680.1217895470254,2.488768507591658,1.5963152072845261
35.556153145922586,1452.7282126489774,38.389799519476426,97.25398788877847,1296.8341900686125,1336.4009783923368,0,MEDIUM,1452.7282126489774,-2.3127790552066614,0.4018193292835903
33.82291478146349,585.1147989094004,170.14327927647452,98.54981035010913,549.2249104516983,597.1439423034949,1,MEDIUM,-867.613413739577,1.2958224613306584,-1.7332383644590976
34.11941642370822,1424.681224042681,138.3818620011451,97.9551052446574,1460.3717027878577,1542.676592764072,1,MEDIUM,839.5664251332805,-0.5947051054517232,0.29650164224473485
34.659357274752814,1394.8657112760231,259.70811994182077,97.94243719188296,1374.2547470506452,1302.883674868417,1,HIGH,-29.815512766657776,-0.01266805277444405,0.5399408510445909
33.91815081365767,1886.2369696698881,118.40498816181945,97.12872325949488,1772.3718001775972,1854.354159005146,0,MEDIUM,491.371258393865,-0.8137139323880831,-0.7412064610951461
33.72957454187906,1331.5773497956366,64.08043004238861,98.23316941222988,1510.8424431333872,1406.3785209132004,0,MEDIUM,-554.6596198742516,1.104446152735008,-0.18857627177860792
35.57407939043534,2820.9764948015695,18.579977696556607,97.26419108959256,2676.5224483001048,2798.170464739196,0,HIGH,1489.399145005933,-0.9689783226373265,1.8445048485562765
35.078704410982596,556.33976682146,217.8305452765493,99.01814484517575,608.9500998427152,637.7809558260639,1,HIGH,-2264.6367279801098,1.753953755583197,-0.4953749794527411
34.019178689340734,558.9493570148364,84.2452175147943,98.34135799686983,561.808485993176,561.0312907365084,0,MEDIUM,2.609590193376448,-0.6767868483059232,-1.0595257216418617
35.61735946173929,0.0,246.62718176697615,97.6549613364486,148.5114260808761,16.24110412475838,1,HIGH,-558.9493570148364,-0.6863966604212379,1.5981807723985568
33.504584468685195,0.0,41.50627138784964,98.52521225116931,-14.361813961537074,-243.00672257202538,0,LOW,0.0,0.8702509147207138,-2.1127749930540958
33.39637473221902,3107.0578949425185,234.99748129407098,97.44143724231908,3033.895275427636,3375.818009632129,1,HIGH,3107.0578949425185,-1.0837750088502247,-0.10820973646617205
33.801345900012805,679.1381897154092,38.58187629263269,98.86634794786227,656.2778863724293,955.9453827762292,0,LOW,-2427.9197052271093,1.4249107055431836,0.40497116779378217
34.59311071624393,1017.3646642594402,97.21060840119694,97.73078657091857,1119.6968326150195,993.884795533363,0,MEDIUM,338.226474544031,-1.1355613769436985,0.7917648162311224
33.20937647866205,2958.1995977824604,84.92885101511115,95.3164910493141,2883.1241736835077,3034.399490915006,0,HIGH,1940.83493352302,-2.4142955216044726,-1.3837342375818764
34.636416243695464,1135.1731132887996,132.70527336432215,98.6376990244254,1189.7225671746048,1184.0392806744026,1,MEDIUM,-1823.0264844936607,3.3212079751113066,1.4270397650334132
34.67478726233137,1894.601726661781,299.6639111488126,98.031661450728,2015.3973909694223,2010.8454549557196,1,HIGH,759.4286133729813,-0.6060375736974066,0.03837101863590675
34.115992933111784,183.39587164788264,283.4553587294917,98.75558246052408,33.30556539840626,297.31136631875495,1,HIGH,-1711.2058550138984,0.7239210097960864,-0.5587943292195874
34.657591914945236,841.153678333386,139.5763792406528,97.41088038146049,952.9245374936062,808.0174243143481,1,MEDIUM,657.7578066855033,-1.3447020790635946,0.5415989818334523
32.835519856378326,1320.500176775731,159.82885530032226,97.51689208397028,1150.9508461030532,1224.4325868635403,1,MEDIUM,479.346498442345,0.10601170250978953,-1.82207205856691
34.60295760876861,1585.447339838921,21.914826169426966,98.48476109691846,1470.1857415565275,1745.9947559321085,0,MEDIUM,264.9471630631899,0.9678690129481851,1.7674377523902862
34.110278190111096,1438.1145088797284,91.72604849615898,96.22307091290271,1235.3637606776826,1484.554711886104,0,MEDIUM,-147.3328309591925,-2.261690184015748,-0.4926794186575165
34.089240447426235,1575.0630673287721,180.24409331670824,97.3453284807853,1454.7822238672816,1568.464673112223,1,HIGH,136.94855844904373,1.1222575678825848,-0.021037742684860916
34.27371489223715,1078.894781290292,109.47335518753626,98.74646747239838,1218.1399627211986,1151.868545920492,0,MEDIUM,-496.1682860384801,1.401138991613081,0.1844744448109168
35.53898260356789,1203.3140501554042,269.77890852007124,99.05178032182383,1089.941252635038,1303.2328684520674,1,HIGH,124.41926886511214,0.305312849425448,1.2652677113307362
34.90229755839888,1551.8078244524174,120.0484972881851,97.94551189770391,1457.387006454575,1437.600945174762,1,MEDIUM,348.49377429701326,-1.1062684241199179,-0.6366850451690098
34.396356552458144,282.37242064994564,84.6013649151259,99.46493650329784,160.55868398723223,345.61322684303667,0,MEDIUM,-1269.4354038024717,1.519424605593926,-0.5059410059407341
34.67813964040071,1452.5905110462534,105.33792971220764,97.75271538305184,1398.8932667449747,1583.7321589884853,0,MEDIUM,1170.2180903963076,-1.7122211202459994,0.28178308794256424
33.92726289117173,2724.271174877792,216.09254033585205,97.3945497916073,2731.6508297512787,2644.775043907168,1,HIGH,1271.6806638315386,-0.3581655914445321,-0.7508767492289792
34.51772998876047,847.9531674528479,190.64270236803105,98.27746293712532,741.4956891342838,882.678718757937,1,HIGH,-1876.318007424944,0.8829131455180175,0.5904670975887427
35.4005628048386,1147.3934521353838,213.11636858434184,99.37028189729445,1117.9964283553306,1174.7115468524912,1,HIGH,299.4402846825359,1.0928189601691258,0.8828328160781282
33.57969271360316,1081.3774902056641,62.96853859632839,98.4449563806353,942.3239361533922,930.5318305062002,0,MEDIUM,-66.01596192971965,-0.925325516659143,-1.8208700912354416
34.72752931358012,1022.927553599854,151.58452298412146,99.37990525288683,1109.9032276336293,1013.4673553823734,1,MEDIUM,-58.44993660581008,0.9349488722515247,1.1478365999769622
33.87346593697084,2058.3084430957856,23.596100728946904,95.46642721422619,2144.312774056356,2118.2753908031214,0,MEDIUM,1035.3808894959316,-3.9134780386606423,-0.8540633766092824
34.48560708501196,0.0,0.0,98.61936119817932,-161.9186230885952,43.60532894930371,0,LOW,-2058.3084430957856,3.152933983953133,0.6121411480411183
34.951244599817045,1250.8347019861037,106.16303764563348,99.61510403852444,1244.9575101568344,1375.7018303832922,0,MEDIUM,1250.8347019861037,0.9957428403451161,0.4656375148050884
33.68563111197969,1642.9462207827355,52.527735763358,94.8144817322421,1724.0420763329084,1530.8715571814741,0,MEDIUM,392.1115187966318,-4.800622306282335,-1.2656134878373564
34.32468648151942,2174.0560106563557,271.3080844419395,97.89011330959706,2039.3989908096023,2199.8920109564147,1,HIGH,531.1097898736202,3.0756315773549545,0.639055369539733
34.05574330179777,1032.5155375744753,79.07002729544568,97.23924227494811,995.3037761476456,958.1774559803896,0,MEDIUM,-1141.5404730818805,-0.6508710346489437,-0.2689431797216528
34.36872484519306,1621.2137265246215,33.20882707627225,97.06902107823859,1503.8646058115105,1545.6689308061652,0,MEDIUM,588.6981889501462,-0.17022119670951952,0.3129815433952885
35.14661362600599,0.0,68.56645246095026,97.58611845535108,-128.05918760378418,1.7765708700171423,0,MEDIUM,-1621.2137265246215,0.517097377112492,0.7778887808129298
32.66867210756633,552.815204027017,85.53498742844658,99.39070032820275,557.9603086800553,372.2454342635441,0,MEDIUM,552.815204027017,1.8045818728516707,-2.477941518439657
34.94772975274875,811.5213337094199,33.24808365381639,97.34397849190347,927.6166141908755,802.1788471548725,0,LOW,258.7061296824029,-2.046721836299284,2.2790576451824194
33.485201841695286,821.8935686648052,242.579107981546,99.85544459403087,814.5511504935195,722.6328355382916,1,HIGH,10.372234955385352,2.5114661021274003,-1.4625279110534635
34.54555252135568,718.256890996345,102.85247777601256,98.82562978112139,634.5549994493109,853.9365684914452,0,MEDIUM,-103.63667766846027,-1.0298148129094784,1.0603506796603952
34.93723912049373,1498.5370499634932,158.77173144477956,97.74750379430606,1623.2745664347394,1457.6893743832431,1,MEDIUM,780.2801589671483,-1.078125986815337,0.3916865991380476
35.25801471862168,430.988249288132,270.88743557341644,96.93219861045418,299.384143358868,635.7848008861961,1,HIGH,-1067.5488006753612,-0.8153051838518763,0.32077559812795187
34.28091482300549,1223.2353203505174,161.36376994021066,98.70099018434972,1219.0219553666113,1225.3360614984263,1,MEDIUM,792.2470710623854,1.768791573895541,-0.9770998956161918
34.735325019342795,254.46161838281824,105.31145082815826,98.73583148769127,385.68020501507027,381.47186050689,0,MEDIUM,-968.7737019676993,0.03484130334155111,0.4544101963373066
34.75223357745742,978.6672389523287,21.148784547624835,97.09636509911438,917.6407152154076,904.5738118600638,0,LOW,724.2056205695105,-1.639466388576892,0.016908558114621997
34.704205596280666,2230.1878736277913,63.474164515625255,98.40519253221824,2170.2371127630395,2121.7201904314843,0,MEDIUM,1251.5206346754626,1.3088274331038576,-0.048027981176751666
34.08769075681191,2273.5369556929636,250.6577422169687,99.16593063277641,2177.817136580222,2345.326800089497,1,HIGH,43.3490820651723,0.7607381005581715,-0.6165148394687563
34.81310772991935,1288.2914971864884,213.72189633184743,97.86019550370402,1370.7079550437986,1432.5550142074837,1,HIGH,-985.2454585064752,-1.3057351290723886,0.7254169731074427
33.812767072903846,1365.8027768541263,124.11186339461229,99.41805101158654,1160.911364941163,1393.5360806525653,1,MEDIUM,77.51127966763784,1.5578555078825218,-1.0003406570155065
34.1641031065275,0.0,287.5670547205294,99.92050645191516,86.46166895872558,-311.7156463488928,1,HIGH,-1365.8027768541263,0.5024554403286174,0.35133603362365307
35.02718486997193,1129.8416861467804,199.84731673143327,97.93910668292246,1045.0245162894314,1310.7889370150422,1,HIGH,1129.8416861467804,-1.981399768992702,0.8630817634444341
34.75850246282747,342.6438120403375,197.56300544715293,96.97162141450828,164.6843059579044,400.0602362356363,1,HIGH,-787.1978741064429,-0.9674852684141797,-0.26868240714446046
34.78067699047785,1016.0105460905246,167.14480978560377,97.88114197987402,971.0369040603987,1075.849251337401,1,MEDIUM,673.3667340501871,0.9095205653657388,0.022174527650378195
34.927048172272606,1440.793481843181,44.10824182903665,98.03556709058219,1652.2749789191087,1453.0084898121663,0,MEDIUM,424.7829357526565,0.15442511070817488,0.1463711817947555
34.44210039916163,1393.895644412187,153.99597671155468,96.14952723893921,1396.0269180228174,1445.13237689648,1,MEDIUM,-46.89783743099406,-1.8860398516429768,-0.48494777311097437
34.5534106491593,0.0,70.51903217940365,100.0,-113.08860617027909,25.20238626665483,0,MEDIUM,-1393.895644412187,3.850472761060786,0.11131024999766481
34.26372019120107,0.0,166.9122289379547,98.67602055855642,-59.620524375002674,100.24445915221375,1,MEDIUM,0.0,-1.3239794414435835,-0.2896904579582298
35.52073392024969,2938.7779827681707,264.90657465971964,95.79588860662443,3197.6206134983104,2787.963098722202,1,HIGH,2938.7779827681707,-2.880131951931986,1.257013729048623
34.910394902571916,1663.8615887563838,76.37560171355189,95.49912667515694,1677.990477812379,1813.4009622766062,0,MEDIUM,-1274.916394011787,-0.2967619314674863,-0.6103390176777737
33.45356145567179,2841.9226562616395,146.8035803096703,97.23800012144511,2894.1580614356662,2847.6626871742924,1,HIGH,1178.0610675052558,1.7388734462881672,-1.4568334469001272
35.16376468670018,370.68024711844225,52.71615505387566,98.39183598341889,343.2425174724828,412.01351401274974,0,LOW,-2471.242409143197,1.153835861973775,1.7102032310283946
35.47554620857113,1645.588974449015,216.66176180299163,95.48648123326291,1583.9433925813428,1459.3226649687392,1,HIGH,1274.9087273305727,-2.905354750155979,0.3117815218709481
34.891111491794796,2178.9822657464406,234.45793935745107,96.7183880593527,2088.0036377076376,2037.7269802986518,1,HIGH,533.3932912974255,1.2319068260897978,-0.584434716776336
33.88420402894482,2179.5691687926,176.07558175781588,94.28616349214943,2127.436366706067,2101.0118670439256,1,MEDIUM,0.5869030461594775,-2.432224567203278,-1.0069074628499735
34.907785616447484,2264.8967185882857,103.18833637744406,94.9469983458424,2036.3522580533313,2366.8356422376223,0,MEDIUM,85.32754979568563,0.6608348536929753,1.0235815875026617
34.261763720945076,1412.0109205967851,111.82738852308138,98.0313614987147,1292.2922001072052,1405.4333605162276,0,MEDIUM,-852.8857979915006,3.0843631528722995,-0.6460218955024075
33.809194210844396,998.5015447284864,87.05620727287945,97.56788132381703,989.3573642957423,991.6117374178759,0,MEDIUM,-413.5093758682988,-0.46348017489766846,-0.45256951010068036
33.187838964444715,1160.532113897823,71.80887370214161,96.85526887599696,1056.8755821608438,1421.7381066468695,0,MEDIUM,162.03056916933656,-0.7126124478200779,-0.6213552463996805
34.430074566801856,1807.0986419004753,154.29289293912132,97.90575956089559,1731.1961660631987,1899.4907570048513,1,MEDIUM,646.5665280026524,1.0504906848986337,1.242235602357141
34.45909146234043,727.1614895734378,144.46612151986872,98.01858195368557,717.663723441041,535.8421294149813,1,MEDIUM,-1079.9371523270374,0.11282239278997963,0.029016895538575227
33.986362023577364,1404.0207221679445,209.84690878949633,98.65204277621088,1334.9531956586552,1430.7166758009587,1,HIGH,676.8592325945067,0.6334608225253078,-0.47272943876306783
33.16114183223241,428.52294651010885,81.9432242870971,98.83673805233431,421.95513462840654,294.3787690879997,0,MEDIUM,-975.4977756578357,0.18469527612343484,-0.825220191344954
34.108060534804515,624.0433845551586,93.61746142595459,98.57538126232689,512.6096826510212,504.9190158471154,0,MEDIUM,195.52043804504973,-0.26135679000742584,0.9469187025721055
34.42674277390217,193.2803702043423,227.04407293391793,97.90754189336853,136.88404790959058,30.159840266808985,1,HIGH,-430.7630143508163,-0.6678393689583544,0.3186822390976545
34.683744653793156,933.4876592094633,156.29783705607758,98.80110961753135,1035.5364918765433,804.6500608466006,1,MEDIUM,740.2072890051211,0.8935677241628213,0.25700187989098566
35.401933064175225,2536.8305306242532,40.831478262902074,94.94068559490881,2610.1364541605744,2818.682455720675,0,HIGH,1603.34287141479,-3.8604240226225386,0.7181884103820693
35.21225335777107,1521.6703231169138,168.50193723611204,95.7539458382058,1595.1141162604486,1530.2320134871622,1,MEDIUM,-1015.1602075073395,0.8132602432969804,-0.18967970640415643
34.138429572902766,2136.5983540202383,210.67202068213697,98.34840583769646,2335.5702882157943,2059.462138557618,1,HIGH,614.9280309033245,2.5944599994906667,-1.0738237848683028
34.57991072742739,586.3742858389712,76.90673434468218,98.7919164597452,760.5276174698921,502.2934950203059,0,MEDIUM,-1550.224068181267,0.44351062204873415,0.4414811545246238
33.9330727994871,1172.1428531550937,164.7426589799326,96.09847146356198,1287.2825833690015,1067.1050961358874,1,MEDIUM,585.7685673161225,-2.693444996183217,-0.6468379279402896
33.78217347728233,324.4611644067479,178.8638965818693,99.70468627343816,104.03302978646212,563.1441642165705,1,MEDIUM,-847.6816887483458,3.606214809876178,-0.1508993222047721
34.416566731218204,2936.0084648028196,113.08748632799187,96.23117462846758,2706.035588950649,2995.2651545279687,0,HIGH,2611.5473003960715,-3.4735116449705714,0.6343932539358761
34.239137063162886,1862.891251260297,76.61277799931703,99.18287540586071,1744.5819197621768,1598.072431395204,0,MEDIUM,-1073.1172135425227,2.9517007773931283,-0.1774296680553178
33.538774635232855,1775.1880296805955,152.52789465559238,98.38486574634459,1556.21724110426,1564.025240191374,1,MEDIUM,-87.70322157970145,-0.7980096595161257,-0.7003624279300311
34.258609773363816,1372.4543512234668,76.66338768440039,98.67255852407555,1464.6557119703732,1439.7071375341936,0,MEDIUM,-402.7336784571287,0.28769277773096746,0.7198351381309607
33.401457214118814,1665.1076099627255,132.10736373722895,95.76554170118169,1472.5200665361563,1895.5916753930912,1,MEDIUM,292.6532587392587,-2.9070168228938655,-0.8571525592450016
33.88352548950019,1122.7220635884826,182.6376231814624,97.24184065160699,1198.44234176371,927.4833406893506,1,HIGH,-542.385546374243,1.4762989504253028,0.48206827538137276
34.328499064277075,1106.7293528446726,276.54683943925306,100.0,1134.8591759447345,1067.1259497621609,1,HIGH,-15.992710743809994,2.758159348393008,0.44497357477688837
34.62663246866641,3336.796489035657,230.0839199798791,96.51162542730982,3325.976947998257,3206.4576913955584,1,HIGH,2230.0671361909845,-3.4883745726901765,0.29813340438933267
33.6147375251021,1731.8591669404052,261.6626971864542,95.87718188889403,1694.6226054189658,1839.325561134026,1,HIGH,-1604.9373220952518,-0.6344435384157947,-1.0118949435643074
34.59055981852933,1751.9255262379827,13.817117445953492,97.20769273969381,1618.4045250746963,1681.580028354334,0,MEDIUM,20.066359297577492,1.330510850799783,0.9758222934272283
33.983358790662116,1234.604178501375,289.45363460752327,96.38327541320996,1050.8125989283649,1106.3854306915473,1,HIGH,-517.3213477366078,-0.8244173264838537,-0.6072010278672124
33.97478799567419,0.0,76.84508375275257,100.0,-36.578140446223074,-244.08792231077476,0,MEDIUM,-1234.604178501375,3.616724586790042,-0.008570794987925012
34.05919247595661,335.77036019543914,231.55571451242415,99.67917362633862,383.694236560586,261.0135272973203,1,HIGH,335.77036019543914,-0.3208263736613759,0.08440448028241576
34.20566931157996,650.4948706958761,30.108055144948,96.34195645004645,466.15141389117525,572.5153556957139,0,LOW,314.72451050043696,-3.337217176292171,0.14647683562335345
34.102470212373575,1286.535329253262,136.6737777072703,97.58999218623647,1351.8454403747398,1267.652403902728,1,MEDIUM,636.0404585573859,1.248035736190019,-0.10319909920638537
34.66035598848425,1209.8823471925516,295.71118417891904,96.6118811694154,1208.4399816345624,1339.0027843965918,1,HIGH,-76.65298206071043,-0.9781110168210745,0.5578857761106732
34.88664956175993,574.5817520638561,28.190463158108365,98.74688995948482,729.1958996515607,482.13309287983304,0,LOW,-635.3005951286955,2.1350087900694206,0.226293573275683
34.23338344515433,1990.2074625708758,33.77353050167264,96.86183890513828,1942.0115701810362,2096.8784909207425,0,MEDIUM,1415.6257105070197,-1.8850510543465333,-0.6532661166056002
34.03420489300561,3050.9009878817456,67.76077629267357,95.52906356852068,3145.246442726607,3033.7217348713357,0,HIGH,1060.6935253108697,-1.3327753366176012,-0.19917855214872304
34.09754863891814,1145.4091731886429,284.1507969923483,96.59371202058693,913.1954303131599,1158.7417593011803,1,HIGH,-1905.4918146931027,1.0646484520662511,0.06334374591253322
35.35298787858288,396.82291768998147,184.09206320979553,99.79570971112754,341.3470515444667,374.69051811280326,1,HIGH,-748.5862554986613,3.2019976905406082,1.2554392396647387
33.32032211305172,2398.5286207534523,47.21176974354628,98.39236339595132,2117.197129017968,2078.8382278596855,0,MEDIUM,2001.7057030634708,-1.403346315176222,-2.0326657655311564
34.30430462434181,1595.1061649881879,62.16221037198003,98.94223413045418,1698.0882775243472,1567.5279933144698,0,MEDIUM,-803.4224557652644,0.5498707345028606,0.9839825112900868
34.691409459357594,2636.3654922068135,187.70243023378825,95.07057359886201,2563.8772827749067,2314.409801046064,1,HIGH,1041.2593272186257,-3.8716605315921697,0.3871048350157835
33.70760846588506,2514.6961626251755,155.16582910765203,97.53028687323516,2709.059707438844,2643.817925665117,1,HIGH,-121.66932958163807,2.4597132743731436,-0.9838009934725349
35.94133499548715,1577.6893466951387,274.4954004338791,96.18129790752059,1571.5122129612814,1550.955024172333,1,HIGH,-937.0068159300367,-1.3489889657145682,2.2337265296020945
34.92558338841309,2060.3822491060605,155.95120556658577,97.27627012713019,2202.4190484770866,2288.135185658411,1,MEDIUM,482.69290241092176,1.094972219609602,-1.0157516070740655
34.55429522651563,1522.674674984914,152.51253987157364,98.22084437578013,1496.9144978329148,1412.5980205732324,1,MEDIUM,-537.7075741211465,0.9445742486499427,-0.3712881618974606
33.843934642323376,115.33636448981241,184.02638947833265,99.60892963979069,141.4066051152147,248.20624584675775,1,HIGH,-1407.3383104951015,1.3880852640105559,-0.7103605841922516
35.579659135066045,914.0492091002436,0.7085717787807457,96.32663740210508,890.5671568561144,818.5118353241497,0,LOW,798.7128446104311,-3.28229223768561,1.7357244927426692
34.19681420233738,1098.7762252888788,41.96272305245429,97.4812208865661,1041.9221008256068,1088.6343832657467,0,LOW,184.72701618863516,1.1545834844610283,-1.3828449327286663
34.79883964714117,1089.2370693079174,39.72027935784177,96.85028954170727,1107.5130482868913,1197.6136693596056,0,LOW,-9.539155980961368,-0.630931344858837,0.6020254448037932
33.68067495933108,1748.787582306644,122.55130354831194,94.18849429862038,1869.5614107880676,1923.8203371594225,1,MEDIUM,659.5505129987266,-2.6617952430868854,-1.1181646878100935
34.588692890712345,714.3248199059186,142.80345308647082,99.45031328553266,953.8170314996769,759.7044271482305,1,MEDIUM,-1034.4627624007253,5.2618189869122745,0.9080179313812664
33.57431024398785,1518.1076254312657,169.58965619625735,97.5970993232197,1276.1928332707953,1596.0547097311544,1,MEDIUM,803.782805525347,-1.8532139623129638,-1.014382646724492
33.63374216809589,2435.28139235783,270.14754118830484,96.71801975726513,2406.3634166074453,2327.1634575342946,1,HIGH,917.1737669265644,-0.8790795659545694,0.05943192410803988
33.12664240651548,1244.5278407157593,290.3423520807659,96.41017771565208,1215.7711991919366,1314.9968776635699,1,HIGH,-1190.7535516420708,-0.30784204161304274,-0.5070997615804131
34.311196700502954,2396.519613524314,293.13840034899295,96.7561177826305,2564.428414724261,2422.2357253865057,1,HIGH,1151.9917728085547,0.3459400669784145,1.1845542939874747
33.14984035127011,1130.755057436267,214.51987836123376,99.78349603983918,1191.4138819875036,1063.2902628041757,1,HIGH,-1265.7645560880471,3.0273782572086816,-1.1613563492328467
34.105300393767564,1209.358809917738,42.26308512893587,97.83005122188275,1407.8172757135108,1215.9343997948815,0,MEDIUM,78.60375248147102,-1.9534448179564237,0.9554600424974566
34.34887492054123,2083.27456322392,249.92073667022095,96.33892885007693,2206.7706743687654,1960.0193449202054,1,HIGH,873.9157533061818,-1.4911223718058295,0.24357452677366354
34.60279197143465,1562.478898998601,21.144892799312615,97.997678669698,1609.9477024017556,1329.6028989009778,0,MEDIUM,-520.7956642253189,1.6587498196210788,0.25391705089342054
34.42407818490857,1277.3070620307938,241.47348701682225,99.64903615879243,1273.3669315950724,1203.6308489563066,1,HIGH,-285.17183696780717,1.6513574890944227,-0.17871378652607461
34.76988288708123,1942.3776721818333,85.07810041485851,95.92177355278984,1954.5491620167693,1961.706667581431,0,MEDIUM,665.0706101510395,-3.727262606002583,0.34580470217265713
33.58077194543825,102.27402020729866,201.8667391745516,98.53668922541908,-41.97401146512756,9.957385405944198,1,HIGH,-1840.1036519745346,2.6149156726292375,-1.18911094164298
33.886844595170196,1021.099248959551,244.27682397703987,98.25306625073276,1039.8937492206717,949.3260488752774,1,HIGH,918.8252287522523,-0.2836229746863239,0.30607264973194503
34.99166789748815,726.8516151843588,264.4635051732108,100.0,569.324719159318,747.5991817863122,1,HIGH,-294.2476337751922,1.7469337492672423,1.1048233023179534
34.78284255263385,1064.1652913907594,215.20282892062454,97.37503113343679,1010.5514094671418,1152.4909300801387,1,HIGH,337.3136762064006,-2.624968866563208,-0.20882534485429716
33.20525969451816,1655.6976129204036,231.72726475444213,95.67533168389069,1656.1610455890288,1424.5781400844076,1,HIGH,591.5323215296442,-1.6996994495461024,-1.57758285811569
33.5129868593121,1605.0136396605349,268.1824281723979,97.1251545190751,1628.2172924970282,1675.830779756819,1,HIGH,-50.68397325986871,1.4498228351844062,0.30772716479393836
34.454965349045395,612.597221534543,255.26189490621272,99.4047270423915,801.5627152151353,502.8672945284405,1,HIGH,-992.4164181259919,2.2795725233164035,0.9419784897332946
33.6205842825301,681.6121923166962,117.89092147208872,97.19262810694424,844.6752746692523,652.174208141808,0,MEDIUM,69.01497078215323,-2.2120989354472584,-0.8343810665152915
34.54081489902292,2469.1461980806594,238.37996077101118,95.84582253351945,2576.151404639726,2590.83047184951,1,HIGH,1787.5340057639633,-1.3468055734247883,0.920230616492816
35.100795382639674,2115.3171144642306,157.7915213193718,96.02095480216305,2144.0564129599506,2061.03864715983,1,MEDIUM,-353.82908361642876,0.1751322686435941,0.559980483616755
33.633367305154465,0.0,77.64808744896084,99.7336288484188,6.76930764931204,122.47413782990614,0,MEDIUM,-2115.3171144642306,3.7126740462557564,-1.4674280774852093
34.89072545672329,2134.9232346364997,249.97697255829942,96.180771130132,2440.7090400607963,2255.338334779168,1,HIGH,2134.9232346364997,-3.552857718286802,1.2573581515688232
34.51310780502356,192.9149529348242,155.5962822393289,98.83540741326587,63.04513818239087,95.66707379566934,1,MEDIUM,-1942.0082817016755,2.6546362831338683,-0.3776176516997296
33.61987239816586,1326.9040062394522,167.77201025982606,98.02760597358956,1310.8109880494062,1225.694939049381,1,MEDIUM,1133.989053304628,-0.8078014396763109,-0.8932354068576984
34.964193667913044,205.96081579652088,67.63636174959038,99.5489982825812,257.5715530304306,208.53326237509702,0,MEDIUM,-1120.9431904429314,1.5213923089916364,1.3443212697471836
35.168032925163104,569.3311256940553,209.7343870030175,100.0,731.7654038414267,485.57472084951667,1,HIGH,363.37030989753447,0.451001717418805,0.2038392572500598
35.21651571722446,2402.7357624974256,31.951546067711124,97.28613917160408,2324.429783188619,2396.6116942878925,0,MEDIUM,1833.4046368033703,-2.713860828395923,0.04848279206135686
34.807520474331795,1903.2368187470727,195.83261912261827,98.34664245728307,1885.0494784706566,2091.9513057146523,1,HIGH,-499.49894375035296,1.0605032856789904,-0.4089952428926651
34.99117597171337,2271.6659144313235,198.5393650193613,96.47723290109839,2209.901267974568,2255.2494349797385,1,HIGH,368.4290956842508,-1.869409556184678,0.18365549738157227
34.5606932345099,2079.9911731521306,62.53255757065855,97.64932503921436,2214.4055095104945,2001.487816366355,0,MEDIUM,-191.67474127919286,1.1720921381159712,-0.4304827372034694
34.21879251241817,1003.9598554235223,37.14405692250429,97.90960114301527,1003.2499891212008,1042.2534121771275,0,LOW,-1076.0313177286084,0.26027610380090493,-0.3419007220917294
34.897772561593634,1932.2359640528107,60.90239540890536,97.35730447025843,1907.5770045441552,2160.0854665586503,0,MEDIUM,928.2761086292884,-0.5522966727568388,0.6789800491754647
35.45564100341884,691.8575084341489,74.64793664881721,99.44715744660274,654.0105143191021,778.9623826244926,0,MEDIUM,-1240.3784556186617,2.089852976344318,0.5578684418252067
33.866818108106834,2951.590383487444,299.12750472660935,98.0924730899686,3017.167434545646,2966.8542177101453,1,HIGH,2259.732875053295,-1.354684356634138,-1.5888228953120063
33.56394360273923,1556.1887363624617,33.911848134546425,98.4845169320733,1551.260575024304,1748.8097580813185,0,MEDIUM,-1395.4016471249822,0.3920438421046981,-0.30287450536760474
35.126835237363764,3111.459537228986,155.83732852241192,97.86754717724155,3019.3996476491902,3137.7504390890476,1,HIGH,1555.2708008665243,-0.6169697548317572,1.5628916346245347
35.88485587200267,1340.6531950822734,218.2671556977608,96.73476032453162,1413.0741136307065,1394.7642179799134,1,HIGH,-1770.8063421467125,-1.132786852709927,0.7580206346389033
34.48351580431292,1765.9477955633965,223.195858008881,96.73615506582922,1867.0858745814935,2082.664525747397,1,HIGH,425.2946004811231,0.0013947412976023088,-1.4013400676897447
32.33290494110825,3495.3598915938333,65.88583359751439,96.55693835821539,3392.979193318572,3583.446048552751,0,HIGH,1729.4120960304367,-0.17921670761383268,-2.150610863204676
33.42577053721633,2375.131415959476,114.73444218546456,95.6729321702367,2352.4224648724526,2384.2060434549685,0,MEDIUM,-1120.2284756343574,-0.8840061879786845,1.0928655961080835
36.18287134653379,1704.347004509152,300.0,96.22239039965102,1494.0935818264097,1605.0375852932168,1,HIGH,-670.7844114503239,0.5494582294143129,2.757100809317457
33.05385347553537,2029.9834469450454,206.32173598609523,96.32548891005113,1859.5308177683328,2091.506430257022,1,HIGH,325.6364424358935,0.10309851040011608,-3.1290178709984175
33.123411929723744,22.03527043410645,154.75439582959598,97.86970278426548,226.11088882942005,-116.05086796234286,1,MEDIUM,-2007.948176510939,1.5442138742143499,0.0695584541883747
35.215419520236935,1773.001970651314,191.47816716486903,96.33149045201884,1828.1378987054609,1630.5665074216772,1,HIGH,1750.9667002172075,-1.538212332246644,2.092007590513191
34.886165710040515,1037.2686183965095,43.96544817161168,97.07675505480326,844.5639220465563,1240.9035222591535,0,LOW,-735.7333522548045,0.7452646027844168,-0.32925381019641975
35.187147617361695,1652.201368466995,173.1466498812416,97.36854988572723,1513.3779919541003,1757.6026954837766,1,MEDIUM,614.9327500704856,0.2917948309239762,0.30098190732118013
34.73982890504546,1151.1251709990077,257.0012138306273,99.70578392400132,1199.0423263398973,994.0260186806856,1,HIGH,-501.0761974679874,2.33723403827409,-0.447318712316239
34.493982030237966,900.5024016403344,70.69856114574492,97.12646801085477,743.9369070053292,758.0843881414263,0,MEDIUM,-250.62276935867328,-2.5793159131465586,-0.24584687480749068
33.92495502654329,2137.751140302078,242.41369637301565,99.12341666639922,2132.0933610140555,2020.9376034890568,1,HIGH,1237.2487386617436,1.9969486555444576,-0.5690270036946785
34.0803079286564,597.2633566443021,91.17619786904898,99.99152855681024,791.5422325948796,725.1097657850304,0,MEDIUM,-1540.487783657776,0.868111890411015,0.15535290211311548
34.49068728732855,1219.1985692526937,243.00442347256867,97.78151638249943,1046.9147651266642,1180.6331177080172,1,HIGH,621.9352126083916,-2.2100121743108048,0.41037935867214514
34.34200079785502,1682.0510862448564,214.501392904708,99.3967909533941,1784.1944632779127,1578.083467448712,1,HIGH,462.8525169921627,1.6152745708946696,-0.14868648947352625
34.05435942902393,1716.219371751711,28.776591602165027,97.26044839945831,1839.0701913669923,1614.750074946704,0,MEDIUM,34.168285506854545,-2.1363425539357905,-0.28764136883108904
34.0236050759431,1025.7127873238892,96.15597537347773,96.36106708467696,1104.4309752830193,978.1909818252918,0,MEDIUM,-690.5065844278217,-0.8993813147813512,-0.0307543530808303
34.0879538175546,1581.1219754936528,113.46778468106967,97.96690065947335,1653.7023158017978,1565.2108797082756,0,MEDIUM,555.4091881697636,1.6058335747963923,0.06434874161149651
34.82870838694983,926.7332771568053,124.38308381253198,99.17698199354359,843.1596971632423,1160.3230864297188,1,MEDIUM,-654.3886983368475,1.2100813340702388,0.7407545693952287
34.263745516025494,257.56047225837034,42.50275663899213,95.951975202371,125.15090749638647,147.96741849912337,0,MEDIUM,-669.1728048984351,-3.2250067911725893,-0.5649628709243331
34.534295466754195,1175.6487425711737,104.37941112610636,99.7941559372206,1189.9823546922305,1149.2491648004511,0,MEDIUM,918.0882703128034,3.8421807348495918,0.27054995072870014
34.590850102321866,1446.3185367735393,232.67913238691264,99.39001415473699,1668.8208595159813,1452.026124022837,1,HIGH,270.66979420236567,-0.404141782483606,0.056554635567671596
34.730892097339876,349.1936776060384,233.8573963516372,97.69836296958098,386.42855999864776,265.671955830746,1,HIGH,-1097.124859167501,-1.6916511851560045,0.1400419950180094
33.91411768521182,416.1332786656901,112.64124121498511,98.84694194100568,228.8700158033197,398.83401670699334,0,MEDIUM,66.9396010596517,1.1485789714246977,-0.8167744121280549
34.52353958130794,1434.7215390633708,230.27160005311512,97.18588653349339,1465.247183309292,1351.1965963993907,1,HIGH,1018.5882603976806,-1.6610554075122934,0.6094218960961229
33.88219166739462,2014.7252717095353,124.6220164809311,98.69810413858889,2011.0429002822711,2007.1299837218658,1,MEDIUM,580.0037326461645,1.5122176050955005,-0.6413479139133216
34.027784764843155,1706.2411578477017,185.73338311778545,98.0366539496547,1773.766807269655,1665.1115418185839,1,HIGH,-308.4841138618335,-0.6614501889341824,0.14559309744853266
34.23093731807316,1949.9429749171059,187.04382484644051,95.59333376232743,1842.2630174780056,1768.512543450755,1,HIGH,243.70181706940411,-2.4433201873272736,0.20315255323000514
34.89376245189525,1091.8011364963313,99.76837996416727,99.02756035578386,1015.7882949232649,1100.3727475882383,0,MEDIUM,-858.1418384207745,3.4342265934564296,0.6628251338220892
35.202797628834716,214.8335331280974,207.54230667546219,98.18390264669583,177.01492434801133,167.84912948929517,1,HIGH,-876.9676033682339,-0.8436577090880348,0.30903517693946725
34.52826106302765,700.9809055621084,62.29224584205694,99.51408964745067,741.3506268621447,599.8865409795621,0,MEDIUM,486.147372434011,1.3301870007548473,-0.6745365658070668
34.894173962651614,1435.120823450591,157.7932354150432,97.71780490655226,1284.4587507505214,1604.973898464508,1,MEDIUM,734.1399178884825,-1.7962847408984146,0.36591289962396445
33.92841268368756,1153.4920189931418,138.59809437530078,97.10684101862908,1235.015648975455,1341.0613439548383,1,MEDIUM,-281.6288044574492,-0.6109638879231767,-0.9657612789640524
33.93862468754242,2326.4941135557733,112.74046099067537,98.63792899846966,2156.7290547462712,2289.588067996548,0,MEDIUM,1173.0020945626316,1.5310879798405779,0.01021200385486054
33.94271478114383,1635.7873032933437,156.20976172216996,98.34017755785659,1751.3231604117088,1478.7844803699138,1,MEDIUM,-690.7068102624296,-0.29775144061306946,0.004090093601405442
33.24911674624518,60.51208833328228,132.25908390197304,97.56116447167771,-17.775050829170496,96.4895363726215,1,MEDIUM,-1575.2752149600615,-0.7790130861788782,-0.693598034898649
34.23760570459712,668.949755062059,173.27018113941534,99.488615739615,906.0352194783345,784.7853202927203,1,MEDIUM,608.4376667287768,1.9274512679372862,0.9884889583519438
34.84456285514139,1782.9954808985633,138.2550393551586,98.24903021854263,1918.2537778492376,1849.6882239350452,1,MEDIUM,1114.0457258365043,-1.239585521072371,0.6069571505442681
33.17231158892042,1360.1262199278256,273.7828754926014,98.05462648444956,1273.9605853017022,1183.6563154269036,1,HIGH,-422.86926097073774,-0.194403734093072,-1.672251266220968
34.83245314344565,2278.2185904392104,77.98813862056515,95.77002164613305,2271.0226439474527,1885.2418550312157,0,MEDIUM,918.0923705113848,-2.284604838316511,1.6601415545252252
34.46567121551545,1308.165538404899,210.80725456702694,99.5849152183163,1215.7578277069424,1276.0499681508368,1,HIGH,-970.0530520343113,3.8148935721832515,-0.36678192793019804
33.80933859098087,2062.2401078296343,32.11574245959499,99.35206852609349,2113.559626758206,2121.3995647701245,0,MEDIUM,754.0745694247353,-0.2328466922228074,-0.6563326245345777
34.0581016222738,2663.1888735866687,160.90772268644216,96.56859564805703,2467.691805776693,2867.3019073674927,1,HIGH,600.9487657570344,-2.783472878036463,0.2487630312929312
34.368392659591734,2060.0850082204242,179.38149120909824,97.37956946397243,2177.630342532126,2141.930808653969,1,MEDIUM,-603.1038653662445,0.8109738159154034,0.3102910373179313
33.86024072525596,689.0514379037778,9.621183103345329,97.34407217920928,571.8351789452154,733.1744065834503,0,LOW,-1371.0335703166465,-0.03549728476315295,-0.5081519343357712
34.090213873564394,3071.060892010682,183.30364011293665,95.83411997918783,3018.10885550237,3156.5630658804844,1,HIGH,2382.0094541069043,-1.509952200021445,0.22997314830843152
35.244357260029176,1894.1883320113243,34.93017756815197,96.86409561653596,1981.3662926681643,1718.223316905734,0,MEDIUM,-1176.8725599993577,1.0299756373481301,1.1541433864647814
35.428367098485786,1481.3773765478613,292.3239668138067,98.36891443901247,1370.8990622270042,1487.2550975741985,1,HIGH,-412.81095546346296,1.5048188224765084,0.18400983845661045
34.09597626322579,1474.3443162229855,173.27430406812223,98.25118408620357,1592.7183997339516,1284.2234423524549,1,MEDIUM,-7.033060324875805,-0.11773035280890554,-1.332390835259993
33.450749588227744,1030.8174547250874,290.88924405455367,96.72963316771315,1182.4978419816664,940.8107134803039,1,HIGH,-443.52686149789815,-1.5215509184904192,-0.6452266749980495
33.83511950341852,442.8327508734879,217.92578420497705,99.54062030494225,545.7525645693357,440.47850438511057,1,HIGH,-587.9847038515995,2.8109871372291053,0.38436991519077424
33.5336951806797,1260.0390064552619,162.43777823240632,96.4599422156682,1206.7393786815312,1293.7512449267083,1,MEDIUM,817.206255581774,-3.080678089274045,-0.3014243227388178
34.00264089321173,485.27810407622155,161.62449953033163,96.9162593496475,310.80738702393234,603.1322592845702,1,MEDIUM,-774.7609023790403,0.4563171339792973,0.4689457125320331
34.511582293657185,1322.8088138206629,168.46153421113826,98.85539085619841,1330.3717034578679,1386.659133441189,1,MEDIUM,837.5307097444413,1.9391315065509076,0.5089414004454511
34.500643334950674,1286.0002756802658,19.689599106813425,96.38381443467959,1164.9661987506838,1164.2542796365844,0,MEDIUM,-36.808538140397104,-2.4715764215188187,-0.01093895870651096
34.878680891335655,1768.2171507858563,297.28122243506357,99.94629867119096,1894.1955458075186,1752.5433773470324,1,HIGH,482.2168751055906,3.5624842365113665,0.3780375563849816
33.964859409873036,1097.6928948188397,158.18252133787456,97.91672187228218,1333.5874007364189,1135.189494125033,1,MEDIUM,-670.5242559670166,-2.029576798908778,-0.9138214814626195
33.75388060974106,2145.019459453089,287.4004977615786,96.63464715778086,2012.275203518161,2074.5474365635982,1,HIGH,1047.3265646342493,-1.28207471450132,-0.21097880013197567
34.95972624938703,1579.6607896257774,172.27642776599004,97.43014321489568,1686.0237285171597,1652.1397424588363,1,MEDIUM,-565.3586698273116,0.7954960571148177,1.2058456396459718
33.12229628287596,364.5327846460762,169.1553276573951,99.17136151422237,396.78042316450257,536.572060322658,1,MEDIUM,-1215.1280049797012,1.7412182993266896,-1.837429966511074
34.3251414029745,3184.986015532424,65.12347504915626,97.05297576100037,3200.1657228316813,3110.9036682279475,0,HIGH,2820.4532308863477,-2.1183857532220003,1.2028451200985444
35.47112618725701,1604.7835792856945,24.425491111503387,96.65473598052243,1723.376545743679,1371.6005233525632,0,MEDIUM,-1580.2024362467296,-0.39823978047793673,1.1459847842825113
34.82856949343317,1809.377724397091,47.07861588901835,98.91237654501931,2030.1863890948775,1795.9132077951735,0,MEDIUM,204.59414511139653,2.2576405644968816,-0.6425566938238418
33.17076915010587,0.0,111.73308126018654,97.37717190364818,-72.39151233742591,-71.89706696993217,0,MEDIUM,-1809.377724397091,-1.5352046413711378,-1.6578003433273025
34.008824083049184,869.8420534870191,61.77575790206397,100.0,699.4082226224338,958.5467136643902,0,MEDIUM,869.8420534870191,2.6228280963518245,0.8380549329433151
34.41936468326082,1337.0290351843773,79.99617000330821,95.38139754234662,1348.7997769146468,1447.3154590852287,0,MEDIUM,467.1869816973582,-4.618602457653381,0.4105406002116325
34.867503157512054,1349.9474794002374,219.16738369308052,97.1925870107036,1219.4335969784559,1514.249702237767,1,HIGH,12.918444215860063,1.8111894683569858,0.44813847425123754
34.53758776919084,1414.7000938139824,157.1226601276934,99.08774506022093,1428.2793348384441,1172.0571969679493,1,MEDIUM,64.75261441374505,1.8951580495173204,-0.32991538832121137
35.13600965230677,784.521942423942,1.5057573462985991,98.78416781644705,964.0000499084427,663.1130078959615,0,LOW,-630.1781513900404,-0.30357724377387285,0.5984218831159254
34.67246448274348,71.936859715188,89.10847067337697,99.6000232364204,-21.256921147490825,133.9515243497899,0,MEDIUM,-712.585082708754,0.8158554199733459,-0.4635451695632895
33.15873785044053,1132.506297734009,73.35607897675536,97.57983421499064,1321.3225433453433,1059.9427856873851,0,MEDIUM,1060.569438018821,-2.0201890214297578,-1.513726632302948
34.77063221921315,1276.9927925537531,26.314946319763408,98.7178265001363,1159.4442341555498,1334.6806325072894,0,MEDIUM,144.48649481974417,1.137992285145657,1.6118943687726173
34.010141447246696,2283.4747075930354,228.66345910798228,97.96263744655943,2192.2408601164316,2208.23122815538,1,HIGH,1006.4819150392823,-0.7551890535768706,-0.7604907719664524
33.64465159515857,545.8405352353444,127.87807498751154,96.4682683280228,705.9191179907796,611.8878109237926,1,MEDIUM,-1737.634172357691,-1.4943691185366248,-0.3654898520881247
34.08558095186485,2211.8881793418245,249.3692039666955,98.13941967069995,2199.6406219736346,2226.3200511970144,1,HIGH,1666.0476441064802,1.671151342677149,0.44092935670627753
34.257237755292586,779.6356595616963,286.53467378564693,99.01066147964032,883.0241258457614,870.5275746343262,1,HIGH,-1432.2525197801283,0.8712418089403684,0.17165680342773726
34.31274356570635,1118.2747323936387,291.7304741692645,97.99300688519578,1178.3830760476583,1248.2535314716235,1,HIGH,338.63907283194237,-1.0176545944445365,0.0555058104137629
34.26509353874226,1520.754487386103,259.0610045924557,98.03588843804692,1384.6667367300765,1644.7382657880416,1,HIGH,402.4797549924642,0.042881552851142146,-0.04765002696408516
35.14910294759694,1852.2698701214822,160.07546572274242,96.96172441603264,1774.7418312741686,1760.737674285286,1,MEDIUM,331.51538273537926,-1.074164022014287,0.8840094088546735
33.76496632470043,692.6023602532775,46.3651600665094,98.22305775660128,643.5682880085267,846.9395069859409,0,LOW,-1159.6675098682047,1.2613333405686404,-1.3841366228965057
34.65512177607537,2309.1490781302737,54.037677947187696,97.98064936982927,2373.518981747488,2178.368130628844,0,MEDIUM,1616.5467178769961,-0.24240838677201282,0.8901554513749375
33.88537276174317,887.5173364487388,182.36025883445498,98.03080613978038,749.9960808656244,857.1053952817664,1,HIGH,-1421.631741681535,0.05015676995111562,-0.7697490143321986
34.21923898164863,1414.6457209639989,102.22087855849968,98.63026187084472,1336.446935332845,1385.7178446265027,0,MEDIUM,527.1283845152601,0.5994557310643387,0.3338662199054596
33.81287181418035,1858.8968598626598,9.610743712366222,95.56743775074253,1858.1574786587287,1882.3543798187848,0,MEDIUM,444.2511388986609,-3.062824120102192,-0.4063671674682823
34.20087237680077,565.6394747811231,61.0361807598952,96.84727371296754,645.0868416471242,799.2373050820136,0,MEDIUM,-1293.2573850815365,1.2798359622250075,0.3880005626204195
34.68964517982291,1671.8044050356552,109.78196716167379,99.34531121936683,1610.292812087553,1723.35325411739,0,MEDIUM,1106.164930254532,2.4980375063992994,0.4887728030221439
34.835612379698716,1496.1608777666443,215.354136553233,96.9524745497313,1335.6174323643097,1494.5896240849627,1,HIGH,-175.64352726901097,-2.3928366696355283,0.14596719987580542
33.451433102293066,2096.2825756773177,81.78292147547158,97.82092043160448,2079.7486520750826,2040.2634785630462,0,MEDIUM,600.1216979106734,0.8684458818731713,-1.38417927740565
35.86980367319791,1688.014825295173,210.42411857629529,96.55394212857284,1847.6288879034328,1632.9570896138487,1,HIGH,-408.26775038214464,-1.2669783030316353,2.418370570904841
34.88513920135276,1512.8080127910205,37.737234272921675,97.89396808463442,1494.8431894197652,1451.4021415981742,0,MEDIUM,-175.2068125041526,1.3400259560615808,-0.98466447184515
34.37914224543016,1080.397016764185,165.44717279127195,97.3174901674686,1079.2485152297922,1062.5166906643608,1,MEDIUM,-432.4109960268354,-0.5764779171658176,-0.5059969559225976
35.18055629044801,1071.2493044884898,23.189798782606843,98.0242511564263,1283.8015842946393,983.7979584513251,0,LOW,-9.147712275695312,0.7067609889576971,0.8014140450178502
33.579076246755406,1285.0396087202641,255.39215269921868,97.97825839632071,1244.900524177707,1188.3618876207756,1,HIGH,213.79030423177437,-0.045992760105590946,-1.6014800436926038
33.42883714553428,2462.1855288147276,141.93082933378565,96.53451889232818,2242.3562921788425,2454.8561914340544,1,MEDIUM,1177.1459200944635,-1.443739503992532,-0.15023910122112483
35.139881583001966,103.82370702417059,292.1263232667457,98.90399239640072,183.96573065526107,172.3146790414582,1,HIGH,-2358.361821790557,2.3694735040725448,1.7110444374676845
33.97077870323388,1116.545022730204,113.9889009900227,99.04473611157219,1043.609634827593,1312.3845712843993,0,MEDIUM,1012.7213157060334,0.14074371517146744,-1.169102879768083
34.42203229444853,866.5416067986928,263.806722428919,98.09994439139156,767.5051907707634,836.0282092920323,1,HIGH,-250.0034159315112,-0.944791720180632,0.4512535912146447
34.58031672310677,848.1650555201187,128.49683700025003,97.06311973562384,834.2580920450639,783.876706745292,1,MEDIUM,-18.376551278574084,-1.0368246557677168,0.15828442865824144
33.430105601550984,377.93517225304225,0.0,98.8381120605419,407.241785343413,241.84687025131151,0,LOW,-470.22988326707645,1.7749923249180597,-1.1502111215557846
35.07367050580645,1699.4678276031268,228.51018186673963,96.28686617805015,1814.4992777968232,1689.584044842517,1,HIGH,1321.5326553500845,-2.551245882491756,1.643564904255463
34.48124034605678,2685.0916466261324,157.36485263756745,94.60627884956357,2557.8314652221716,2797.8494752841357,1,HIGH,985.6238190230056,-1.680587328486581,-0.592430159749668
35.13500552205477,2893.375530828433,61.37199631146134,97.80778977078924,3126.2197339232926,2795.8530861677746,0,HIGH,208.28388420230067,3.201510921225676,0.6537651759979894
34.89203551870595,1620.2620171980177,184.12293622877715,95.76371537450733,1459.2127713227467,1621.9316036794687,1,HIGH,-1273.1135136304154,-2.044074396281914,-0.24297000334881602
35.47368869989563,174.49494639127718,7.266491576491661,99.55297072959003,245.53050226289895,218.0924275464086,0,LOW,-1445.7670708067405,3.7892553550827017,0.5816531811896795
34.879530146857235,2857.8540420552786,153.93235002923876,95.15676848301173,2928.538709232337,3062.4314081395814,1,HIGH,2683.3590956640014,-4.396202246578298,-0.5941585530383975
34.3412288995003,1159.46525297802,44.163477059115046,99.0836040894285,1095.537249383794,1265.1829649592664,0,LOW,-1698.3887890772585,3.9268356064167733,-0.5383012473569337
34.40298927333598,900.5334999061981,293.8248486808173,97.94073265829643,929.753581268718,773.1139264707289,1,HIGH,-258.93175307182196,-1.142871431132079,0.061760373835682
34.46673075443774,1039.5563818989417,101.97981219749938,97.62643022530474,1016.1512026757518,1096.4813396207255,0,MEDIUM,139.02288199274358,-0.31430243299168126,0.06374148110175781
33.88502360257659,468.5445335694153,153.69973272143932,98.30012993893749,449.49180065796634,555.2300384833459,1,MEDIUM,-571.0118483295264,0.6736997136327432,-0.5817071518611527
33.300230154055456,346.0373802295203,80.65623921827185,97.97531887549358,470.5859098519204,317.7428787580891,0,MEDIUM,-122.50715333989501,-0.324811063443903,-0.5847934485211326
33.872923558848335,633.5671640222539,121.07587836803438,99.00911916315518,478.0259285736206,610.3377037111661,1,MEDIUM,287.5297837927336,1.0338002876615917,0.5726934047928793
33.95120234963386,1800.194167717338,90.90445920903969,97.6231462257199,1908.8802170787455,1856.1948118841613,0,MEDIUM,1166.627003695084,-1.3859729374352696,0.07827879078552513
34.670522464495605,1061.9904955320321,103.09009983074507,99.16766173862942,1106.2168977483163,1190.499620954602,0,MEDIUM,-738.2036721853058,1.5445155129095127,0.7193201148617447
34.70715559999165,1285.4925097707596,279.747605066982,99.4488071652951,1297.0846806669576,1024.1493486753932,1,HIGH,223.5020142387275,0.2811454266656739,0.03663313549604652
33.55593144258753,1445.9277633790184,64.86186243003421,97.12287225861195,1363.0955754730087,1343.2875209745332,0,MEDIUM,160.4352536082588,-2.3259349066831447,-1.1512241574041226
34.0556531906605,1351.2375022834306,105.24391816715949,94.06379251939583,1434.2260347976428,1234.0361083157388,0,MEDIUM,-94.69026109558786,-3.0590797392161164,0.49972174807297165
34.8102471479455,1104.022747909344,257.46487753945615,98.32784369846654,1156.5645251387782,964.1477619834861,1,HIGH,-247.21475437408662,4.264051179070705,0.7545939572850031
34.67255180512736,422.7342009861881,51.5942660170429,97.90854409390228,210.1227659312242,283.5553158570089,0,LOW,-681.2885469231558,-0.41929960456425874,-0.1376953428181409
34.02400236496675,1528.4653562781355,207.7253883387227,97.92876355122345,1320.1764517581332,1497.2455856771062,1,HIGH,1105.7311552919473,0.020219457321175582,-0.6485494401606147
34.461348667500836,8.609885907238628,215.74094363085257,99.59974718600488,108.33470842202034,192.13930805238903,1,HIGH,-1519.855470370897,1.6709836347814218,0.43734630253408824
34.48611005164112,1907.137663108021,88.55608026351442,95.68784768850749,1666.050317539554,1755.7344651884937,0,MEDIUM,1898.5277772007823,-3.9118994974973873,0.024761384140283837
33.939517146228305,1129.3034001674914,115.38513863093677,98.56398285038074,1137.5874538985045,1040.0906005399197,0,MEDIUM,-777.8342629405295,2.8761351618732505,-0.5465929054128154
34.48814111234969,1338.0072206322272,294.44363472865626,100.0,1391.8247144746988,1223.6825350759716,1,HIGH,208.70382046473583,1.4360171496192606,0.548623966121383
33.86967235569476,1581.5137341680418,289.8783208296869,98.42304619710565,1749.1113795856681,1535.2295660812472,1,HIGH,243.50651353581452,-1.5769538028943515,-0.6184687566549272
35.49159541154159,1715.5057944525372,273.5070659889812,97.48919477017009,1950.988209640089,1682.3767158796325,1,HIGH,133.99206028449544,-0.9338514269355613,1.6219230558468283
34.96701729068743,0.0,54.10682946192082,97.60984224291533,-101.62844420050678,-142.4806989674227,0,LOW,-1715.5057944525372,0.12064747274524734,-0.5245781208541587
34.65808111644695,0.0,121.41458001428737,99.08175856554556,-60.44117060964707,25.94198776137043,1,MEDIUM,0.0,1.4719163226302214,-0.30893617424047903
34.28613853824515,1698.1160541247045,95.89459069238374,98.08861034566421,1824.2034210661511,1572.7982582429638,0,MEDIUM,1698.1160541247045,-0.9931482198813484,-0.37194257820180354
34.28706552939747,3539.413733716786,99.6284007247129,96.83154537042152,3670.450249450449,3505.1100008392527,0,HIGH,1841.2976795920813,-1.2570649752426846,0.0009269911523261953
34.434928912754394,578.5675020483627,263.3550825533999,100.0,577.5548985207279,479.2083308768674,1,HIGH,-2960.846231668423,3.168454629578477,0.1478633833569205
34.84049847903345,2450.6741246353718,115.91402870066446,96.80180401536883,2603.8895428390288,2173.740190979213,0,MEDIUM,1872.106622587009,-3.1981959846311696,0.4055695662790555
33.62482967348109,1907.7718244956636,146.7881878674871,99.14007956622338,1982.6284215662106,1973.5039504971128,1,MEDIUM,-542.9023001397081,2.338275550854547,-1.2156688055523617
33.705481859334505,2124.723147269127,130.41302803959846,96.85438647539316,2130.475960235851,2440.029570723208,1,MEDIUM,216.9513227734633,-2.2856930908302218,0.08065218585341682
34.90340509768962,2010.5124429466657,52.21364844421279,96.24030702461057,1913.2689983822947,1882.3976989880769,0,MEDIUM,-114.2107043224612,-0.6140794507825831,1.1979232383551164
35.11984192951085,1165.5279117067164,47.249190168819105,97.5627887876306,1014.7670218898039,1082.5922936042505,0,LOW,-844.9845312399493,1.322481763020022,0.21643683182122686
34.360415661437685,663.6401421611613,281.1890833765825,98.21810864910213,749.6698354528538,818.8507398990582,1,HIGH,-501.8877695455551,0.6553198614715399,-0.7594262680731632
35.09931083688351,476.70787317601685,208.64411083435772,98.39739040815383,475.4294713918831,323.80293846020646,1,HIGH,-186.93226898514445,0.17928175905169041,0.7388951754458262
34.16393444057947,0.0,189.73536296298462,97.83447529186212,306.3104643912394,15.073734198670097,1,HIGH,-476.70787317601685,-0.5629151162917054,-0.9353763963040436
35.215521834493124,148.59935226235035,22.257163070943008,96.25189799753207,218.76605680744157,197.16852338718712,0,LOW,148.59935226235035,-1.5825772943300507,1.0515873939136569
34.3168627696901,750.2866127734458,164.39254077108853,99.19608373294551,880.1689795908928,888.3218760799888,1,MEDIUM,601.6872605110955,2.9441857354134413,-0.8986590648030273
33.33919729973259,0.0,118.94788311488543,100.0,26.411621582894316,-41.77888025432381,0,MEDIUM,-750.2866127734458,0.8039162670544897,-0.9776654699575076
33.755079473337055,480.2985765246287,79.01076379116208,98.60481907062726,620.5118271021284,637.2570347605566,0,MEDIUM,480.2985765246287,-1.3951809293727422,0.4158821736044658
33.78806521010986,2499.4668230369425,268.190460122293,97.89725459391494,2606.3137292491165,2514.561376467948,1,HIGH,2019.1682465123138,-0.7075644767123208,0.03298573677280814
34.097777714848206,698.2909521391266,222.11272743048832,98.12529502474807,758.525293441024,593.986984577229,1,HIGH,-1801.175870897816,0.22804043083313275,0.3097125047383429
35.2552275669982,1067.3738711459052,282.6116389384184,97.64176614145345,1003.3523807881336,1054.4584570583322,1,HIGH,369.08291900677864,-0.48352888329462473,1.1574498521499947
35.21576875851356,1568.1658435187037,291.6150622138032,95.26110143679936,1343.0882078269635,1328.5530814339818,1,HIGH,500.79197237279845,-2.3806647046540803,-0.03945880848463901
35.02337217759749,1198.1978322810858,53.825415081672126,98.63968444672292,1168.161936537427,1251.60993675805,0,LOW,-369.96801123761793,3.3785830099235596,-0.1923965809160748
34.0759606107484,1609.8092892713205,216.78221756357874,97.78725888605662,1425.876946809239,1574.998229171186,1,HIGH,411.61145699023473,-0.8524255606663047,-0.9474115668490839
35.27524051410682,0.7213256810083735,83.6775611311142,100.0,-59.22318491939376,-45.07041535147609,0,MEDIUM,-1609.087963590312,2.2127411139433804,1.1992799033584163
34.27197863494356,992.0582380723097,94.35117119942907,97.45927007920291,866.1768867344102,978.0496448456609,0,MEDIUM,991.3369123913013,-2.540729920797091,-1.0032618791632615
35.15105275408632,1250.271180457522,254.69151029174066,98.86057019764898,1165.1855228327854,1289.6951442945892,1,HIGH,258.2129423852123,1.4013001184460734,0.8790741191427642
34.89244583259129,761.4570407453448,229.59962626877032,99.54396984025294,856.7018586716613,813.5851349125849,1,HIGH,-488.81413971217717,0.683399642603959,-0.25860692149502995
33.174804360629594,2089.6820200313527,124.00785864590037,97.06178173432527,1968.2389067355018,2011.7770865806199,1,MEDIUM,1328.224979286008,-2.4821881059276762,-1.7176414719616986
34.814265900628975,1197.7981821549129,69.57659328201935,97.77325459899723,1242.741148848161,1066.7314867295595,0,MEDIUM,-891.8838378764399,0.7114728646719612,1.639461539999381
34.28522533263471,2180.776693347611,12.274336738868705,96.49965827955984,2360.3211154920027,1926.8129421492786,0,MEDIUM,982.9785111926981,-1.273596319437388,-0.5290405679942651
34.8241390105542,1836.492588430494,161.3141169044404,97.20414084093088,1865.3226433114053,1707.0817360989838,1,MEDIUM,-344.284104917117,0.7044825613710373,0.5389136779194885
34.80094733177655,2097.12385209711,46.867876489601656,96.94224064141103,1932.982581102097,2035.4176811831653,0,MEDIUM,260.6312636666162,-0.2619001995198431,-0.023191678777649827
34.85432886174473,0.0,149.38979145624216,98.36729505610623,-68.26234471537263,-135.09063602223986,1,MEDIUM,-2097.12385209711,1.4250544146951967,0.05338152996818479
33.09384526480229,2698.876406144404,46.81489004320483,97.87972739268923,2447.3352415971713,2922.550749887194,0,HIGH,2698.876406144404,-0.4875676634169963,-1.7604835969424428
33.45076954251169,504.8428790947774,108.65708161581225,97.82891993579072,514.7768611362642,547.852982492894,0,MEDIUM,-2194.0335270496266,-0.05080745689851085,0.35692427770940327
35.108728847391504,2814.1587375336276,81.74386378322541,96.82033996838291,2677.559243288969,2681.093823225878,0,HIGH,2309.3158584388502,-1.0085799674078118,1.6579593048798102
35.00470349333794,1305.3526383556316,128.18267833296042,99.04380668764387,1257.5720563773993,1290.9277457479477,1,MEDIUM,-1508.806099177996,2.223466719260955,-0.10402535405356161
35.438565173409074,2718.098031527208,63.42474624443999,96.52186131999976,2810.440679800951,2867.5227295204054,0,HIGH,1412.7453931715766,-2.5219453676441077,0.4338616800711321
34.92348961364784,919.5850450895005,172.58927035710013,96.36829831556499,973.14479670665,1092.2255444073473,1,MEDIUM,-1798.5129864377077,-0.15356300443477267,-0.515075559761236
35.79466946967524,253.53905850281964,261.2413212786369,97.87103822680076,87.06285827095128,299.6747136592209,1,HIGH,-666.0459865866808,1.5027399112357784,0.8711798560274033
34.49937137336198,2057.945547763036,216.39507307486306,98.68305637776359,2148.411503616558,2093.0468059676737,1,HIGH,1804.4064892602162,0.8120181509628281,-1.2952980963132603
35.365542661351036,1446.9097553624965,70.04931158479611,97.92002303317399,1466.5832587355283,1454.512684410809,0,MEDIUM,-611.0357924005393,-0.7630333445896014,0.8661712879890544
35.60425354219243,998.7053697394379,55.75457124930199,99.22899708285861,927.7308767231772,1113.109911787261,0,LOW,-448.20438562305867,1.3089740496846218,0.23871088084139558
34.73298727775853,1823.9913219827279,56.455271394264145,98.86334891691729,1779.6397632616988,1796.4677381461038,0,MEDIUM,825.28595224329,-0.3656481659413231,-0.8712662644338991
33.67342789421929,994.9189293000949,76.29555304352527,97.16707096660858,845.8473231191061,1233.387863016524,0,MEDIUM,-829.072392682633,-1.696277950308712,-1.059559383539245
34.3732354297599,1312.907636606069,244.21305410449028,96.98602956124581,1300.1155631394154,1597.6213842743618,1,HIGH,317.9887073059741,-0.18104140536276248,0.6998075355406144
33.485551979250886,1662.0474278261968,235.04591068231875,98.85787549817155,1902.872261836461,1662.880719886043,1,HIGH,349.1397912201278,1.8718459369257374,-0.8876834505090159
34.143407426740126,201.19601758903588,34.71470730485279,99.04861320649418,135.79175719879908,331.32782081486494,0,LOW,-1460.851410237161,0.19073770832262937,0.65785544748924
34.086145141375574,1532.5585142860484,209.6276048131747,99.72666086663767,1572.05828474555,1569.5094272946783,1,HIGH,1331.3624966970126,0.6780476601434913,-0.057262285364551246
35.17027152488405,978.1562054091629,45.765815423561584,99.9265049003442,904.9904014756762,1000.8604559629722,0,LOW,-554.4023088768855,0.19984403370652615,1.084126383508476
35.490350546764695,1880.5071218878961,211.67269215854387,98.66579898956006,2048.249619550968,1939.235819566242,1,HIGH,902.3509164787332,-1.2607059107841394,0.32007902188064463
33.663155194738174,590.5479546215973,133.36519971868404,97.63840862120186,784.0180722580341,580.7316466772156,1,MEDIUM,-1289.9591672662987,-1.0273903683581977,-1.8271953520265214
33.85304108309242,1059.4117437515404,113.68346326820759,97.85987265216178,1050.6811333204867,1115.9340024028525,0,MEDIUM,468.86378912994303,0.22146403095992184,0.18988588835424736
35.03759260469857,729.4255851462716,293.58428948733314,98.10126284649822,791.8591918718638,829.1269443036593,1,HIGH,-329.98615860526877,0.24139019433643227,1.1845515216061457
35.36271386162766,1335.884135089996,130.7760502785362,98.06835449535049,1294.3070341570683,1109.9687276057148,1,MEDIUM,606.4585499437245,-0.03290835114772506,0.3251212569290942
34.43962733275618,2026.3161988397426,19.226518755824156,96.01125251891548,1904.269879373886,1853.8736993436823,0,MEDIUM,690.4320637497465,-2.057101976435007,-0.9230865288714796
35.42689396285717,542.5358957322393,275.7066457166519,97.36768800981059,438.1457526940384,523.7964749271616,1,HIGH,-1483.7803031075032,1.3564354908951088,0.98726663010099
35.092204740249386,2688.142871478711,100.00979857735938,95.47988845204307,2636.481346546847,2807.0970504898696,0,HIGH,2145.606975746472,-1.8877995577675222,-0.33468922260778555
33.89371889793103,0.0,184.75104471480415,100.0,181.62948186983715,-102.67173805135181,1,HIGH,-2688.142871478711,4.52011154795693,-1.1984858423183553
35.0040185419009,1206.9558800850375,114.91318524763957,98.39974404812209,1134.1815832923644,1294.978272462604,0,MEDIUM,1206.9558800850375,-1.6002559518779123,1.1102996439698671
33.64801396412136,1023.5046112583761,126.25910027143992,99.39069456797218,1025.0344034944112,995.4724660681676,1,MEDIUM,-183.45126882666136,0.9909505198500881,-1.3560045777795366
34.40738679374958,1692.9228492462398,43.35442340510555,96.97929181557744,1757.8859600995324,1560.1521999734498,0,MEDIUM,669.4182379878637,-2.4114027523947357,0.7593728296282194
35.05281625348224,586.4200548490815,175.00149650644224,97.93701304281561,533.6078704335351,538.8859618741734,1,MEDIUM,-1106.5027943971584,0.9577212272381672,0.6454294597326609
34.833570898713084,1355.6525203073995,96.12114067445833,98.76404636442257,1582.2439021909838,1237.1546465186639,0,MEDIUM,769.2324654583181,0.8270333216069616,-0.21924535476915707
34.89084709665211,556.7188750468464,11.415805050484241,98.21230486082521,563.5780042616485,562.7955133686382,0,LOW,-798.9336452605531,-0.5517415035973556,0.05727619793902505
35.7827600621092,2380.951146420128,127.42399292745743,95.82217341812738,2356.9061084887207,2350.638501641664,1,MEDIUM,1824.232271373282,-2.390131442697836,0.8919129654570881
34.56031382953904,2316.063025286827,226.3292328431138,95.87881165098518,2361.6500980117153,2285.7689696806283,1,HIGH,-64.88812113330141,0.056638232857807225,-1.2224462325701566
33.037683507912085,2177.438644212343,273.9130903308188,97.1428019388044,2093.7730564049757,2463.3276068558284,1,HIGH,-138.6243810744836,1.2639902878192117,-1.5226303216269557
34.810960439050206,240.9981499392863,277.1787268993024,98.18252224068534,197.63526423953738,311.68585167144914,1,HIGH,-1936.4404942730569,1.0397203018809478,1.7732769311381205
34.30076301562066,1466.0034731710239,119.585858102829,96.3525093106428,1498.7657767008104,1500.979679313455,0,MEDIUM,1225.0053232317375,-1.8300129300425425,-0.5101974234295454
33.32885137498889,2565.6604197626298,69.07226676021534,98.45925656326631,2554.8506866351845,2692.4761230692197,0,HIGH,1099.656946591606,2.1067472526235065,-0.9719116406317667
33.99779422499361,1687.1831444236964,252.98621907419744,97.59394218794317,1582.163789447644,1706.3393066303718,1,HIGH,-878.4772753389334,-0.8653143753231376,0.6689428500047185
33.43509620198028,0.0,23.91514677755941,98.20024940910956,-102.04818780340042,79.1519213964032,0,LOW,-1687.1831444236964,0.6063072211663894,-0.5626980230133327
34.69252648810644,671.2680524037842,107.46140600465559,100.0,727.0770384597947,727.8129356526471,0,MEDIUM,671.2680524037842,1.79975059089044,1.2574302861261586
34.83730234038863,979.7203468747459,33.28421699425343,98.50496228608449,931.9584583321514,870.9434928960748,0,LOW,308.45229447096176,-1.495037713915508,0.14477585228219425
33.82817184590578,861.3488915249293,58.517171448666474,97.9332476987278,723.4280919160309,852.5878136267527,0,LOW,-118.37145534981664,-0.5717145873566949,-1.0091304944828536
34.98625019462955,224.63768621779604,134.95510316262937,99.37176545498363,449.99378041483,249.67664705779833,1,MEDIUM,-636.7112053071332,1.438517756255834,1.1580783487237696
34.5166624472308,0.0,95.83937817808005,100.0,-228.82589233796722,209.44018016502562,0,MEDIUM,-224.63768621779604,0.6282345450163689,-0.469587747398748
35.24541006750598,1252.752141030352,5.41897265957408,98.6856709250777,1444.5747392975684,1280.6591202720763,0,MEDIUM,1252.752141030352,-1.3143290749222984,0.728747620275179
34.1258861570638,857.119326645572,225.61036151210115,97.92596701796512,807.7371447601225,1194.0903888790583,1,HIGH,-395.6328143847801,-0.7597039071125806,-1.119523910442176
33.32028074314052,1051.8005664429372,9.14769257395892,98.49509039688887,837.6000386461343,985.6361929409343,0,LOW,194.68123979736527,0.5691233789237486,-0.8056054139232813
34.781104021258045,2116.7221035346497,79.07852862204852,96.76181072344136,2040.3765212211622,1887.489270255045,0,MEDIUM,1064.9215370917125,-1.7332796734475124,1.4608232781175232
35.22262050048497,1246.989786831821,21.58465600100409,98.16258883682451,1263.9917269635284,1396.1836161480635,0,MEDIUM,-869.7323167028287,1.4007781133831543,0.4415164792269266
33.86217793741705,2749.2830912493755,152.02053167306767,95.53095391230413,2768.6750580006765,2677.4055789034683,1,HIGH,1502.2933044175545,-2.631634924520384,-1.3604425630679202
35.10733633936425,2004.600459747534,214.25475672277307,96.0928690662603,2034.1890765912417,2126.5846630569567,1,HIGH,-744.6826315018416,0.5619151539561784,1.2451584019472008
32.9493214279117,2029.252794189214,59.341283124099846,95.98981066524058,1968.3820014160585,1847.422207403547,0,MEDIUM,24.65233444168007,-0.10305840101972308,-2.158014911452554
33.2639674462554,2373.1117725315125,190.79860743976352,97.82154749974056,2340.359995729302,2487.6807780849304,1,HIGH,343.85897834229854,1.8317368344999778,0.31464601834370143
34.86716833647725,207.28738625234837,236.05569869646658,98.88409055892876,304.4608035067827,491.2066148165386,1,HIGH,-2165.824386279164,1.0625430591882008,1.6032008902218493
34.977733505081055,1114.0549531063302,9.078063903806541,99.70984107990796,1345.0673488265006,1305.683078628217,0,LOW,906.7675668539819,0.8257505209791987,0.11056516860380583
33.96099806822059,821.4191469965308,136.08127227846356,98.09491588418933,817.5605738506242,835.8214091526414,1,MEDIUM,-292.63580610979943,-1.6149251957186266,-1.0167354368604649
34.554014905134316,1672.7586564175228,174.225761254423,97.09690229879708,1784.0026512911736,1686.7227830951012,1,MEDIUM,851.339509420992,-0.9980135853922576,0.5930168369137263
33.31567065876907,622.3512060384136,34.037268918384,98.16460173105018,521.5537258643548,709.9467438858176,0,LOW,-1050.4074503791094,1.0676994322531073,-1.2383442463652443
34.67337115099127,1725.4975585868578,141.61156496798588,98.45613655220633,1645.2097677088282,1655.2886736508633,1,MEDIUM,1103.1463525484442,0.2915348211561479,1.3577004922222002
35.57980280061168,2938.746670575654,19.35652669979723,97.2244019269879,2888.8273758048017,2926.354135952298,0,HIGH,1213.2491119887964,-1.2317346252184365,0.9064316496204086
34.20818281952488,687.8545739305627,44.97949327915605,95.53093483685922,914.7233266140441,789.2484765121075,0,MEDIUM,-2250.8920966450914,-1.693467090128678,-1.371619981086802
33.81113309326268,2007.712156403156,261.7805758517861,97.46184454481975,1973.2479556894675,2118.3453915680984,1,HIGH,1319.8575824725935,1.930909707960538,-0.39704972626219615
35.100863751421265,2577.110860525232,192.0585441852186,99.38480705348887,2500.8115200839748,2538.98032079625,1,HIGH,569.398704122076,1.9229625086691158,1.2897306581585823
35.02825752717129,2999.8453864602184,285.16947007380355,95.32371658930238,3055.0042642482936,2973.3155049421516,1,HIGH,422.7345259349863,-4.061090464186492,-0.07260622424997365
33.79572582403594,2283.3090224361376,183.39935745212975,95.54658372018497,2141.086765689619,2108.6431710443985,1,HIGH,-716.5363640240807,0.2228671308825909,-1.2325317031353507
34.66184319301578,1755.2639029685988,143.03361146259428,97.19883147816681,2006.043666992461,1567.0980994260324,1,MEDIUM,-528.0451194675388,1.65224775798184,0.866117368979836
34.90111824724019,0.0,213.4819567207621,100.0,-12.014752429149638,46.40190281776736,1,HIGH,-1755.2639029685988,2.8011685218331905,0.23927505422441442
34.39856122659947,2284.673755536671,115.98943436808536,95.60362376952148,2105.606895744612,2318.3070596750317,0,MEDIUM,2284.673755536671,-4.396376230478523,-0.5025570206407224
34.330460948908296,735.9205229699905,49.85220394937201,98.83637629151063,460.60946046242435,813.7351899662996,0,LOW,-1548.7532325666803,3.2327525219891555,-0.06810027769117255
32.6799047983952,1134.7380493329615,246.67227353663253,100.0,1051.5595640569468,1381.8744011062129,1,HIGH,398.81752636297097,1.163623708489368,-1.650556150513097
34.55898096981898,1737.8513950125619,87.49403057592149,96.67519951645608,1745.404485771532,1635.056507350628,0,MEDIUM,603.1133456796003,-3.3248004835439247,1.8790761714237831
34.62134962492247,414.5148761299743,43.27842052905483,98.11995540849232,241.8771790764987,571.1527154181613,0,LOW,-1323.3365188825876,1.444755892036241,0.06236865510349077
33.15467238183662,0.0,286.43319596552146,100.0,136.40665398933078,-175.58278746063974,1,HIGH,-414.5148761299743,1.8800445915076835,-1.4666772430858543
33.1306395651657,1975.9590115176666,94.86093978049135,99.57135963408008,2013.8668802995762,2093.423266138738,0,MEDIUM,1975.9590115176666,-0.42864036591991805,-0.02403281667091761
34.407554025697955,1351.8284047730253,210.0323531259008,97.4918098133233,1349.0021501445967,1216.0754892376501,1,HIGH,-624.1306067446412,-2.0795498207567817,1.2769144605322538
34.69267631466405,1186.6787042823337,9.634285819775474,97.5832450824801,1241.374570791616,1154.8956625505668,0,LOW,-165.14970049069166,0.09143526915680411,0.28512228896609315
33.77730827562378,189.99960451154683,13.394961635481824,100.0,219.77008227759933,73.48400996420169,0,LOW,-996.6790997707868,2.4167549175198957,-0.915368039040267
